word,base
abiliana,abily
fiabiliana,abily
fiabily,abily
habiliana,abily
iabiliana,abily
miabily,abily
mpiabily,abily
aboabo,abo
aboina,abo
aboñabo,abo
fanabo,abo
haabo,abo
haboa,abo
haboana,abo
habosana,abo
mahaabo,abo
manabo,abo
miabo,abo
mihaabo,abo
piabo,abo
aboaboina,aboabo
anaboaboana,aboabo
fanaboabo,aboabo
fanaboaboana,aboabo
fiaboabo,aboabo
fiaboaboana,aboabo
iaboaboana,aboabo
manaboabo,aboabo
miaboabo,aboabo
mihaboabo,aboabo
mpanaboabo,aboabo
mpiaboabo,aboabo
piaboabo,aboabo
voaboabo,aboabo
aboboina,abobo
mañabobo,abobo
abonibony,abony
abonina,abony
anaboniana,abony
fanaboniana,abony
fanabony,abony
mahabony,abony
mampanabony,abony
manabony,abony
mifanabony,abony
mpanabony,abony
voabony,abony
abosina,abosy
anabosiana,abosy
fanabosiana,abosy
fanabosy,abosy
mahabosy,abosy
manabosy,abosy
mpanabosy,abosy
voabosy,abosy
abiaby,aby
aada,ada
fiadaña,ada
mampiada,ada
miada,ada
mihamiada,ada
piada,ada
adaladala,adala
adalaina,adala
adalana,adala
ampanadala,adala
anadalana,adala
ankadala,adala
fahadalana,adala
fanadala,adala
fanadalana,adala
fankadala,adala
fiadala,adala
fiadalana,adala
fihadala,adala
hadala,adala
hadalana,adala
iadalana,adala
mahadala,adala
mampiadala,adala
mampihadala,adala
manadala,adala
mankadala,adala
miadala,adala
mifankadala,adala
mihadala,adala
mpanadala,adala
mpiadala,adala
pañadala,adala
pifañadala,adala
voaadala,adala
voadala,adala
adaladalaina,adaladala
fahadaladalana,adaladala
fiadaladalana,adaladala
hadaladalana,adaladala
iadaladalana,adaladala
kiadaladala,adaladala
mahadaladala,adaladala
miadaladala,adaladala
adanadana,adana
adanina,adana
ampiadanina,adana
anadanana,adana
fiadana,adana
fiadanana,adana
iadanana,adana
mahafiadana,adana
mampiadana,adana
manadana,adana
miadana,adana
mpiadana,adana
tafaadana,adana
fanadanadanana,adanadana
miadanadana,adanadana
manadary,adary
adidina,adidy
anadidiana,adidy
fanadidiana,adidy
fanadidy,adidy
fiadidiana,adidy
fiadidy,adidy
iadidiana,adidy
mampanadidy,adidy
mampifanadidy,adidy
manadidy,adidy
miadidy,adidy
mifanadidy,adidy
mpanadidy,adidy
mpiadidy,adidy
adinadina,adina
adinina,adina
anadinana,adina
fanadina,adina
fanadinana,adina
madina,adina
mampanadina,adina
mampifanadina,adina
manadina,adina
miadina,adina
mifanadina,adina
mpanadina,adina
mpiadina,adina
voadina,adina
ampiaiñe,adisy
miado,ado
aadokadoka,adokadoka
fiadokadohana,adokadoka
fiadokadoka,adokadoka
iadokadohana,adokadoka
miadokadoka,adokadoka
mpiadokadoka,adokadoka
adonadonana,adonadona
adonadonina,adonadona
fiadonadona,adonadona
fiadonadonana,adonadona
iadonadonana,adonadona
miadonadona,adonadona
mpiadonadona,adonadona
adraina,adra
fiadrana,adra
fiadrà,adra
iadrana,adra
mampiadrà,adra
miadrà,adra
mpiadrà,adra
miadrao,adrao
adiady,ady
adivina,ady
adiñe,ady
ampiadiana,ady
ampiadina,ady
fampiadiana,ady
fiadiana,ady
fiadina,ady
fiady,ady
iadiana,ady
mahady,ady
mampiady,ady
mampifanady,ady
miady,ady
mifampiady,ady
mifanady,ady
mpampiady,ady
mpiady,ady
pañady,ady
voaady,ady
fiafa,afa
fiafana,afa
iafana,afa
miafa,afa
miafana,afa
afahana,afaka
afahina,afaka
afakafaka,afaka
ahafahana,afaka
anafahana,afaka
fahafahana,afaka
fanafahana,afaka
fanafaka,afaka
iafahana,afaka
mahafaka,afaka
mampanafaka,afaka
mampifanafaka,afaka
manafaka,afaka
miafaka,afaka
mifanafaka,afaka
mpanafaka,afaka
mahaafake,afake
mampañafake,afake
miafake,afake
mifañafake,afake
mihaafake,afake
pañafake,afake
piafake,afake
pifañafake,afake
afanana,afana
anafanana,afana
fanafana,afana
fanafanana,afana
fiafanana,afana
iafanana,afana
mampanafana,afana
mampifanafana,afana
manafana,afana
mifanafana,afana
mpanafana,afana
voafana,afana
afatrafatra,afatra
anafatrafarana,afatrafatra
fiafatrafarana,afatrafatra
fiafatrafatra,afatrafatra
iafatrafarana,afatrafatra
manafatrafatra,afatrafatra
miafatrafatra,afatrafatra
mpiafatrafatra,afatrafatra
aferafera,afera
afenina,afina
afinafina,afina
anafenana,afina
fanafenana,afina
fanafina,afina
fiafenana,afina
fiafina,afina
iafenana,afina
mahafina,afina
mampanafina,afina
mampiafina,afina
mampifanafina,afina
manafina,afina
miafina,afina
mifanafina,afina
mpanafina,afina
mpiafina,afina
voafina,afina
afinafenina,afinafina
miafinafina,afinafina
aferina,afitra
afitrafitra,afitra
anaferana,afitra
fiaferana,afitra
fiafitra,afitra
iaferana,afitra
mahafitra,afitra
mampiafitra,afitra
manafitra,afitra
miafitra,afitra
mpiafitra,afitra
voafitra,afitra
kiafoafo,afo
fafokafohana,afokafoka
fiafokafohana,afokafoka
fiafokafoka,afokafoka
miafokafoka,afokafoka
mpiafokafoka,afokafoka
afonina,afona
anafonana,afona
iafonana,afona
manafona,afona
miafona,afona
fiafonafona,afonafona
fiafonafonana,afonafona
iafonafonana,afonafona
miafonafona,afonafona
mpiafonafona,afonafona
afovoanina,afovoany
anafovoanana,afovoany
fanafovoanana,afovoany
fanafovoany,afovoany
manafovoany,afovoany
miafy,afy
ahanahana,ahana
anahanana,ahana
fanahana,ahana
fanahanana,ahana
fiahana,ahana
fiahanana,ahana
iahanana,ahana
manahana,ahana
miahana,ahana
mpanahana,ahana
mpiahana,ahana
tafahana,ahana
ahanahanina,ahanahana
fiahanahana,ahanahana
fiahanahanana,ahanahana
iahanahanana,ahanahana
miahanahana,ahanahana
miahao,ahao
miahatra,ahatra
fañahe,ahe
mahemahe,ahe
mampiaheahe,ahe
anahinahiana,ahiahy
iahiahiana,ahiahy
mampiahiahy,ahiahy
mpiahiahy,ahiahy
ahiahina,ahiahy
ahihina,ahiahy
fiahiahiana,ahiahy
fiahiahy,ahiahy
mampanahiahy,ahiahy
manahinahy,ahiahy
miahiahy,ahiahy
ahoaho,aho
ahoina,aho
ahoizana,aho
ahoahoina,ahoaho
fiahoahoana,ahoaho
iahoahoana,ahoaho
miahoaho,ahoaho
mpiahoaho,ahoaho
manahoaho,ahoaho
manahoana,ahoana
manaholo,aholo
mampanahona,ahona
mampifanahona,ahona
mifanahona,ahona
ahonahona,ahona
anahonana,ahona
fanahona,ahona
fanahonana,ahona
fiahona,ahona
fiahonana,ahona
iahonana,ahona
mahahona,ahona
manahona,ahona
miahona,ahona
mpanahona,ahona
mpiahona,ahona
tafahona,ahona
iahonahonana,ahonahona
miahonahona,ahonahona
ahorina,ahotra
ahotrahotra,ahotra
fiahorana,ahotra
fiahotra,ahotra
iahorana,ahotra
mahahotra,ahotra
miahotra,ahotra
mpiahotra,ahotra
tafahotra,ahotra
voahotra,ahotra
fiahotrahorana,ahotrahotra
miahotrahotra,ahotrahotra
iahiana,ahy
ahiahy,ahy
ahina,ahy
anahiana,ahy
fanahiana,ahy
fanahy,ahy
fiahiana,ahy
fiahy,ahy
manahy,ahy
miahy,ahy
mpanahy,ahy
mpiahy,ahy
voahy,ahy
aihina,aika
aikaika,aika
anaihana,aika
fanaihana,aika
fanaika,aika
fiaihana,aika
fiaika,aika
iaihana,aika
mahaika,aika
maika,aika
mampanaika,aika
mampifanaika,aika
manaika,aika
miaika,aika
mifanaika,aika
mpanaika,aika
mpiaika,aika
tafaika,aika
voaika,aika
ampifanaikena,aiky
anaikena,aiky
fanaikena,aiky
fanaiky,aiky
fiaikena,aiky
fiaiky,aiky
fifanaikena,aiky
iaikena,aiky
ifanaikena,aiky
mampiaiky,aiky
mampifanaiky,aiky
manaiky,aiky
miaiky,aiky
mifanaiky,aiky
mpanaiky,aiky
mpiaiky,aiky
voaiky,aiky
iainkiainana,aina
ifampiaiña,aina
ainaina,aina
fampiainana,aina
fampiaiña,aina
fiaina,aina
fiainana,aina
iainana,aina
mahaina,aina
mampiaina,aina
miaina,aina
mpiaina,aina
miainaina,ainaina
aingainga,ainga
mampanainga,ainga
mampifanainga,ainga
aingaina,ainga
anaingana,ainga
fanainga,ainga
fanaingana,ainga
fiainga,ainga
fiaingana,ainga
iaingana,ainga
ingaina,ainga
manainga,ainga
miainga,ainga
mifanainga,ainga
mpanainga,ainga
mpiainga,ainga
tafaainga,ainga
voainga,ainga
aingaingaina,aingainga
aingaingana,aingainga
fiaingaingana,aingainga
mpiaingiaingy,aingiaingy
miaingiaingy,aingiaingy
aainginaingina,ainginaingina
fanainginaingina,ainginaingina
fiainginaingenana,ainginaingina
fiainginaingina,ainginaingina
iainginaingenana,ainginaingina
manainginaingina,ainginaingina
miainginaingina,ainginaingina
mpanainginaingina,ainginaingina
mpiainginaingina,ainginaingina
tafaainginaingina,ainginaingina
aingitraingitra,aingitra
fiaingitra,aingitra
miaingitra,aingitra
mpiaingitra,aingitra
miaingitraingitra,aingitraingitra
añairañana,airaña
mañairaña,airaña
fiaisiaisiana,aisiaisy
fiaisiaisy,aisiaisy
iaisiaisiana,aisiaisy
miaisiaisy,aisiaisy
mpiaisiaisy,aisiaisy
aisorina,aisotra
anaisorana,aisotra
iaisorana,aisotra
manaisotra,aisotra
miaisotra,aisotra
voaisotra,aisotra
aisiaisy,aisy
manaito,aito
mankaivana,aivana
anamaivohana,aivoka
fanamaivohana,aivoka
fanamaivoka,aivoka
maivoka,aivoka
manaivoka,aivoka
mpanamaivoka,aivoka
mankaiza,aiza
taiza,aiza
anaizanana,aizana
fanaizana,aizana
fanaizanana,aizana
manaizana,aizana
mifanaizana,aizana
fihamaizinana,aizina
mampanaizina,aizina
mifanaizina,aizina
aizinina,aizina
fanaizina,aizina
maizina,aizina
manaizina,aizina
voaizina,aizina
maizy,aizy
manamaizy,aizy
manajima,ajima
manjima,ajima
mahajo,ajo
fiajokajohana,ajokajoka
fiajokajoka,ajokajoka
iajokajohana,ajokajoka
miajokajoka,ajokajoka
mpiajokajoka,ajokajoka
haka,aka
mampaka,aka
mampanaka,aka
mampifanaka,aka
mampivanaka,aka
mifañampaka,aka
akana,aka
ampakana,aka
faka,aka
fakana,aka
maka,aka
mifampaka,aka
mpaka,aka
mifanakaikikaiky,akaikikaiky
akaikena,akaiky
akaikezina,akaiky
akaikikaiky,akaiky
ampifanakaikezina,akaiky
anakaikezana,akaiky
fanakaikezana,akaiky
fanakaiky,akaiky
fifanakaikezana,akaiky
mampifanakaiky,akaiky
manakaiky,akaiky
mifanakaiky,akaiky
mihakaiky,akaiky
mpanakaiky,akaiky
voakaiky,akaiky
fiakakana,akakà
fiakakà,akakà
iakakana,akakà
miakakà,akakà
mpiakakà,akakà
anakalanana,akalana
akalanina,akalana
manakalana,akalana
voakalana,akalana
akanakana,akana
miakana,akana
tafakana,akana
akanakanina,akanakana
fiakanakana,akanakana
fiakanakanana,akanakana
iakanakanana,akanakana
miakanakana,akanakana
mpiakanakana,akanakana
tafakanakana,akanakana
akangaina,akanga
akangakanga,akanga
anakangana,akanga
fanakanga,akanga
fanakangana,akanga
fiakanga,akanga
fiakangana,akanga
iakangana,akanga
mampanakanga,akanga
manakanga,akanga
miakanga,akanga
mifanakanga,akanga
mpanakanga,akanga
mpiakanga,akanga
akanjoana,akanjo
akanjoina,akanjo
akanjokanjo,akanjo
ampiakanjoana,akanjo
ampiakanjoina,akanjo
anakanjoana,akanjo
fanakanjo,akanjo
fanakanjoana,akanjo
fiakanjo,akanjo
fiakanjoana,akanjo
iakanjoana,akanjo
mahakanjo,akanjo
mampiakanjo,akanjo
manakanjo,akanjo
miakanjo,akanjo
mpanakanjo,akanjo
mpiakanjo,akanjo
pampiakanjo,akanjo
piakanjo,akanjo
tafakanjo,akanjo
voakanjo,akanjo
mifañakany,akany
ampiakarana,akatra
ampiakarina,akatra
mampakatra,akatra
akarina,akatra
ampakarana,akatra
ampakarina,akatra
ampimakarina,akatra
fampakarana,akatra
fiakarana,akatra
fiakatra,akatra
iakarana,akatra
mampiakatra,akatra
miakatra,akatra
mpampakatra,akatra
mpiakatra,akatra
tafakatra,akatra
voakatra,akatra
voampakatra,akatra
mañakatry,akatry
aakatse,akatse
mahakatse,akatse
mampiakatse,akatse
mañakatse,akatse
miakatse,akatse
mihamiakatse,akatse
pañakatse,akatse
piakatse,akatse
tafakatse,akatse
voaakatse,akatse
mekañy,akañy
fiake,ake
mampiake,ake
miake,ake
anakekena,akeky
akekena,akeky
akekezina,akeky
akekikeky,akeky
ampifanakekezina,akeky
anakekezana,akeky
fanakekena,akeky
fanakekezana,akeky
fanakeky,akeky
mampanakeky,akeky
mampifanakeky,akeky
manakeky,akeky
mifanakeky,akeky
mihakeky,akeky
mpanakeky,akeky
voakeky,akeky
mampiakenje,akenje
miakenje,akenje
piakenje,akenje
voaekenje,akenje
miakisakisa,akisa
akisakisa,akisa
akoako,ako
anakoana,ako
fanako,ako
fanakoana,ako
manako,ako
miako,ako
fanakoakoana,akoako
manakoako,akoako
manakofa,akofa
akoraina,akora
anakorana,akora
fanakora,akora
fanakorana,akora
mahakora,akora
mampanakora,akora
mampifanakora,akora
manakora,akora
mifanakora,akora
mpanakora,akora
voakora,akora
akoriasaina,akoriasa
anakoriasana,akoriasa
fanakoriasana,akoriasa
fiakoriasana,akoriasa
iakoriasana,akoriasa
manakoriasa,akoriasa
miakoriasa,akoriasa
mikoriasa,akoriasa
makotra,akotra
akotsoina,akotso
anakotsoana,akotso
manakotso,akotso
miakotso,akotso
voakotso,akotso
akaina,akà
akakà,akà
akavina,akà
anakana,akà
anakavana,akà
fanakana,akà
fanakavana,akà
fanakà,akà
fiakavana,akà
fiakà,akà
iakavana,akà
manakà,akà
miakà,akà
mpanakà,akà
mpiakà,akà
alamenga,ala
ifanalana,ala
mianala,ala
mpianala,ala
alaina,ala
alana,ala
ampangala,ala
ampañalaina,ala
ampiala,ala
analana,ala
angalana,ala
fampangala,ala
fampiala,ala
fanala,ala
fanalana,ala
fangalàna,ala
fiala,ala
fialana,ala
fifanalana,ala
ialana,ala
mampañala,ala
mampiala,ala
manala,ala
miala,ala
mifanala,ala
mihamiala,ala
mpanala,ala
mpiala,ala
pangala,ala
piala,ala
voala,ala
aladirina,aladitra
ahalahelorana,alahelo
alahelohelo,alahelo
alahelovana,alahelo
ampalahelovana,alahelo
ampalahelovina,alahelo
fahalahelovana,alahelo
falahelo,alahelo
falahelovana,alahelo
mafalahelo,alahelo
mahafalahelo,alahelo
mahalahelo,alahelo
malahelo,alahelo
mampalahelo,alahelo
mifampalahelo,alahelo
palahelo,alahelo
malahelohelo,alahelohelo
alafana,alaka
falaka,alaka
malaka,alaka
mpalaka,alaka
mialaka,alaka
alakamoina,alakamo
alakasina,alakasy
aalalana,alalana
alalanina,alalana
analalanana,alalana
fanalalana,alalana
fanalalanana,alalana
mampanalalana,alalana
mampifanalalana,alalana
manalalana,alalana
mifanalalana,alalana
mpanalalana,alalana
voalalana,alalana
alanalanina,alanalana
analanalanana,alanalana
fanalanalana,alanalana
fanalanalanana,alanalana
fialanalana,alanalana
fialanalanana,alanalana
ialanalanana,alanalana
manalanalana,alanalana
mialanalana,alanalana
mpanalanalana,alanalana
mpialanalana,alanalana
voalanalana,alanalana
Talaotra,alaotra
mañale,ale
miale,ale
mihaale,ale
alikaina,alika
alikalika,alika
analikana,alika
fanalikana,alika
fifañalika,alika
mahaalika,alika
mahalika,alika
mampanalika,alika
mampifañalika,alika
manalika,alika
mifañalika,alika
mpanalika,alika
pañalika,alika
voafañalika,alika
fanalika,alika
fialika,alika
fanalikalikana,alikalika
fialikalihana,alikalika
fialikalika,alikalika
fialikalikana,alikalika
ialikalihana,alikalika
ialikalikana,alikalika
mahalikalika,alikalika
mialikalika,alikalika
mialikalìka,alikalika
mihalikalika,alikalika
mpialikalika,alikalika
voalikalika,alikalika
mialimbolo,alimbolo
alinina,alina
fanalina,alina
fanalinana,alina
mahalina,alina
mpanalina,alina
tsialinalina,alina
alinalina,alina
analinana,alina
fahalemana,alina
fialemana,alina
fialina,alina
fialinana,alina
halemana,alina
ialemana,alina
ialinana,alina
lahalina,alina
mampanalina,alina
mampifanalina,alina
manalina,alina
mialina,alina
mifanalina,alina
mihalina,alina
mpialina,alina
nankalina,alina
alinalemina,alinalina
alinalinina,alinalina
analinalinana,alinalina
manalinalina,alinalina
kialo,alo
alozina,alo
analozana,alo
fanalozana,alo
fialo,alo
fialozana,alo
ialozana,alo
manalo,alo
mialo,alo
mpanalo,alo
mpialo,alo
voalo,alo
mampialo,alo
mifampialo,alo
pialo,alo
pifampialo,alo
fanalohany,aloha
taloha,aloha
alohaloha,aloha
analohana,aloha
angaloha,aloha
fanaloha,aloha
fanalohana,aloha
fialoha,aloha
ialohana,aloha
mahaloha,aloha
mampañaloha,aloha
manaloha,aloha
mihaaloha,aloha
mpanaloha,aloha
mpialoha,aloha
pañaloha,aloha
pialoha,aloha
voaloha,aloha
voalohany,aloha
mampanaloka,aloka
mampifanaloka,aloka
mifanaloka,aloka
aaloka,aloka
alofana,aloka
alokaloka,aloka
analofana,aloka
fanalofana,aloka
fialofana,aloka
fialoka,aloka
ialofana,aloka
maloka,aloka
manaloka,aloka
mialoka,aloka
mpanaloka,aloka
mpialoka,aloka
tafaloka,aloka
voaloka,aloka
alokalofana,alokaloka
ialokalofana,alokaloka
mialokaloka,alokaloka
aaloke,aloke
faaloke,aloke
mahaaloke,aloke
maloke,aloke
mampialoke,aloke
mañaloke,aloke
mialoke,aloke
mihamaloke,aloke
pialoke,aloke
pifampialoke,aloke
voaaloke,aloke
alonina,alona
fialona,alona
fialonana,alona
ialonana,alona
mampialona,alona
mialona,alona
mifampialona,alona
mpialona,alona
analonana,alona
fanalona,alona
fanalonana,alona
manalona,alona
mampialotra,alotra
mañalotry,alotry
mialotry,alotry
fanamalona,amalona
manamalona,amalona
mpanamalona,amalona
miamanamana,amanamana
amaniana,amany
famaniana,amany
famany,amany
mamany,amany
mampamany,amany
mifamany,amany
mpamany,amany
pamany,amany
voamany,amany
amatomato,amato
anamatosana,amato
manamato,amato
piamato,amato
ambakavaka,ambaka
mampifanambaka,ambaka
ambakaina,ambaka
anambakana,ambaka
fambaka,ambaka
fanambaka,ambaka
fanambakana,ambaka
fifañambaka,ambaka
mampañambaka,ambaka
manambàka,ambaka
mifañambaka,ambaka
mpanambaka,ambaka
pañambaka,ambaka
pifañambaka,ambaka
voambaka,ambaka
miambakambaka,ambakambaka
miambakavaka,ambakavaka
ambalambala,ambala
ambalambalaina,ambalambala
fiambalambala,ambalambala
fiambalambalana,ambalambala
iambalambalana,ambalambala
miambalambala,ambalambala
mpiambalambala,ambalambala
mampanambana,ambana
mampifanambana,ambana
mifanambana,ambana
ambanambana,ambana
ambanana,ambana
anambanana,ambana
fanambana,ambana
fanambanana,ambana
mahambana,ambana
manambana,ambana
mpanambana,ambana
voambana,ambana
mahambane,ambane
mampañambane,ambane
mampiambane,ambane
mañambane,ambane
miambane,ambane
mifampañambane,ambane
mifañambane,ambane
mihaambane,ambane
mihambane,ambane
pañambane,ambane
piambane,ambane
pifampañambane,ambane
pifañambane,ambane
voambane,ambane
iambaniana,ambany
ambanimbany,ambany
ambanina,ambany
anambaniana,ambany
fahambaniana,ambany
fanambaniana,ambany
mahambany,ambany
mampanambany,ambany
mampifanambany,ambany
manambany,ambany
miambany,ambany
mifanambany,ambany
mpanambany,ambany
tambany,ambany
voambany,ambany
ambarambara,ambara
ampañambara,ambara
anambarana,ambara
fambara,ambara
fampañambara,ambara
fanambara,ambara
fanambarana,ambara
fifañambara,ambara
mampañambara,ambara
mampifanambara,ambara
manambara,ambara
mifampañambara,ambara
mifañambara,ambara
mpanambara,ambara
pañambara,ambara
pifampañambara,ambara
pifañambara,ambara
voambara,ambara
ambarakariva,ambaraka
ambatrambatra,ambatra
fiambarana,ambatra
fiambatra,ambatra
iambarana,ambatra
miambatra,ambatra
mpiambatra,ambatra
miambatrambatra,ambatrambatra
aambe,ambe
faambe,ambe
mahambe,ambe
mampiambe,ambe
miambe,ambe
mifampiambe,ambe
mihamiambe,ambe
piambe,ambe
pifampiambe,ambe
voaambe,ambe
ambezoina,ambezo
fiambezo,ambezo
fiambezoana,ambezo
iambezoana,ambezo
mahambezo,ambezo
miambezo,ambezo
mpiambezo,ambezo
tambezo,ambezo
mañambia,ambia
ambinambina,ambina
ambenana,ambina
fiambenana,ambina
fiambina,ambina
iambenana,ambina
mampanambina,ambina
mampiambina,ambina
mampifanambina,ambina
miambina,ambina
mifampiambina,ambina
mpiambina,ambina
voambina,ambina
ambinina,ambina
anambinana,ambina
fanambina,ambina
fanambinana,ambina
manambina,ambina
mifanambina,ambina
mpanambina,ambina
ambontana,ambo
haambo,ambo
hambosana,ambo
mampanamboa,amboa
mampifanamboa,amboa
mifanamboa,amboa
amboamboa,amboa
amboazina,amboa
anamboazana,amboa
fanamboa,amboa
fanamboazana,amboa
manamboa,amboa
mpanamboa,amboa
mahamboa,amboa
animboloana,ambolo
amboloina,ambolo
ambolombolo,ambolo
anamboloana,ambolo
fanambolo,ambolo
fanamboloana,ambolo
mahambolo,ambolo
manambolo,ambolo
manimbolo,ambolo
mpanambolo,ambolo
voambolo,ambolo
manambolombolo,ambolombolo
fanambonimboniana,ambonimbony
ambonivony,ambony
fiamboniana,ambony
iamboniana,ambony
mampanambony,ambony
mampifanambony,ambony
miambony,ambony
mifañambony,ambony
pañambony,ambony
pifañambony,ambony
mahaambony,ambony
ambonimbony,ambony
ambonina,ambony
anamboniana,ambony
fahamboniana,ambony
fahambony,ambony
fanamboniana,ambony
manambony,ambony
mpanambony,ambony
mampanambosy,ambosy
mampifanambosy,ambosy
mifanambosy,ambosy
ambosiana,ambosy
ambosina,ambosy
anambosiana,ambosy
fambosiana,ambosy
fambosy,ambosy
fanambosiana,ambosy
fanambosy,ambosy
mahambosy,ambosy
mambosy,ambosy
manambosy,ambosy
mpambosy,ambosy
mpanambosy,ambosy
voambosy,ambosy
mahamboze,amboze
mañamboze,amboze
pañamboze,amboze
ambiana,amby
ambakambàka,ambàka
fiambaka,ambàka
fiambakana,ambàka
iambakana,ambàka
miambaka,ambàka
mpiambàka,ambàka
miamitramy,amitramy
mahaamoke,amoke
miamoke,amoke
mihaamoke,amoke
miampaingo,ampaingo
mañampala,ampala
pañampala,ampala
mahaampala,ampala
mihampala,ampala
ampalesina,ampaly
ampalimpaly,ampaly
ampalina,ampaly
anampalesana,ampaly
anampaliana,ampaly
fanampalesana,ampaly
fanampaliana,ampaly
fanampaly,ampaly
mahampaly,ampaly
manampaly,ampaly
mpanampaly,ampaly
voampaly,ampaly
fiampanampanana,ampanampana
miampanampana,ampanampana
anampangana,ampanga
mampanampanga,ampanga
mampiampanga,ampanga
mampifanampanga,ampanga
mifampiampanga,ampanga
mifanampanga,ampanga
ampangaina,ampanga
fiampanga,ampanga
fiampangana,ampanga
iampangana,ampanga
mahampanga,ampanga
miampanga,ampanga
mpiampanga,ampanga
voampanga,ampanga
miampangalainga,ampangalainga
voampangalainga,ampangalainga
miampango,ampango
ampangorombary,ampangoro
famparana,ampatra
miampatrampatra,ampatra
aampatra,ampatra
amparina,ampatra
ampatrampatra,ampatra
anamparana,ampatra
fanamparana,ampatra
fanampatra,ampatra
fiamparana,ampatra
fiampatra,ampatra
iamparana,ampatra
lampatra,ampatra
manampatra,ampatra
miampatra,ampatra
mpanampatra,ampatra
mpiampatra,ampatra
voampatra,ampatra
aampatse,ampatse
faampatse,ampatse
fiampatse,ampatse
kiampatse,ampatse
mahaampatse,ampatse
mampiampatse,ampatse
mañampatse,ampatse
miampatse,ampatse
mihamiampatse,ampatse
pañampatse,ampatse
piampatse,ampatse
voaampatse,ampatse
fañampe,ampe
mahampe,ampe
mampañampe,ampe
mampifañampe,ampe
mañampe,ampe
miampe,ampe
mifañampe,ampe
mihaampe,ampe
pañampe,ampe
pifañampe,ampe
mahaampela,ampela
ampifina,ampify
anampifiana,ampify
fanampifiana,ampify
fanampify,ampify
fiampifiana,ampify
fiampify,ampify
iampifiana,ampify
manampify,ampify
miampify,ampify
mpanampify,ampify
mpiampify,ampify
tafampify,ampify
voampify,ampify
iampirimana,ampirina
ampirimana,ampirina
ampirimina,ampirina
ampirinana,ampirina
ampirinina,ampirina
anampirimana,ampirina
fampirimana,ampirina
fampirina,ampirina
fanampirimana,ampirina
fanampirina,ampirina
fiampirina,ampirina
mahampirina,ampirina
mampirina,ampirina
manampirina,ampirina
miampirina,ampirina
mimpirina,ampirina
mpampirina,ampirina
mpanampirina,ampirina
mpiampirina,ampirina
voampirina,ampirina
iampirana,ampitra
miampitra,ampitra
tafampitra,ampitra
mahaampo,ampo
anampoizana,ampo
mahampo,ampo
mihaampo,ampo
ampoasaina,ampoasa
ampoasana,ampoasa
anampoasana,ampoasa
fampoasa,ampoasa
fampoasana,ampoasa
fanampoasa,ampoasa
fanampoasana,ampoasa
mampoasa,ampoasa
manampoasa,ampoasa
mpampoasa,ampoasa
mpanampoasa,ampoasa
voampoasa,ampoasa
ampofoina,ampofo
fiampofoana,ampofo
iampofoana,ampofo
mahampofo,ampofo
mpiampofo,ampofo
voampofo,ampofo
ampohana,ampoka
anampohana,ampoka
fiampoka,ampoka
mahampoka,ampoka
miampoka,ampoka
voampoka,ampoka
ampomboina,ampombo
anampongana,amponga
mampanamponga,amponga
mampifanamponga,amponga
mifanamponga,amponga
ampongaina,amponga
manamponga,amponga
fanampiny,ampy
fifanampiana,ampy
iampiana,ampy
mifanampy,ampy
ampiana,ampy
anampiana,ampy
anampy,ampy
fahampiana,ampy
fanampiana,ampy
fanampy,ampy
ifanampiana,ampy
mahampy,ampy
manampy,ampy
miampy,ampy
mpanampy,ampy
mankamy,amy
anamiana,amy
fanamiana,amy
miana,ana
mianana,ana
pana,ana
fianadahiana,anadahy
ianadahiana,anadahy
mpianadahy,anadahy
anakanaka,anaka
ianahana,anaka
fananahana,anaka
fianahana,anaka
mianaka,anaka
mpianaka,anaka
kianakanaka,anakanaka
anakandroana,anakandro
anakandroina,anakandro
fianakaviana,anakavy
mianakavy,anakavy
mpianakavy,anakavy
ampianake,anake
mahanake,anake
mianake,anake
pianake,anake
mananganaky,anaky
mianaky,anaky
anamatavy,anana
anantaraona,anana
anantsaritaka,anana
anantsatria,anana
hanana,anana
ananana,anana
fanana,anana
fananana,anana
manana,anana
mpanana,anana
fifanandro,anandro
fifanandroana,anandro
ifanandroana,anandro
mifanandro,anandro
ianarana,anatra
ampianarana,anatra
ampianarina,anatra
ananarana,anatra
anarina,anatra
fampianarana,anatra
fampianatra,anatra
fananarana,anatra
fananatra,anatra
fianarana,anatra
fianatra,anatra
mampananatra,anatra
mampianatra,anatra
mampifananatra,anatra
mananatra,anatra
mianatra,anatra
mpampianatra,anatra
mpananatra,anatra
mpianatra,anatra
voanatra,anatra
ampañanatse,anatse
mampianatse,anatse
mianatse,anatse
mifampianatse,anatse
pampianatse,anatse
pañanatse,anatse
pianatse,anatse
pifampianatse,anatse
pifañanatse,anatse
voaanatse,anatse
anatsinomana,anatsimo
anatsinomina,anatsimo
fianatsimo,anatsimo
fianatsinomana,anatsimo
ianatsinomana,anatsimo
mianatsimo,anatsimo
mpianatsimo,anatsimo
anatiny,anaty
anavaratina,anavaratra
fianavaratra,anavaratra
ianavaratana,anavaratra
mianavaratra,anavaratra
mpianavaratra,anavaratra
andalasana,andala
anandalasana,andala
andalasina,andala
fanandalasana,andala
manandala,andala
anandalanana,andalana
andalandalana,andalana
andalanina,andalana
fanandalana,andalana
fanandalanana,andalana
fiandalana,andalana
fiandalanana,andalana
iandalanana,andalana
manandalana,andalana
miandalana,andalana
miandalandalana,andalandalana
iandaniana,andany
mampiandany,andany
miandany,andany
iandevozana,andevo
anandevozana,andevo
andevoina,andevo
andevozina,andevo
fahandevozana,andevo
fanandevo,andevo
fanandevozana,andevo
fiandevo,andevo
mahandevo,andevo
manandevo,andevo
miandevo,andevo
mifanandevo,andevo
mpanandevo,andevo
mpiandevo,andevo
ampandoana,ando
ampandoina,ando
andoando,ando
fampando,ando
fampandoana,ando
fiando,ando
hamandoa,ando
mahamando,ando
mahampando,ando
mampando,ando
mando,ando
mihamando,ando
mpampando,ando
mpiandoha,andoha
fandramanana,andra
andraina,andra
fiandra,andra
fiandrana,andra
iandrana,andra
mahandra,andra
miandra,andra
mpiandra,andra
tafaandra,andra
fiandraikitra,andraikitra
iandraiketana,andraikitra
miandraikitra,andraikitra
mpiandraikitra,andraikitra
miandraka,andraka
mandraka,andraka
andranandranina,andrana
fandrama,andrana
anandramana,andrana
andramana,andrana
fanandramana,andrana
fanandrana,andrana
fiandranandrana,andrana
fiandranandranana,andrana
mahandranandrana,andrana
manandrana,andrana
mpanandrana,andrana
voandrana,andrana
mitanandranandrana,andranandrana
iandranandranana,andranandrana
miandranandrana,andranandrana
mpiandranandrana,andranandrana
tafandranandrana,andranandrana
voandranandrana,andranandrana
anandrandra,andrandra
anandrandrana,andrandra
andrandraina,andrandra
fanandrandrana,andrandra
fiandrandra,andrandra
fiandrandrana,andrandra
iandrandrana,andrandra
mahandrandra,andrandra
manandrandra,andrandra
miandrandra,andrandra
mpanandrandra,andrandra
mpiandrandra,andrandra
voandrandra,andrandra
iandravana,andravana
fiandravana,andravana
fiandravanana,andravana
iandravanana,andravana
miandravana,andravana
mpiandravana,andravana
andrefandrefana,andrefana
ankandrefana,andrefana
handrendriana,andrendry
andriambavirano,andriana
andriambe,andriana
andrianafetrea,andriana
andrianakatrakatra,andriana
andrianamboambo,andriana
andrianamboninolona,andriana
andriandranando,andriana
andriantompombodivona,andriana
andriantompomenakely,andriana
anrianina,andriana
handrianana,andriana
anandrianana,andriana
andriandriana,andriana
andrianina,andriana
fahandrianana,andriana
fanandriana,andriana
fanandrianana,andriana
fiandriana,andriana
fiandrianana,andriana
mahandriana,andriana
mampanandriana,andriana
mampifanandriana,andriana
manandriana,andriana
miandriana,andriana
mifanandriana,andriana
mpanandriana,andriana
fiandriandriana,andriandriana
fiandriandrianana,andriandriana
iandriandrianana,andriandriana
manandriandriana,andriandriana
miandriandriana,andriandriana
mpiandriandriana,andriandriana
andrinina,andrina
ampandroana,andro
ampandroina,andro
androbake,andro
andromitaiky,andro
androtriny,andro
androtrizay,andro
androtry,andro
androtsaiky,andro
androvalaka,andro
mampandro,andro
tolakandro,andro
anandro,andro
anandroana,andro
fanandro,andro
fanandroana,andro
manandro,andro
mpanandro,andro
androana,andro
fandro,andro
fandroana,andro
mahampandro,andro
mandro,andro
tafandro,andro
voampandro,andro
anandrohana,androka
androhina,androka
manandroka,androka
anandrongoana,androngo
manandrongo,androngo
manandrovo,androvo
androvondrovo,androvo
fiandrovondrovoana,androvondrovo
iandrovondrovoana,androvondrovo
miandrovondrovo,androvondrovo
andriandry,andry
fampandriana,andry
fiandry,andry
fifampiandrasana,andry
tafandriana,andry
voandry,andry
fandry,andry
ampandriana,andry
andriana,andry
fandriana,andry
mampandry,andry
mandry,andry
mpandry,andry
tafandry,andry
andrasana,andry
andrazana,andry
fiandrasana,andry
iandrasana,andry
mahandry,andry
mampiandry,andry
miandry,andry
mifampiandry,andry
mpiandry,andry
voaandry,andry
mananga,anga
angadirapaka,angady
manangafo,angafo
angahaina,angaha
angalina,angaly
miangaly,angaly
mpiangaly,angaly
angambaina,angamba
ananganana,angana
hananganana,angana
mifanangana,angana
fiangana,angana
manangana,angana
miangana,angana
anganina,angana
mampananganga,anganga
mampifananganga,anganga
mifananganga,anganga
anangangana,anganga
angangaina,anganga
fananganga,anganga
fanangangana,anganga
fanganga,anganga
fianganga,anganga
fiangangana,anganga
iangangana,anganga
mananganga,anganga
mianganga,anganga
mpananganga,anganga
mpianganga,anganga
tafanganga,anganga
voanganga,anganga
anganoina,angano
anganongano,angano
fiangano,angano
fianganoana,angano
ianganoana,angano
manangano,angano
miangano,angano
mpiangano,angano
voaangano,angano
anganonganoina,anganongano
fiangarana,angatra
fiangatra,angatra
iangarana,angatra
miangatra,angatra
mpiangatra,angatra
angarina,angatra
manangatra,angatra
fiangaviana,angavy
fiangavy,angavy
iangaviana,angavy
miangavy,angavy
mpiangavy,angavy
voangavy,angavy
angazina,angazy
mampanangefa,angefa
mampifanangefa,angefa
mifanangefa,angefa
anangelingelena,angelingely
miangelongelona,angelongelona
iangelongelonana,angelongelona
angelingely,angely
angentsanina,angentsana
anangentsanana,angentsana
angentsanana,angentsana
angentsangentsana,angentsana
fanangentsana,angentsana
fanangentsanana,angentsana
fiangentsana,angentsana
fiangentsanana,angentsana
iangentsanana,angentsana
manangentsana,angentsana
miangentsana,angentsana
mpanangentsana,angentsana
mpiangentsana,angentsana
tafangentsana,angentsana
voangentsana,angentsana
angesongeso,angeso
angesoina,angeso
fiangeso,angeso
fiangesoana,angeso
iangesoana,angeso
miangeso,angeso
mpiangeso,angeso
angesongesoina,angesongeso
iangesongesoana,angesongeso
miangesongeso,angesongeso
fiangiangiana,angiangy
fiangiangy,angiangy
iangiangiana,angiangy
miangiangy,angiangy
mpiangiangy,angiangy
angitrangirina,angitrangitra
iangitrangirana,angitrangitra
angitrangirana,angitrangitra
angitrangitana,angitrangitra
fiangitrangitana,angitrangitra
fiangitrangitra,angitrangitra
iangitrangitana,angitrangitra
miangitrangitra,angitrangitra
mpiangitrangitra,angitrangitra
tafangitrangitra,angitrangitra
mahaango,ango
mihaango,ango
mafangoaiña,angoaiña
miangoango,angoango
fiangoango,angoango
fiangoangoana,angoango
iangoangoana,angoango
mpiangoango,angoango
anangolana,angola
angolaina,angola
angolangola,angola
angolangolaina,angola
iangolana,angola
manangola,angola
miangola,angola
miangolangola,angola
anangolangolana,angolangola
iangolangolana,angolangola
manangolangola,angolangola
mampanangoly,angoly
mampifanangoly,angoly
mifanangoly,angoly
voangoly,angoly
anangolena,angoly
angolena,angoly
fanangolena,angoly
fanangoly,angoly
manangoly,angoly
mpanangoly,angoly
mampiangona,angona
anangonana,angona
angonina,angona
fanangona,angona
fiangona,angona
fiangonana,angona
iangonana,angona
mahangona,angona
mampanangona,angona
mampifanangona,angona
manangona,angona
miangona,angona
mifanangona,angona
mpanangona,angona
mpiangona,angona
tafangona,angona
voangona,angona
anangongoana,angongo
anangongonana,angongo
fanangongo,angongo
fanangongonana,angongo
fiangongo,angongo
fiangongoana,angongo
iangongoana,angongo
manangongo,angongo
miangongo,angongo
mpanangongo,angongo
mpiangongo,angongo
angontsinana,angontsina
miangosoly,angosoly
iangotingotiana,angotingoty
miangotingoty,angotingoty
angotingoty,angoty
fiangotiana,angoty
fiangoty,angoty
iangotiana,angoty
miangoty,angoty
mpiangoty,angoty
mahangoze,angoze
mampañangoze,angoze
miangoze,angoze
pañangoze,angoze
voangoze,angoze
angivavy,angy
manangy,angy
voangy,angy
miangy,angy
ampianianana,aniana
ampianianina,aniana
mampianiana,aniana
mianiana,aniana
fianiana,aniana
fianianana,aniana
ianianana,aniana
mpianiana,aniana
fianiany,aniany
ianianiana,aniany
anianiany,aniany
mianiany,aniany
ananihana,anika
anihina,anika
fananihana,anika
fananika,anika
fianihana,anika
fianika,anika
iananihana,anika
ianihana,anika
mahanika,anika
mananika,anika
mianika,anika
mpananika,anika
mpianika,anika
tafanika,anika
voanika,anika
fianike,anike
kianike,anike
mahaanike,anike
mampañanike,anike
mianike,anike
mifañanike,anike
pañanike,anike
pianike,anike
voaanike,anike
animbalaka,anina
voampihanina,anina
aninanina,anina
fianina,anina
fianinana,anina
ianinana,anina
mianina,anina
mpianina,anina
tafanina,anina
voanina,anina
mianinanina,aninanina
aanja,anja
ampianja,anja
faanja,anja
fampianja,anja
fianja,anja
mahaanja,anja
mampañanja,anja
mampianja,anja
mianja,anja
mifañanja,anja
mihamianja,anja
pañanja,anja
pianja,anja
fianjadiana,anjady
fianjady,anjady
ianjadiana,anjady
mahanjady,anjady
mianjady,anjady
mpianjady,anjady
fianjaika,anjaika
fianjaikana,anjaika
ianjaikana,anjaika
mianjaika,anjaika
mpianjaika,anjaika
ananjaingana,anjaingy
anjaingaina,anjaingy
anjaingena,anjaingy
mananjaingy,anjaingy
voanjaingy,anjaingy
anjakanjaka,anjaka
ananjahana,anjaka
anjahina,anjaka
anjakanjahina,anjaka
mananjaka,anjaka
mananjakanjaka,anjaka
ananjakanjahana,anjakanjaka
mampianjake,anjake
mianjake,anjake
pianjake,anjake
anjananjana,anjana
anjananjanana,anjananjana
ananjanoana,anjano
anjanoina,anjano
mananjano,anjano
anjaramahazo,anjara
ampanje,anje
mampanje,anje
manje,anje
mihamanje,anje
panje,anje
mankanjefa,anjefa
miankanjefa,anjefa
ampanjo,anjo
ampianjo,anjo
mampanjo,anjo
panjo,anjo
anjoanina,anjoana
ianjonana,anjona
anjonanjona,anjona
mianjona,anjona
aanjonanjona,anjonanjona
fianjonanjonana,anjonanjona
ianjonanjonana,anjonanjona
mahanjonanjona,anjonanjona
mianjonanjona,anjonanjona
mpianjonanjona,anjonanjona
anjoronakoho,anjoro
ankandrefanina,ankandrefana
fiankandrefana,ankandrefana
fiankandrefanana,ankandrefana
iankandrefanana,ankandrefana
miankandrefana,ankandrefana
mpiankandrefana,ankandrefana
voaankandrefana,ankandrefana
mahankane,ankane
mampiankane,ankane
mañankane,ankane
mifampiankane,ankane
piankane,ankane
pifampiankane,ankane
miankany,ankany
faanke,anke
anankenjena,ankenjy
ankenjena,ankenjy
manankenjy,ankenjy
manankinaina,ankina
mpampiankina,ankina
aankina,ankina
anankinana,ankina
ankinankina,ankina
ankinina,ankina
fanankina,ankina
fanankinana,ankina
fiankina,ankina
fiankinana,ankina
iankinana,ankina
mahankina,ankina
mampanankina,ankina
mampifanankina,ankina
manankina,ankina
miankina,ankina
mifanankina,ankina
mpanankina,ankina
mpiankina,ankina
tafankina,ankina
voankina,ankina
anankoana,anko
ankoina,anko
mananko,anko
mianko,anko
anankolarana,ankolatra
manankolatra,ankolatra
ankolarina,ankolatra
mananky,anky
aanky,anky
ankianky,anky
mahaanky,anky
mampianky,anky
mianky,anky
mifampianky,anky
mihamianky,anky
pañanky,anky
pianky,anky
pifampianky,anky
noina,ano
ananovana,ano
anoina,ano
anovina,ano
manano,ano
mpanano,ano
ananoanoana,anoano
anoanoana,anoano
anoanoina,anoano
mananoano,anoano
kinanonanobe,anoano
kinoanoabe,anoano
anohina,anoka
ianohana,anoka
mianoka,anoka
mampananoloana,anoloana
mampifananoloana,anoloana
mifananoloana,anoloana
ananona,anona
mananona,anona
mihañona,anona
Ianona,anona
ananovina,anona
anonovina,anona
fananona,anona
mampananona,anona
mampifananona,anona
mifananona,anona
mpananona,anona
voaanona,anona
mananonanona,anonanona
ianonanonana,anonanona
mianonanona,anonanona
anorina,anotra
fianorana,anotra
fianotra,anotra
ianorana,anotra
mianotra,anotra
mpianotra,anotra
voanotra,anotra
mampiantafika,antafika
mifampiantafika,antafika
iantafihana,antafika
miantaha,antaha
anantanonana,antanona
antanonina,antanona
fanantanona,antanona
manantanona,antanona
antarajery,antara
antarantara,antara
antaravava,antara
anantefana,antefa
antefaina,antefa
manantefa,antefa
fiantefa,antefa
iantefana,antefa
miantefa,antefa
mpiantefa,antefa
fianteherana,antehitra
fiantehitra,antehitra
ianteherana,antehitra
miantehitra,antehitra
mpiantehitra,antehitra
antendrivary,antena
mampanantena,antena
mampifanantena,antena
manantena,antena
mifanantena,antena
ampanantenaina,antena
anantenana,antena
antenaina,antena
antenantena,antena
fampanantenana,antena
fanantena,antena
fanantenana,antena
mamantena,antena
mpanantena,antena
voaantena,antena
mihaantetse,antetse
iantikantehana,antika
miantikantika,antika
antikantika,antika
antimatima,antima
mañantimo,antimo
mañantiñana,antinana
ananterana,antitra
ifananterana,antitra
anterina,antitra
antitrantitra,antitra
fahanterana,antitra
konantitra,antitra
manantitra,antitra
miantitra,antitra
mifanantitra,antitra
mihaantitra,antitra
mihantitra,antitra
antitranterina,antitrantitra
fanantitranterana,antitrantitra
manantitrantitra,antitrantitra
anantoanana,antoana
antoanina,antoana
fanantoanana,antoana
fiantoanana,antoana
iantoanana,antoana
manantoana,antoana
miantoana,antoana
voantoana,antoana
antoandrotoandro,antoandro
antoantoandro,antoandro
manantoandro,antoandro
miantoandro,antoandro
antohina,antody
miantoka,antoka
fiantohana,antoka
fiantoka,antoka
iantohana,antoka
mpiantoka,antoka
voaantoka,antoka
anantohana,antoka
manantoka,antoka
aantoke,antoke
mahaantoke,antoke
mamantoke,antoke
mampiantoke,antoke
miantoke,antoke
mifampiantoke,antoke
mihamiantoke,antoke
piantoke,antoke
voaantoke,antoke
anantomorana,antomotra
antomorina,antomotra
fanantomorana,antomotra
fanantomotra,antomotra
manantomotra,antomotra
miantomotra,antomotra
mpanantomotra,antomotra
voantomotra,antomotra
iantontana,antonta
miantonta,antonta
miantoraka,antoraka
antrantra,antra
fahantrana,antra
fiantra,antra
fiantrana,antra
iantrana,antra
mahantra,antra
mampiantra,antra
miantra,antra
mifampiantra,antra
mpiantra,antra
anantsana,antsa
antsaina,antsa
antsavina,antsa
fañatsana,antsa
manantsa,antsa
fahantsa,antsa
mampahantsa,antsa
mihamahantsa,antsa
ampiantsa,antsa
fampiantsa,antsa
fiantsa,antsa
fiantsana,antsa
fifampiantsa,antsa
iantsana,antsa
kiantsa,antsa
mahaantsa,antsa
mahantsa,antsa
mampiantsa,antsa
miantsa,antsa
mifampiantsa,antsa
mpiantsa,antsa
piantsa,antsa
pifampiantsa,antsa
voaantsa,antsa
voantsa,antsa
mampanantsafa,antsafa
mampifanantsafa,antsafa
mifanantsafa,antsafa
anantsafana,antsafa
antsafaina,antsafa
fanantsafa,antsafa
fanantsafana,antsafa
fifanantsafana,antsafa
mahantsafa,antsafa
manantsafa,antsafa
mpanantsafa,antsafa
voantsafa,antsafa
antsakina,antsaky
antsalina,antsaly
miantsambo,antsambo
antsamborina,antsambotra
mampiantsambotra,antsambotra
mifampiantsambotra,antsambotra
fiantsamborana,antsambotra
fiantsambotra,antsambotra
iantsamborana,antsambotra
mahantsambotra,antsambotra
miantsambotra,antsambotra
mpiantsambotra,antsambotra
tafantsambotra,antsambotra
mampiantsampy,antsampy
mifampiantsampy,antsampy
fiantsampazana,antsampy
fiantsampy,antsampy
iantsampazana,antsampy
iantsampiana,antsampy
mahatsampy,antsampy
miantsampy,antsampy
mpiantsampy,antsampy
tafantsampy,antsampy
antsangaina,antsanga
manantsanga,antsanga
miantsanga,antsanga
antsangorina,antsangory
antsantsangory,antsantsa
fanantsasahana,antsasaka
anantsasahana,antsasaka
antsasahina,antsasaka
fanantsasaka,antsasaka
manantsasaka,antsasaka
mantsasaka,antsasaka
mpanantsasaka,antsasaka
voantsasaka,antsasaka
fiantsaviliana,antsavily
fiantsavily,antsavily
iantsaviliana,antsavily
miantsavily,antsavily
mpiantsavily,antsavily
mamontsavy,antsavy
fiantsinanana,antsinanana
fiantsinananana,antsinanana
iantsinananana,antsinanana
miantsinanana,antsinanana
mpiantsinanana,antsinanana
tantsiraka,antsiraka
fanantso,antso
mampiantso,antso
ampanantsoana,antso
antsoantso,antso
antsoina,antso
antsovina,antso
fiantso,antso
fiantsoana,antso
iantsoana,antso
iantsovana,antso
mahantso,antso
miantso,antso
mifampiantso,antso
mpiantso,antso
voantso,antso
antsoantsoina,antsoantso
fiantsoantso,antsoantso
fiantsoantsoana,antsoantso
iantsoantsoana,antsoantso
miantsoantso,antsoantso
mpiantsoantso,antsoantso
anantsodiavana,antsody
anantsodiana,antsody
antsodina,antsody
fanantsodiana,antsody
fanantsody,antsody
manantsody,antsody
mpanantsody,antsody
voantsody,antsody
anantsoharana,antsohara
antsoharaina,antsohara
fanantsohara,antsohara
fanantsoharana,antsohara
manantsohara,antsohara
mpanantsohara,antsohara
antsonaina,antsona
tafantsona,antsona
aantsona,antsona
anantsonana,antsona
antsonina,antsona
fanantsona,antsona
fanantsonana,antsona
fiantsona,antsona
fiantsonana,antsona
iantsonana,antsona
manantsona,antsona
miantsona,antsona
mpanantsona,antsona
mpiantsona,antsona
voantsona,antsona
manantsoñantsoña,antsonantsoña
anantsontsanana,antsontsana
manantsontsana,antsontsana
antsoromboanjo,antsoro
antsorohina,antsoroka
anantsorona,antsorona
anantsoronana,antsorona
antsoronina,antsorona
fanantsoronana,antsorona
fiantsoroana,antsorona
fiantsorona,antsorona
iantsoroana,antsorona
manantsorona,antsorona
miantsorona,antsorona
mpanantsorona,antsorona
mpiantsorona,antsorona
anantsoriana,antsory
antsorina,antsory
voantsory,antsory
ankanesana,any
mankany,any
ananiana,any
anina,any
fananiana,any
manany,any
mpanany,any
voany,any
mankao,ao
ampaody,aody
mañaole,aole
aoriandriana,aoriana
fiaoriana,aoriana
fiaorianana,aoriana
iaorianana,aoriana
mahaoriana,aoriana
miaoriana,aoriana
mpiaoriana,aoriana
mpiaotra,aotra
miaotra,aotra
apanapana,apana
aapanapana,apanapana
fiapanapana,apanapana
fiapanapanana,apanapana
iapanapanana,apanapana
mahapanapana,apanapana
miapanapana,apanapana
mpiapanapana,apanapana
tafapanapana,apanapana
apokapoka,apoka
fiapohana,apoka
fiapoka,apoka
iapohana,apoka
miapoka,apoka
mpiapoka,apoka
tafapoka,apoka
miapokapoka,apokapoka
ampañara,ara
fampañara,ara
fañara,ara
mampañara,ara
manara,ara
pañara,ara
arana,ara
miara,ara
ampiarahaba,arahaba
arahabaina,arahaba
fampiarahaba,arahaba
fiarahaba,arahaba
fiarahabana,arahaba
fifampiarahaba,arahaba
fifampiarahabana,arahaba
iarahabana,arahaba
ifampiarahabana,arahaba
maharahaba,arahaba
mampiarahaba,arahaba
miarahaba,arahaba
mifampiarahaba,arahaba
mpiarahaba,arahaba
piarahaba,arahaba
pifampiarahaba,arahaba
voarahaba,arahaba
arakaraka,araka
fifanarahana,araka
iarahana,araka
ifanarahana,araka
monimanaraka,araka
ampanarahina,araka
ampiarahana,araka
ampiarahina,araka
anarahana,araka
arahina,araka
fampifanarahana,araka
fanarahana,araka
fanaraka,araka
fiarahana,araka
fiaraka,araka
maharaka,araka
mampanaraka,araka
mampifanaraka,araka
manaraka,araka
miaraka,araka
mifanaraka,araka
mpanaraka,araka
mpiaraka,araka
tafaraka,araka
tafiaraka,araka
voaraka,araka
fampanarahana,araka
fampiarahana,araka
mañarakaly,arakaly
mifanarakaraka,arakaraka
aarake,arake
ampiarake,arake
faarake,arake
fañarake,arake
fiarake,arake
maharake,arake
mampañarake,arake
mampiarake,arake
mampifañarake,arake
mañarake,arake
mifampañarake,arake
mifañarake,arake
mihamiarake,arake
pañarake,arake
piarake,arake
pifañarake,arake
tafarake,arake
voaarake,arake
mampanarana,arana
mampifanarana,arana
mifanarana,arana
anaranana,arana
aranana,arana
aranina,arana
fanarana,arana
fanaranana,arana
fiarana,arana
fiaranana,arana
iaranana,arana
manarana,arana
miarana,arana
mpanarana,arana
mpiarana,arana
voarana,arana
aare,are
fahamarina,are
mahaare,are
mampañare,are
miare,are
mifampiare,are
mifañare,are
mihamiare,are
pañare,are
piare,are
pifañare,are
hareriana,arery
fañaria,aria
mahamarike,arike
mamparike,arike
mifampimarike,arike
mimarike,arike
voamarike,arike
anaremana,arina
fanamarinana,arina
iaremana,arina
mahamarina,arina
mampanarina,arina
mampifanarina,arina
marina,arina
mifanarina,arina
ampiarenana,arina
anarenana,arina
arenina,arina
arinarina,arina
fanaremana,arina
fanarenana,arina
fanarina,arina
fiaremana,arina
fiarenana,arina
fiarina,arina
iarenana,arina
maharina,arina
manamarina,arina
manarina,arina
miarina,arina
mpanarina,arina
mpiarina,arina
tafarina,arina
voarina,arina
kinarinarina,arinarina
miarinarina,arinarina
anarirana,arira
ariraina,arira
fanarira,arira
fanarirana,arira
fiarira,arira
fiarirana,arira
iarirana,arira
maharira,arira
manarira,arira
miarira,arira
mpanarira,arira
mpiarira,arira
voarira,arira
anaretana,aritra
fanaritra,aritra
iaretrana,aritra
mampanaritra,aritra
mihamanaritra,aritra
aharetana,aritra
aretina,aritra
aritraritra,aritra
faharetana,aritra
fiaretana,aritra
fiaritra,aritra
iaretana,aritra
maharitra,aritra
miaritra,aritra
mpiaritra,aritra
fanaretana,aritra
manaritra,aritra
maharitraritra,aritraritra
ampañarivo,arivo
arivoarivo,arivo
faharivo,arivo
inarivo,arivo
mahapañarivo,arivo
mampañarivo,arivo
manarivo,arivo
mpanarivo,arivo
tsiarivoarivo,arivo
aromby,aro
pañaro,aro
aaro,aro
arovana,aro
faaro,aro
fiaro,aro
fiarovana,aro
iarovana,aro
maharo,aro
mampiaro,aro
miaro,aro
mifampiaro,aro
mpiaro,aro
piaro,aro
pifampiaro,aro
voaro,aro
aroakatra,aroa
mankaroa,aroa
mbaroa,aroa
mbaroy,aroy
anariana,ary
ariana,ary
ariarina,ary
aridaina,ary
arikitra,ary
fanariana,ary
fanary,ary
iariana,ary
miary,ary
voary,ary
Mpahary,ary
ahariana,ary
fahariana,ary
fahary,ary
mahary,ary
mankarỳ,ary
manary,ary
mifanary,ary
mpanary,ary
ampiasaina,asa
ampiasana,asa
asaina,asa
fanasa,asa
fanasana,asa
hiasa,asa
mampiasa,asa
mampifanasa,asa
manasa,asa
miasa,asa
mifanasa,asa
mpampiasa,asa
voasa,asa
ampiasa,asa
fampiasa,asa
fampiasana,asa
fiasana,asa
iasana,asa
mahaasa,asa
mahasa,asa
mihamiasa,asa
mpiasa,asa
pampiasa,asa
piasa,asa
anasana,asa
asahaina,asaha
fanasaha,asaha
mahasaha,asaha
manasaha,asaha
mañasaka,asaha
asaramaimbo,asara
asaramaizina,asara
asaramanitra,asara
asidraina,asidra
iasiana,asy
miasy,asy
fiatarana,atatra
fiatatra,atatra
iatarana,atatra
miatatra,atatra
mpiatatra,atatra
fiatiatiana,atiaty
fiatiaty,atiaty
iatiatiana,atiaty
miatiaty,atiaty
miatikatika,atikatika
mañatike,atike
mbatike,atike
anaterana,atitra
aterana,atitra
aterina,atitra
fanaterana,atitra
fanatitra,atitra
mahatitra,atitra
manatitra,atitra
miatitra,atitra
mpanatitra,atitra
voatitra,atitra
fañatitse,atitse
mañatitse,atitse
pañatitse,atitse
aoina,ato
iatona,ato
mañato,ato
voato,ato
mankato,ato
mbato,ato
tato,ato
aato,ato
atoato,ato
atoina,ato
famato,ato
fampiato,ato
fampiatoana,ato
fiato,ato
fiatoana,ato
iatoana,ato
mampiato,ato
miato,ato
mpiato,ato
anatoavana,atoa
atoavina,atoa
fanatoa,atoa
fanatoavana,atoa
manatoa,atoa
mpanatoa,atoa
fiatoato,atoato
fiatoatoana,atoato
iatoatoana,atoato
miatoato,atoato
mpiatoato,atoato
atodibe,atody
atodifotsiny,atody
atodimalemy,atody
atodinaretina,atody
atodintariana,atody
mampanatody,atody
anatodizana,atody
atodizana,atody
fanatodizana,atody
fanatody,atody
manatody,atody
mpanatody,atody
aatoka,atoka
atokatoka,atoka
fatohana,atoka
fiatohana,atoka
fiatoka,atoka
mahatoka,atoka
manatoka,atoka
miatoka,atoka
mpiatoka,atoka
aatokatoka,atokatoka
mampañatoly,atoly
mañatoly,atoly
pañatoly,atoly
mbatoy,atoy
manatra,atra
atranatrana,atrana
atranina,atrana
atrefina,atrana
voatrana,atrana
aatrana,atrana
anatranana,atrana
fiatrana,atrana
fiatranana,atrana
iatranana,atrana
miatrana,atrana
mpiatrana,atrana
anatrehana,atrika
iatrehana,atrika
anatrika,atrika
atrehina,atrika
atrikatrika,atrika
fanatrehana,atrika
fanatrika,atrika
fiatrehana,atrika
fifanatrehana,atrika
ifanatrehana,atrika
mahatrika,atrika
mampanatrika,atrika
mampifanatrika,atrika
manatrika,atrika
miatrika,atrika
mpanatrika,atrika
sokatrika,atrika
voaatrika,atrika
miatsa,atsa
mpiatsa,atsa
fiatse,atse
mampiatse,atse
miatse,atse
piatse,atse
mahaatsike,atsike
mampañatsike,atsike
mampifañatsike,atsike
miatseke,atsike
mifampañatsike,atsike
mifañatsike,atsike
mihaatsike,atsike
pañatsike,atsike
piatsike,atsike
anatsimo,atsimo
atsimotsimo,atsimo
atsinomina,atsimo
fanatsimo,atsimo
fanatsinomana,atsimo
manatsimo,atsimo
mpanatsimo,atsimo
ahatsinanana,atsinanana
anatsinananana,atsinanana
antsinanana,atsinanana
atsinanananana,atsinanana
atsinananina,atsinanana
fanatsinanana,atsinanana
fanatsinananana,atsinanana
manatsinanana,atsinanana
mpanatsinanana,atsinanana
mankatsy,atsy
atinimerina,aty
mankaty,aty
anaty,aty
mbaty,aty
aava,ava
ampiava,ava
avaina,ava
avana,ava
faava,ava
fampiava,ava
fiava,ava
iavana,ava
mahava,ava
mampiava,ava
miava,ava
mpiava,ava
piava,ava
voava,ava
anava,ava
ampiavahana,avaka
avakavaka,avaka
anavahana,avaka
avahana,avaka
fanavahana,avaka
fanavaka,avaka
fiavaka,avaka
iavahana,avaka
mahavaka,avaka
mampiavaka,avaka
manavaka,avaka
miavaka,avaka
mpanavaka,avaka
mpiavaka,avaka
voaavaka,avaka
voavaka,avaka
fanavakavahana,avakavaka
faavake,avake
kiavake,avake
mahaavake,avake
mampañavake,avake
mampiavake,avake
miavake,avake
mifañavake,avake
mihamiavake,avake
pañavake,avake
piavake,avake
pifañavake,avake
voaavake,avake
avanavana,avana
mavana,avana
manavanavana,avanavana
anavaratra,avaratra
avarabaratra,avaratra
fianavaratana,avaratra
mañavaratse,avaratse
tavaratse,avaratse
mahave,ave
miave,ave
aviavimamiomby,aviavy
mampanavina,avina
mampifanavina,avina
mifanavina,avina
anavenana,avina
avenina,avina
fanavenana,avina
fanavina,avina
mahavina,avina
manavina,avina
mpanavina,avina
voavina,avina
haavo,avo
mampifanavo,avo
mifanavo,avo
avoavo,avo
havoana,avo
mampiavo,avo
mifampiavo,avo
mihamiavo,avo
piavo,avo
pifampiavo,avo
anavoanana,avoana
avoanina,avoana
avoantsara,avoana
manavoana,avoana
anavoavoana,avoavo
avoavoina,avoavo
fanavoavo,avoavo
fanavoavoana,avoavo
fiavoavo,avoavo
fiavoavoana,avoavo
iavoavoana,avoavo
manavoavo,avoavo
miavoavo,avoavo
mpanavoavo,avoavo
mpiavoavo,avoavo
avokompapango,avoko
avonavona,avona
iavonavonana,avona
fiavona,avona
fiavonana,avona
iavonana,avona
miavona,avona
mpiavona,avona
fiavonavonana,avonavona
miavonavona,avonavona
fiavonavona,avonavona
mpiavonavona,avonavona
anavosana,avosa
avosaina,avosa
fanavosa,avosa
favosana,avosa
fiavosa,avosa
fiavosana,avosa
iavosana,avosa
manavosa,avosa
miavosa,avosa
mpanavosa,avosa
voavosa,avosa
avotana,avotra
fiavotra,avotra
manavotra,avotra
miavotra,avotra
aavotra,avotra
anavotana,avotra
avotravotra,avotra
fanavotana,avotra
fanavotra,avotra
fiavotana,avotra
iavotana,avotra
mahavotra,avotra
mampanavotra,avotra
mampiavotra,avotra
mampifanavotra,avotra
mifampiavotra,avotra
mifanavotra,avotra
mpanavotra,avotra
mpiavotra,avotra
voavotra,avotra
avota,avotry
aavotse,avotse
mahavotse,avotse
mampañavotse,avotse
mifañavotse,avotse
pañavotse,avotse
piavotse,avotse
pifampañavotse,avotse
pifañavotse,avotse
voaavotse,avotse
fiavovona,avovona
miavovona,avovona
anaviana,avy
fanaviana,avy
fanavy,avy
mampanavy,avy
manavy,avy
mankanavy,avy
ampihaviana,avy
aviavy,avy
fiaviana,avy
fiavy,avy
fihaviana,avy
fihavy,avy
iaviana,avy
ihaviana,avy
miavy,avy
mihavy,avy
mpiavy,avy
mahaay,ay
mihamiay,ay
pampiay,ay
piay,ay
aay,ay
azarina,azary
voazary,azary
fiazoa,azo
mihaazo,azo
pahazo,azo
piazo,azo
ahazahoana,azo
ahazoana,azo
ampahazo,azo
azoazo,azo
fahazahoana,azo
fahazo,azo
fahazoa,azo
fahazoana,azo
fampahazoa,azo
fifankahazoana,azo
fihazo,azo
fihazoana,azo
ihazoana,azo
mahazo,azo
mampahazo,azo
mifankahazo,azo
mpahazo,azo
mpihazo,azo
fiba,ba
mibà,ba
mpiba,ba
mibaba,baba
fibabababa,babababa
fibabababana,babababa
ibabababana,babababa
mampibabababa,babababa
mibabababa,babababa
mpibabababa,babababa
pibabababa,babababa
mibabaka,babaka
mibabarà,babarà
ampibabe,babe
babebabe,babe
fibabe,babe
kibabe,babe
mahababe,babe
mampibabe,babe
mifampibabe,babe
pibabe,babe
pifampibabe,babe
voababe,babe
babontany,babo
mampambabo,babo
mifambabo,babo
amaboana,babo
babobabo,babo
baboina,babo
binabo,babo
fahababoana,babo
famabo,babo
famaboana,babo
mahababo,babo
mamabo,babo
mambabo,babo
mifamabo,babo
mpamabo,babo
voababo,babo
babobaboka,baboka
mahababoka,baboka
mpibaboka,baboka
ababoka,baboka
amabohana,baboka
fibabohana,baboka
fibaboka,baboka
ibabohana,baboka
mamaboka,baboka
mibaboka,baboka
ababoke,baboke
fababoke,baboke
mampibaboke,baboke
mibaboke,baboke
pibaboke,baboke
ababy,baby
babena,baby
babiana,baby
babibaby,baby
binaby,baby
fibabena,baby
fibaby,baby
ibabena,baby
kibabibaby,baby
mahababy,baby
mambaby,baby
mampibaby,baby
miambaby,baby
mibaby,baby
mifampibaby,baby
mpibaby,baby
tambaby,baby
tsibabibaby,baby
voababy,baby
fibadabada,bada
mpibadabada,bada
badabada,bada
badana,bada
mibada,bada
voabada,bada
badabadaina,badabada
fibadabadana,badabada
ibadabadana,badabada
mahabadabada,badabada
mibadabada,badabada
mahabadenina,badenina
ibadiahana,badiaka
badiabadiaka,badiaka
badiahina,badiaka
mibadiaka,badiaka
anabadoana,bado
badobado,bado
badoina,bado
fanabado,bado
fanabadoana,bado
habadoana,bado
manabado,bado
mpanabado,bado
mibadobado,badobado
badobadony,badony
abae,bae
mahabae,bae
mihabae,bae
abafoka,bafoka
bafobafoka,bafoka
fibafohana,bafoka
fibafoka,bafoka
ibafohana,bafoka
mibafoka,bafoka
mpibafoka,bafoka
abaha,baha
fabaha,baha
mahabaha,baha
mampibaha,baha
mibaha,baha
mifampibaha,baha
pibaha,baha
pifampibaha,baha
voabaha,baha
mibahambahana,bahambahana
ibahanana,bahana
abahana,bahana
bahambahana,bahana
bahanina,bahana
fibahana,bahana
fibahanana,bahana
mahabahana,bahana
mibahana,bahana
mpibahana,bahana
tafabahana,bahana
voabahana,bahana
bahanana,bahana
baharia,bahary
mibahimo,bahimo
baibaizina,baibay
abaibay,baibay
ambaibaizana,baibay
ibaibaizana,baibay
mambaibay,baibay
mibaibay,baibay
baikabaika,baika
banaika,baika
mampibaika,baika
mifampibaika,baika
abaikabaika,baikabaika
baikabaikaina,baikabaika
fibaikabaika,baikabaika
fibaikabaikana,baikabaika
iabaikabaikèna,baikabaika
ibaikabaikana,baikabaika
mahabaikabaika,baikabaika
mibaikabaika,baikabaika
mpibaikabaika,baikabaika
abaiko,baiko
ahabaikoana,baiko
baikobaiko,baiko
baikoina,baiko
binaiko,baiko
fibaiko,baiko
fibaikoana,baiko
ibaikoana,baiko
mahabaiko,baiko
mibaiko,baiko
mpibaiko,baiko
voabaiko,baiko
abailoka,bailoka
belohina,bailoka
beloina,bailoka
mibailoka,bailoka
abaingo,baingo
baingoina,baingo
fibaingo,baingo
mibaingo,baingo
baingobaingoina,baingobaingo
mibaingobaingo,baingobaingo
abaingobaingoka,baingobaingoka
baingobaingohina,baingobaingoka
baingobaingoka,baingoka
fibaingoka,baingoka
mibaingoka,baingoka
ambakana,baka
hambakana,baka
abaka,baka
anabakana,baka
bakabaka,baka
bakaina,baka
binaka,baka
fanabaka,baka
fanabakana,baka
fibaka,baka
fibakana,baka
ibakana,baka
mahabaka,baka
mambaka,baka
manabaka,baka
mibaka,baka
mpanabaka,baka
sabaka,baka
tafabaka,baka
voabaka,baka
ibakazinana,bakazina
mibakazina,bakazina
bakobako,bako
mahabako,bako
mihabako,bako
bakorakora,bakora
bakorakoraka,bakoraka
amalabalana,bala
balaina,bala
ibalàna,bala
mibala,bala
balabala,bala
balàna,bala
binala,bala
voabala,bala
balabalaina,balabala
mamalabala,balabala
abalabala,balabala
balabalana,balabala
mibalalaka,balalaka
balangondangony,balangony
baleladelaka,balelaka
mibalelaka,balelaka
abaliaka,baliaka
baliadiaka,baliaka
ibaliahana,baliaka
manabaliaka,baliaka
mibaliaka,baliaka
abalihaoke,balihaoke
fibalihaoke,balihaoke
mampibalihaoke,balihaoke
mañabalihaoke,balihaoke
mibalihaoke,balihaoke
pibalihaoke,balihaoke
voabalihaoke,balihaoke
balitalita,balita
mibalitalita,balitalita
mibaloa,baloa
mañabamby,bamby
banaina,bana
mahabaña,bana
mihabaña,bana
pibaña,bana
banabana,bana
abanabana,banabana
anabanabanana,banabana
banabanaina,banabana
fanabanabanana,banabana
fibanabana,banabana
fibanabanana,banabana
ibanabanana,banabana
mahabanabana,banabana
mamanabana,banabana
mambanabana,banabana
manabanabana,banabana
mibanabana,banabana
tafabanabana,banabana
voabanabana,banabana
banainaika,banaika
fibanaika,banaika
fibanehana,banaika
ibanaihana,banaika
ibanehana,banaika
mibanaika,banaika
mpibanaika,banaika
abandrina,bandrina
bandribandrina,bandrina
bandrinina,bandrina
fibandrina,bandrina
fibandrinana,bandrina
ibandrinana,bandrina
mahabandrina,bandrina
mibandrina,bandrina
mpibandrina,bandrina
voabandrina,bandrina
anabangana,banga
bangabanga,banga
bangaina,banga
binanga,banga
fanabanga,banga
fanabangana,banga
habangana,banga
mahabanga,banga
mambanga,banga
manabanga,banga
mibanga,banga
mpanabanga,banga
voabanga,banga
ambangony,bango
bagoina,bango
bangobango,bango
mampambango,bango
mifambango,bango
mibango,bango
ambangoana,bango
ampibango,bango
anabangoana,bango
bangoina,bango
binango,bango
fambango,bango
fambangoana,bango
fanabango,bango
fanabangoana,bango
fibango,bango
fibangoana,bango
ibangoana,bango
mahabango,bango
mambango,bango
mampibango,bango
manabango,bango
mpambango,bango
mpanabango,bango
mpibango,bango
pibango,bango
pifampibango,bango
voabango,bango
mampibangoana,bangoana
mifampibangoana,bangoana
anabangobangoana,bangobango
bangobangoina,bangobango
fanabangobango,bangobango
fanabangobangoana,bangobango
manabangobango,bangobango
mpanabangobango,bangobango
abanjina,banjina
banjimbanjina,banjina
banjinina,banjina
fibanjina,banjina
fibanjinana,banjina
ibanjinana,banjina
mahabanjina,banjina
mampibanjina,banjina
mibanjina,banjina
mifampibanjina,banjina
mpibanjina,banjina
tafabanjina,banjina
voabanjina,banjina
manabanty,banty
mibanty,banty
voabanty,banty
anabantiana,banty
bantina,banty
fanabantiana,banty
fanabanty,banty
mpanabanty,banty
abanàka,banàka
anabanahana,banàka
banahina,banàka
fanabanahana,banàka
fanabanàka,banàka
fibanaka,banàka
mahabanàka,banàka
manabanaka,banàka
mibanaka,banàka
tafabanaka,banàka
voabanaka,banàka
mibara,bara
abara,bara
anabarana,bara
barabara,bara
baraina,bara
barana,bara
fanabara,bara
fanabarana,bara
mahabara,bara
manabara,bara
voabara,bara
fibarabadebake,barabadebake
mibarabadebake,barabadebake
mibarabara,barabara
abarabay,barabay
fibarabay,barabay
mamarabay,barabay
mampibarabay,barabay
mibarabay,barabay
pibarabay,barabay
voabarabay,barabay
mibarada,barada
abaradaka,baradaka
baradadradaka,baradaka
baradahina,baradaka
fibaradahana,baradaka
fibaradaka,baradaka
ibaradahana,baradaka
mibaradaka,baradaka
mpibaradaka,baradaka
tafabaradaka,baradaka
baraingoina,baraingo
baraingoraingo,baraingo
abaraingo,baraingo
anabaraingoana,baraingo
fanabaraingo,baraingo
fanabaraingoana,baraingo
fibaraingo,baraingo
fibaraingoana,baraingo
ibaraingoana,baraingo
mahabaraingo,baraingo
manabaraingo,baraingo
mibaraingo,baraingo
voabaraingo,baraingo
voabaraka,baraka
abarakaika,barakaika
ambarakehana,barakaika
ibarakehana,barakaika
mambarakaika,barakaika
mibarakaika,barakaika
abarake,barake
fabarake,barake
mampibarake,barake
mibarake,barake
pibarake,barake
voabarake,barake
mibaranahy,baranahiny
abarara,barara
bararaina,barara
fibarara,barara
fibararana,barara
ibararana,barara
mibarara,barara
mpibarara,barara
fibararaka,bararaka
ibararahana,bararaka
mibararàka,bararaka
fibararahana,bararaka
mpibararaka,bararaka
abarareoka,barareoka
barareodreoka,barareoka
barareohina,barareoka
fibarareohana,barareoka
fibarareoka,barareoka
ibarareohana,barareoka
mahabarareoka,barareoka
mibarareoka,barareoka
mpibarareoka,barareoka
abaratsaike,baratsaike
fibaratsaike,baratsaike
mampibaratsaike,baratsaike
mibaratsaike,baratsaike
pibaratsaike,baratsaike
voabaratsaike,baratsaike
abarazy,barazy
fabarazy,barazy
mampibarazy,barazy
mibarazy,barazy
mifampibarazy,barazy
pibarazy,barazy
pifampibarazy,barazy
voabarazy,barazy
abarera,barera
anabarerana,barera
barerarera,barera
fanabarera,barera
fanabarerana,barera
fibarera,barera
fibarerana,barera
ibarerana,barera
mahabarera,barera
manabarera,barera
mibarera,barera
mihabarera,barera
mpanabarera,barera
mpibarera,barera
voabarera,barera
mibareraka,bareraka
abaribary,baribary
fibaribariana,baribary
fibaribary,baribary
ibaribariana,baribary
mampibaribary,baribary
mibaribary,baribary
mpibaribary,baribary
tafabaribary,baribary
voabaribary,baribary
baribary,bary
barina,bary
fibary,bary
mampibary,bary
mibary,bary
voabary,bary
ambasy,basy
basibasy,basy
kibasibasy,basy
tsibasibasy,basy
tsimbasibasy,basy
voabasy,basy
mampambata,bata
mampibata,bata
mampifambata,bata
mifambata,bata
abata,bata
ambatana,bata
batabata,bata
bataina,bata
binata,bata
fambata,bata
fambatana,bata
fibata,bata
fibatana,bata
ibatana,bata
mahabata,bata
mambata,bata
mibata,bata
mifampibata,bata
mpambata,bata
mpibata,bata
voabata,bata
fabata,bata
batabataina,batabata
mibatabata,batabata
mambatisa,batisa
batrabatraka,batraka
batribatry,batry
mibaty,baty
mahabaty,baty
mamaty,baty
mampibaty,baty
mifamaty,baty
mifampibaty,baty
pibaty,baty
voabaty,baty
voabay,bay
abazabaza,bazabaza
bazabazaina,bazabaza
ibazabazana,bazabaza
mibazabaza,bazabaza
voabazabaza,bazabaza
fahabaña,baña
habañana,baña
mambaña,baña
ahabeazana,be
ahabiazana,be
anabeazana,be
anabiazana,be
ankabeazany,be
ankabiazana,be
ankabiazany,be
beazina,be
bebe,be
biazina,be
fanabe,be
fanabeazana,be
fanabiazana,be
fibeazana,be
habe,be
habeaza,be
habiazana,be
habiazina,be
ibeazana,be
kabe,be
mampañabe,be
manabe,be
mankabe,be
mifañabe,be
mihabe,be
mpanabe,be
pañabe,be
pifañabe,be
mibebaka,bebaka
tabebaka,bebaka
tobebaka,bebaka
bebabebaka,bebaka
fibebahana,bebaka
fibebaka,bebaka
ibebahana,bebaka
mpibebaka,bebaka
mampibebake,bebake
mibebake,bebake
bebobebohina,bebobeboka
ibebobebohana,bebobeboka
mibebobeboka,bebobeboka
mahabeboka,beboka
mampibeboka,beboka
mifambeboka,beboka
mifampibeboka,beboka
ambedana,beda
anabedana,beda
bedaina,beda
bedana,beda
bineda,beda
fambeda,beda
fambedana,beda
fanabeda,beda
fanabedana,beda
fibeda,beda
fibedana,beda
fifampibedana,beda
ibedana,beda
mahabeda,beda
mambeda,beda
manabeda,beda
mibeda,beda
mpambeda,beda
mpameda,beda
mpanabeda,beda
mpibeda,beda
voabeda,beda
mibedabeda,bedabeda
bedabedaina,bedabeda
fibedabeda,bedabeda
fibedabedana,bedabeda
ibedabedana,bedabeda
mpibedabeda,bedabeda
voabedabeda,bedabeda
abedibedy,bedibedy
bedibedena,bedibedy
bedibedesina,bedibedy
fibedibedena,bedibedy
fibedibedesana,bedibedy
fibedibedy,bedibedy
ibedibedena,bedibedy
ibedibedesana,bedibedy
kabedibedy,bedibedy
mahabedibedy,bedibedy
mibedibedy,bedibedy
mpibedibedy,bedibedy
fibedehana,bedika
fibedika,bedika
ibedehana,bedika
mibedika,bedika
mpibedika,bedika
bedena,bedy
bedesina,bedy
bedibedy,bedy
fibedena,bedy
fibedesana,bedy
fibedy,bedy
ibedena,bedy
kabedy,bedy
mampibedy,bedy
mibedy,bedy
mifampibedy,bedy
mpibedy,bedy
voabedy,bedy
abehambehana,behambehana
anabehambehanana,behambehana
fanabehambehanana,behambehana
fibehambehanana,behambehana
ibehambehanana,behambehana
manabehambehana,behambehana
mibehambehana,behambehana
behambehana,behana
fanabehambehana,behana
fibehambehana,behana
mpanabehambehana,behana
mpibehambehana,behana
mibeko,beko
bekoina,beko
ibekoana,beko
mpibeko,beko
balelaka,belaka
belabelaka,belaka
fibelahana,belaka
ibelahana,belaka
mahabelaka,belaka
mibelaka,belaka
benaina,bena
ibenana,bena
mibena,bena
voabena,bena
abengobengo,bengobengo
ibengobengoana,bengobengo
mibengobengo,bengobengo
mibeobeoka,beobeoka
iberoberohana,beroberoka
mampiberoka,beroka
mifampiberoka,beroka
berohina,beroka
fiberohana,beroka
fiberoka,beroka
iberoberoana,beroka
iberohana,beroka
mahaberoka,beroka
miberoberoka,beroka
miberoka,beroka
mpiberoka,beroka
betaina,beta
bineta,beta
ibetana,beta
mambeta,beta
mibeta,beta
voabeta,beta
mampibetroka,betroka
mifampibetroka,betroka
abetroka,betroka
betrobetroka,betroka
fibetrohana,betroka
fibetroka,betroka
ibetrohana,betroka
mibetroka,betroka
mpibetroka,betroka
tafabetroka,betroka
ankabetsahany,betsaka
ahabetsahana,betsaka
fahabetsahana,betsaka
fahabetsaka,betsaka
habetsahana,betsaka
habetsaka,betsaka
imbetsaka,betsaka
mahabetsaka,betsaka
manabetsaka,betsaka
mankabetsaka,betsaka
mihabetsaka,betsaka
mahabevohoka,bevohoka
amianana,biana
bianina,biana
binafina,biana
ibinafana,biana
mamiana,biana
mibiana,biana
voabiana,biana
fibibahana,bibaka
fibibaka,bibaka
ibibahana,bibaka
mibibaka,bibaka
tafabibaka,bibaka
mibibibiby,bibibiby
bibiaombe,biby
bibinakoho,biby
bibinaviavy,biby
bibitokantandroka,biby
bibiana,biby
bibibiby,biby
bibina,biby
fahabibiana,biby
habibiana,biby
habibia,biby
amidabidana,bidabida
ibidabidana,bidabida
abidabida,bidabida
mamidabida,bidabida
mibidabida,bidabida
mibidibidy,bidibidy
bidibidina,bidibidy
ibifonana,bifona
fibifona,bifona
fibifonana,bifona
mahabifona,bifona
mibifona,bifona
mpibifona,bifona
tafabifona,bifona
mibiha,biha
bijabija,bija
mamija,bija
binika,bika
mampibika,bika
mifampibika,bika
bikaina,bika
bikana,bika
fibika,bika
fibikana,bika
ibikana,bika
mahabika,bika
mibika,bika
voabika,bika
habikoa,biko
amilabilana,bila
bilabila,bila
bilaina,bila
kobila,bila
voabila,bila
kobilabila,bilabila
mamilabila,bilabila
ambilabilana,bilabila
bilabilaina,bilabila
fambilabila,bilabila
fambilabilana,bilabila
fibilabila,bilabila
fibilabilana,bilabila
ibilabilana,bilabila
mahabilabila,bilabila
mambilabila,bilabila
mibilabila,bilabila
mpambilabila,bilabila
mpibilabila,bilabila
kobilabilaka,bilabilaka
tsibilabilaka,bilabilaka
misobilaka,bilaka
bilabilaka,bilaka
bilahina,bilaka
fibilahana,bilaka
fibilaka,bilaka
ibilahana,bilaka
mibilaka,bilaka
sabilaka,bilaka
sobilaka,bilaka
voabilaka,bilaka
fibilaorana,bilaotra
fibilaotra,bilaotra
ibilaorana,bilaotra
mahabilaotra,bilaotra
mibilaotra,bilaotra
binabina,bina
fibinabina,binabina
mibinabina,binabina
fibinabinahana,binabinaka
fibinabinaka,binabinaka
mibinabinaka,binabinaka
binabinaka,binaka
fibinaka,binaka
mibinaka,binaka
bingobingo,bingo
mibingo,bingo
voabingo,bingo
anabirana,bira
biraina,bira
fanabira,bira
fanabirana,bira
manabira,bira
voabira,bira
abiribiry,biribiry
amiribiriana,biribiry
ibiribiriana,biribiry
mamiribiry,biribiry
mibiribiry,biribiry
biriodrioka,birioka
ibiriohana,birioka
ibiririohana,birioka
mitsibirioka,birioka
abirioka,birioka
anabiriohana,birioka
fampibiriohana,birioka
fanabiriohana,birioka
fanabirioka,birioka
fibiriohana,birioka
fibirioka,birioka
manabirioka,birioka
mibirioka,birioka
mpanabirioka,birioka
tafabirioka,birioka
voabirioka,birioka
abiririoka,biririoka
fibiririohana,biririoka
fibiririoka,biririoka
mibiririoka,biririoka
tafabiririoka,biririoka
fabisike,bisike
fibisike,bisike
mahabisike,bisike
mampibisike,bisike
mibisike,bisike
mifampibisike,bisike
pibisike,bisike
pifampibisike,bisike
voabisike,bisike
mampanabisioka,bisioka
mampifanabisioka,bisioka
mifanabisioka,bisioka
abisioka,bisioka
anabisiohana,bisioka
bisiotsioka,bisioka
fanabisiohana,bisioka
fanabisioka,bisioka
fibisiohana,bisioka
fibisioka,bisioka
ibisiohana,bisioka
mahabisioka,bisioka
manabisioka,bisioka
mibisioka,bisioka
mpanabisioka,bisioka
mpibisioka,bisioka
tafabisioka,bisioka
voabisioka,bisioka
ibitabitana,bitabita
mibitabita,bitabita
ampibitabitahana,bitabitaka
ibitabitahana,bitabitaka
mibitabitaka,bitaka
abitaka,bitaka
bitabitaka,bitaka
bitahina,bitaka
fibitahana,bitaka
fibitaka,bitaka
ibitahana,bitaka
mahabitaka,bitaka
mibitaka,bitaka
mpibitaka,bitaka
bilitika,bitika
biritika,bitika
biritsika,bitika
bolitika,bitika
boritika,bitika
abitotse,bitotse
fabitotse,bitotse
mamitotse,bitotse
mampamitotse,bitotse
mañabitotse,bitotse
mihabitotse,bitotse
pamitotse,bitotse
pañabitotse,bitotse
pibitotse,bitotse
pifamitotse,bitotse
voabitotse,bitotse
ambitsibitsihana,bitsibitsika
bitsibitsihina,bitsibitsika
fibitsibitsika,bitsibitsika
ibitsibitsihana,bitsibitsika
mahabitsibitsika,bitsibitsika
mambitsibitsika,bitsibitsika
mibitsibitsika,bitsibitsika
voabitsibitsika,bitsibitsika
abitsika,bitsika
ambitsihana,bitsika
binitsika,bitsika
bitsibitsika,bitsika
bitsihina,bitsika
fambitsihana,bitsika
fambitsika,bitsika
fibitsihana,bitsika
fibitsika,bitsika
ibitsihana,bitsika
mambitsika,bitsika
mampambitsika,bitsika
mampibitsika,bitsika
mampifambitsika,bitsika
mibitsika,bitsika
mifambitsika,bitsika
mifampibitsika,bitsika
mpambitsika,bitsika
mpibitsika,bitsika
voabitsika,bitsika
abitsobitsoka,bitsobitsoka
amitsobitsohana,bitsobitsoka
mamitsobitsoka,bitsobitsoka
bitsobitsoka,bitsoka
ibitsohana,bitsoka
mibitsoka,bitsoka
mamitsoke,bitsoke
mampamitsoke,bitsoke
mañabitsoke,bitsoke
pamitsoke,bitsoke
abizizioka,bizizioka
ambiziziohana,bizizioka
biziziohana,bizizioka
ibiziziohana,bizizioka
mambizizioka,bizizioka
mibizizioka,bizizioka
pañabo,bo
mibo,bo
fabo,bo
mampibo,bo
mihamibo,bo
pibo,bo
boadaboada,boada
aboadaboada,boadaboada
boadaboadaina,boadaboada
fiboadaboada,boadaboada
fiboadaboadana,boadaboada
iboadaboadana,boadaboada
miboadaboada,boadaboada
mpiboadaboada,boadaboada
boadaboadahina,boadaboadaka
iboadaboadahana,boadaka
miboadaboadaka,boadaka
boadaboadaka,boadaka
iboadiboadehana,boadiboadika
miboadiboadika,boadiboadika
boafaboafa,boafa
aboake,boake
fañaboake,boake
haboake,boake
mahaboake,boake
mampiboake,boake
mañaboake,boake
boaboaky,boaky
fiboalaboala,boalaboala
fiboalaboalana,boalaboala
iboalaboalana,boalaboala
miboalaboala,boalaboala
aboana,boana
amboanana,boana
boamboana,boana
boanana,boana
famboana,boana
famboanana,boana
fiboana,boana
fiboanana,boana
iboanana,boana
mahaboana,boana
mamboana,boana
miboana,boana
mpamboana,boana
fiboatsike,boatsike
mampiboatsike,boatsike
miboatsike,boatsike
piboatsike,boatsike
ambobana,boba
bobaboba,boba
bobaina,boba
famboba,boba
fambobana,boba
mamboba,boba
mpamboba,boba
bobabobaka,bobaka
fibobahana,bobaka
fibobaka,bobaka
ibobahana,bobaka
mibobaka,bobaka
sabobaka,bobaka
bobanina,bobana
ibobanana,bobana
mamobana,bobana
mibobana,bobana
mibobo,bobo
iboboboboana,bobobobo
abobobobo,bobobobo
anaboboboboana,bobobobo
boboboboina,bobobobo
fanabobobobo,bobobobo
fanaboboboboana,bobobobo
fiboboboboana,bobobobo
manabobobobo,bobobobo
mibobobobo,bobobobo
mpanabobobobo,bobobobo
bobohina,boboka
fibobohana,boboka
ibobohana,boboka
mampanaboboka,boboka
mampiboboka,boboka
mifanboboka,boboka
aboboka,boboka
anabobohana,boboka
boboboboka,boboka
bobohana,boboka
fanabobohana,boboka
fanaboboka,boboka
fiboboka,boboka
mahaboboka,boboka
manaboboka,boboka
miboboka,boboka
mihaboboka,boboka
mpanaboboka,boboka
mpiboboka,boboka
saboboka,boboka
talaboboka,boboka
voaboboka,boboka
aboboke,boboke
haboboha,boboke
mahaboboke,boboke
miboboke,boboke
voaboboke,boboke
miboda,boda
anabodana,boda
bodaboda,boda
bodaina,boda
fanabodana,boda
mahaboda,boda
manaboda,boda
mpanaboda,boda
voaboda,boda
ibodabodana,bodaboda
mibodaboda,bodaboda
fibodehana,bodika
abodika,bodika
anabodehana,bodika
bodehina,bodika
bodibodika,bodika
fanabodehana,bodika
fanabodika,bodika
fibodika,bodika
ibodehana,bodika
manabodika,bodika
mibodika,bodika
mpanabodika,bodika
mampanabodo,bodo
mampibodo,bodo
mampifanabodo,bodo
mifampibodo,bodo
mifanabodo,bodo
anabodoana,bodo
bodoana,bodo
bodoina,bodo
fanabodo,bodo
fanabodoana,bodo
fibodo,bodo
fibodoana,bodo
ibodoana,bodo
mahabodo,bodo
manabodo,bodo
mibodo,bodo
mpanabodo,bodo
mpibodo,bodo
tafabodo,bodo
voabodo,bodo
mibodobodo,bodobodo
boediboedika,boedika
aboeriboerika,boeriboerika
fiboeriboerehana,boeriboerika
fiboeriboerika,boeriboerika
iboeriboerehana,boeriboerika
mahaboeriboerika,boeriboerika
miboeriboerika,boeriboerika
mpiboeriboerika,boeriboerika
aboerika,boerika
boeriboerika,boerika
boerikerika,boerika
fiboerehana,boerika
fiboerika,boerika
iboerehana,boerika
mahaboerika,boerika
mampiboerika,boerika
miboerika,boerika
mifampiboerika,boerika
mpiboerika,boerika
voaboerika,boerika
boeriboerehina,boerikerika
abofaka,bofaka
anabofahana,bofaka
fanabofahana,bofaka
fanabofaka,bofaka
fibofahana,bofaka
fibofaka,bofaka
ibofahana,bofaka
manabofaka,bofaka
mibofaka,bofaka
mpanabofaka,bofaka
ibofohana,bofoka
fibofohana,bofoka
fibofoka,bofoka
ibofana,bofoka
mibofoka,bofoka
mpibofoka,bofoka
ibofonana,bofona
mibofona,bofona
mibofotra,bofotra
fiboha,boha
haboha,boha
mahaboha,boha
piboha,boha
bohahina,bohaka
anabohafana,bohaka
bohabohaka,bohaka
bohafina,bohaka
fanabohafana,bohaka
fanabohaka,bohaka
fibohafana,bohaka
fibohaka,bohaka
ibohafana,bohaka
mahabohaka,bohaka
manabohaka,bohaka
mibohaka,bohaka
mpanabohaka,bohaka
mpibohaka,bohaka
sabohaka,bohaka
tafabohaka,bohaka
voabohaka,bohaka
mahabohea,bohea
mibohea,bohea
mahabohia,bohia
ibohibohizana,bohibohy
mibohibohy,bohibohy
bohihihihy,bohihy
fibohihy,bohihy
mahabohihy,bohihy
mibohihy,bohihy
fibohika,bohika
mahabohika,bohika
mibohika,bohika
abohitra,bohitra
bohina,bohitra
bohirina,bohitra
fibohirana,bohitra
fibohitra,bohitra
ibohirana,bohitra
mibohitra,bohitra
mpibohitra,bohitra
bohoina,boho
miboho,boho
mampibohy,bohy
mibohy,bohy
mifampibohy,bohy
bohibohy,bohy
fibohiana,bohy
fibohizana,bohy
fibohy,bohy
ibohiana,bohy
ibohizana,bohy
mahabohy,bohy
mpibohy,bohy
tafabohy,bohy
boiboihina,boiboika
miboiboika,boiboika
aboiboika,boiboika
fiboiboihana,boiboika
fiboiboika,boiboika
iboiboihana,boiboika
mpiboiboika,boiboika
aboika,boika
boiboika,boika
fiboika,boika
miboika,boika
taboika,boika
tafaboika,boika
boiboitra,boitra
fiboirana,boitra
fiboitra,boitra
iboirana,boitra
mahaboitra,boitra
miboitra,boitra
bokamena,boka
bokankakazo,boka
mampanaboka,boka
mampifanaboka,boka
mifanaboka,boka
pañaboka,boka
bokaina,boka
haboka,boka
anabokana,boka
bokaboka,boka
fanaboka,boka
fanabokana,boka
habokaina,boka
habokana,boka
mahaboka,boka
manaboka,boka
mpanaboka,boka
voaboka,boka
bokampela,bokana
aboke,boke
fiboke,boke
mampiboke,boke
miboke,boke
piboke,boke
voaboke,boke
mibokeobokeoke,bokeoke
tabokimake,bokimake
abokinake,bokinake
fibokinake,bokinake
mampibokinake,bokinake
voabokinake,bokinake
mibokitra,bokitra
anabokirana,bokitra
bokitrakitra,bokitra
fanabokirana,bokitra
fanabokitra,bokitra
fibokirana,bokitra
fibokitra,bokitra
ibokirana,bokitra
mahabokitra,bokitra
manabokitra,bokitra
mpanabokitra,bokitra
fibokitsike,bokitsike
mampibokitsike,bokitsike
mibokitsike,bokitsike
pibokitsike,bokitsike
voabokitsike,bokitsike
bokoloha,boko
bokorano,boko
bokovolo,boko
bokoboko,boko
fibokoboko,bokoboko
mibokoboko,bokoboko
ibolaliana,bolaly
abolaly,bolaly
fibolaly,bolaly
mibolaly,bolaly
mpibolaly,bolaly
mibolana,bolana
bolangindangina,bolangina
fibolangina,bolangina
mahabolangina,bolangina
mibolangina,bolangina
mibolasidasitra,bolasidasitra
abolasitra,bolasitra
bolasidasitra,bolasitra
bolasirana,bolasitra
bolasirina,bolasitra
fibolasirana,bolasitra
ibolasirana,bolasitra
mahabolasitra,bolasitra
mampibolasitra,bolasitra
mibolasitra,bolasitra
tafabolasitra,bolasitra
habole,bole
fiboletaka,boletaka
miboletaka,boletaka
fiboletaleta,boletaleta
fiboletaletana,boletaleta
iboletaletana,boletaleta
mahaboletaleta,boletaleta
miboletaleta,boletaleta
boliadiaka,boliaka
miboliaka,boliaka
ibolidilidiana,bolidilidy
mibolidilidy,bolidilidy
abolidy,bolidy
bolidilidy,bolidy
fibolidiana,bolidy
fibolidy,bolidy
ibolidiana,bolidy
mibolidy,bolidy
mpibolidy,bolidy
tafabolidy,bolidy
abolila,bolila
anabolilana,bolila
bolilalila,bolila
fanabolila,bolila
fanabolilana,bolila
fibolila,bolila
fibolilana,bolila
ibolilana,bolila
manabolila,bolila
mibolila,bolila
mpanabolila,bolila
mpibolila,bolila
tafabolila,bolila
abolisatra,bolisatra
bolisadisatra,bolisatra
bolisarana,bolisatra
fibolisarana,bolisatra
fibolisatra,bolisatra
ibolisarana,bolisatra
mahabolisatra,bolisatra
mibolisatra,bolisatra
mpibolisatra,bolisatra
tafabolisatra,bolisatra
abolisatse,bolisatse
mampibolisatse,bolisatse
mibolisatse,bolisatse
pibolisatse,bolisatse
manabolitika,bolitika
manabolobolo,bolobolo
mibolobolo,bolobolo
fibolobolo,bolobolo
mibolofotra,bolofotra
mambomba,bomba
fibonabona,bonabona
fibonabonana,bonabona
ibonabonana,bonabona
mibonabona,bonabona
habonehana,bonaika
fibonaika,bonaika
fibonehana,bonaika
ibonehana,bonaika
jabonaika,bonaika
mibonaika,bonaika
tabonaka,bonaka
abonaka,bonaka
anabonahana,bonaka
fanabonahana,bonaka
fanabonaka,bonaka
fibonahana,bonaka
fibonaka,bonaka
ibonahana,bonaka
mahabonaka,bonaka
manabonaka,bonaka
mibonaka,bonaka
mpanabonaka,bonaka
tafabonaka,bonaka
fiboñake,bonake
mampiboñake,bonake
miboñake,bonake
piboñake,bonake
fibonanaka,bonanaka
mibonanaka,bonanaka
mpibonanaka,bonanaka
mitaboneka,boneka
fibonenika,bonenika
mibonenika,bonenika
mpibonenika,bonenika
bongabonga,bonga
bongaina,bonga
fibonga,bonga
mampibonga,bonga
mibonga,bonga
mibongabonga,bonga
pibonga,bonga
mibongina,bongina
bonginina,bongina
amongobongoana,bongo
ibongoana,bongo
mamongo,bongo
mibongo,bongo
bongobongo,bongo
mahabongo,bongo
mihabongo,bongo
pibongo,bongo
bongoina,bongo
mamongobongo,bongobongo
bongobongoina,bongobongo
mabonibonika,bonibonika
mibonibony,bonibony
mabonika,bonika
mibonika,bonika
mibonitse,bonitse
mibonobono,bonobono
mibonobonoky,bonobonoky
ambonohana,bonoka
mampanabonoka,bonoka
mampifanabonoka,bonoka
mifanabonoka,bonoka
abonoka,bonoka
anabonohana,bonoka
bonobonoka,bonoka
bonohina,bonoka
fambonoka,bonoka
fanabonohana,bonoka
fanabonoka,bonoka
fibonohana,bonoka
fibonoka,bonoka
ibonohana,bonoka
mahabonoka,bonoka
mambonoka,bonoka
manabonoka,bonoka
mibonoka,bonoka
mpambonoka,bonoka
mpanabonoka,bonoka
mpibonoka,bonoka
tafabonoka,bonoka
voabonoka,bonoka
mibononoka,bononoka
binontaka,bontaka
bontahina,bontaka
ibontahana,bontaka
mibontaka,bontaka
mamontana,bontana
fibontana,bontana
fibontanana,bontana
ibontanana,bontana
mibontana,bontana
abontana,bontana
anabontanana,bontana
fanabontanana,bontana
manabontana,bontana
mpanabontana,bontana
bontolontolo,bontolo
mambontsimbontsina,bontsimbontsina
fibontsimbontsinana,bontsimbontsina
mibontsimbontsina,bontsimbontsina
abontsina,bontsina
anabontsinana,bontsina
bontsimbontsina,bontsina
bontsinina,bontsina
fanabontsina,bontsina
fanabontsinana,bontsina
fibontsina,bontsina
fibontsinana,bontsina
ibontsinana,bontsina
mahabontsina,bontsina
mambontsina,bontsina
manabontsina,bontsina
mananbontsina,bontsina
mibontsina,bontsina
mpanabontsina,bontsina
mpibontsina,bontsina
voabontsina,bontsina
aborabora,borabora
amoraborana,borabora
boraboraina,borabora
famorabora,borabora
famoraborana,borabora
fanaborabora,borabora
fiborabora,borabora
fiboraborana,borabora
iboraborana,borabora
mahaborabora,borabora
mamorabora,borabora
manaborabora,borabora
miborabora,borabora
mpamborabora,borabora
mpanaborabora,borabora
tafaborabora,borabora
voaborabora,borabora
miboraboraka,boraboraka
mamorafotse,borafotse
miborafotse,borafotse
mampamboraka,boraka
mampifamboraka,boraka
miboraka,boraka
mifamboraka,boraka
aboraka,boraka
amborahana,boraka
anaborahana,boraka
bonoraka,boraka
boraboraka,boraka
borahina,boraka
famborahana,boraka
famboraka,boraka
fanaborahana,boraka
fanaboraka,boraka
fiborahana,boraka
fiboraka,boraka
iborahana,boraka
mahaboraka,boraka
mamboraka,boraka
manaboraka,boraka
mpamboraka,boraka
mpanaboraka,boraka
tafaboraka,boraka
voaboraka,boraka
voaboraraka,boraraka
aboraraka,boraraka
anaborarahana,boraraka
boraradraraka,boraraka
borarahana,boraraka
fanaborarahana,boraraka
fanaboraraka,boraraka
fiborarahana,boraraka
fiboraraka,boraraka
iborarahana,boraraka
mahaboraraka,boraraka
manaboraraka,boraraka
miboraraka,boraraka
mpanaboreraka,boraraka
miborataka,borataka
fiboratsake,boratsake
mampiboratsake,boratsake
miboratsake,boratsake
piboratsake,boratsake
fiborea,borea
mampiborea,borea
miborea,borea
piborea,borea
fiboredidredehana,boredidredika
mampanaboredika,boredika
mifanaboredika,boredika
aboredika,boredika
anaboredehana,boredika
boredehina,boredika
boredidredika,boredika
fampiboredehana,boredika
fanaboredehana,boredika
fanaboredika,boredika
fiboredehana,boredika
fiboredika,boredika
iboredehana,boredika
mahaboredika,boredika
manaboredika,boredika
miboredika,boredika
mpanaboredika,boredika
mpiboredika,boredika
boreraina,borera
borerarera,borera
fanaborera,borera
fiborera,borera
fiborerana,borera
iborerana,borera
mahaborera,borera
manaborera,borera
miborera,borera
mpanaborera,borera
anaborerahana,boreraka
borerahina,boreraka
manaboreraka,boreraka
miboreraka,boreraka
aboreraka,boreraka
fiborerarerana,borerarera
miborerarera,borerarera
boresaresa,boresa
fiboresa,boresa
fiboresana,boresa
iboresana,boresa
miboresa,boresa
mpiboresa,boresa
taboretaka,boretaka
aboretaka,boretaka
anaboretahana,boretaka
boretadretaka,boretaka
fanaboretahana,boretaka
fanaboretaka,boretaka
fiboretahana,boretaka
fiboretaka,boretaka
iboretahana,boretaka
mahaboretaka,boretaka
manaboretaka,boretaka
miboretaka,boretaka
mpanaboretaka,boretaka
mpiboretaka,boretaka
tafaboretaka,boretaka
voaboretaka,boretaka
miboriaka,boriaka
amoriboriana,boribory
anaboriboriana,boribory
boriborina,boribory
fanaboriboriana,boribory
fanaboribory,boribory
kiboribory,boribory
mamoribory,boribory
manaboribory,boribory
mpanaboribory,boribory
voaboribory,boribory
mamboridana,boridana
mampifanaboridana,boridana
miboridana,boridana
miboridandridana,boridana
mifanaboridana,boridana
aboridana,boridana
anaboridanana,boridana
boridandridana,boridana
fampiboridanana,boridana
fanaboridana,boridana
fanaboridanana,boridana
fiboridana,boridana
fiboridanana,boridana
iboridanana,boridana
mahaboridana,boridana
mampanaboridana,boridana
manaboridana,boridana
mpanaboridana,boridana
mpiboridana,boridana
miborike,borike
amorisana,boritra
borisana,boritra
famorisana,boritra
voaboritra,boritra
iboritsahana,boritsaka
miboritsaka,boritsaka
mamboroaka,boroaka
miboroaka,boroaka
taboroaka,boroaka
aboroaka,boroaka
anaboroahana,boroaka
boroadroaka,boroaka
boroahana,boroaka
boroboahana,boroaka
fanaboroahana,boroaka
fanaboroaka,boroaka
fiboroahana,boroaka
fiboroaka,boroaka
iboroahana,boroaka
mahaboroaka,boroaka
manaboroaka,boroaka
mpanaboroaka,boroaka
tafaboroaka,boroaka
voaboroaka,boroaka
miboroake,boroake
taborobaka,borobaka
miborobaka,borobaka
amboronana,borona
anaboronana,borona
boromborona,borona
boronina,borona
fanaborona,borona
fanaboronana,borona
mahaborona,borona
mamborona,borona
mampanaborona,borona
manaborona,borona
mifanaborona,borona
mpanaborona,borona
voaborona,borona
abororoaka,bororoaka
fibororoahana,bororoaka
fibororoaka,bororoaka
ibororoahana,bororoaka
mahabororoaka,bororoaka
mibororoaka,bororoaka
mpibororoaka,bororoaka
tafabororoaka,bororoaka
iborosiana,borosy
aborosy,borosy
anaborosiana,borosy
borosina,borosy
fanaborosiana,borosy
fanaborosy,borosy
fiborosiana,borosy
fiborosy,borosy
mahaborosy,borosy
mampiborosy,borosy
manaborosy,borosy
miborosy,borosy
mifampiborosy,borosy
mpanaborosy,borosy
mpiborosy,borosy
piborosy,borosy
pifampiborosy,borosy
voaborosy,borosy
aborotsaka,borotsaka
anaborotsahana,borotsaka
borotsadrotsaka,borotsaka
fanaborotsahana,borotsaka
fanaborotsaka,borotsaka
fiborotsahana,borotsaka
fiborotsaka,borotsaka
iborotsahana,borotsaka
mahaborotsaka,borotsaka
manaborotsaka,borotsaka
miborotsaka,borotsaka
mpanaborotsaka,borotsaka
mpiborotsaka,borotsaka
taborotsaka,borotsaka
tafaborotsaka,borotsaka
voaborotsaka,borotsaka
amboriana,bory
bonory,bory
boriana,bory
iboriana,bory
kibory,bory
mambory,bory
manabory,bory
voabory,bory
boribory,bory
habory,bory
mahabory,bory
mampambory,bory
mampifambory,bory
mibory,bory
mifambory,bory
mihabory,bory
tabory,bory
abosasaka,bosasaka
anabosasahana,bosasaka
bosasahana,bosasaka
bosasatsasaka,bosasaka
fanabosasahana,bosasaka
fanabosasaka,bosasaka
fibosasahana,bosasaka
fibosasaka,bosasaka
ibosasahana,bosasaka
mampanabosasaka,bosasaka
mampifambosasaka,bosasaka
manabosasaka,bosasaka
mibosasaka,bosasaka
mifanabosasaka,bosasaka
mpanabosasaka,bosasaka
mpibosasaka,bosasaka
tafabosasaka,bosasaka
voabosasaka,bosasaka
miboseke,boseke
mambosesika,bosesika
mampibosesika,bosesika
mampifambosesika,bosesika
mifambosesika,bosesika
mifampibosesika,bosesika
abosesika,bosesika
anabosesehana,bosesika
bosesehana,bosesika
bosesitsesika,bosesika
fanabosesehana,bosesika
fanabosesika,bosesika
fibosesehana,bosesika
fibosesika,bosesika
ibosesehana,bosesika
mahabosesika,bosesika
mamosesika,bosesika
mampambosesika,bosesika
manabosesika,bosesika
mibosesika,bosesika
mpanabosesika,bosesika
mpibosesika,bosesika
tafabosesika,bosesika
voabosesika,bosesika
mibosibosika,bosibosika
voabosibosika,bosibosika
abosibosika,bosibosika
ambosibosehana,bosibosika
amosibosehana,bosibosika
fambosibosehana,bosibosika
fambosibosika,bosibosika
famosibosehana,bosibosika
famosibosika,bosibosika
mambosibosika,bosibosika
mamosibosika,bosibosika
mpambosibosika,bosibosika
mpamosibosika,bosibosika
ambosehana,bosika
ibosibosehana,bosika
mamosika,bosika
abosika,bosika
bosibosika,bosika
fambosika,bosika
mambosika,bosika
voabosika,bosika
mamosike,bosike
miboso,boso
bosina,bosy
ampamota,bota
famota,bota
fampamota,bota
mamota,bota
mampamota,bota
pamota,bota
voabota,bota
botabota,bota
kibotabota,botabota
botanatanaka,botanaka
fibotanaka,botanaka
mibotanaka,botanaka
mpibotanaka,botanaka
mibotataka,botataka
abotetaka,botetaka
anabotetahana,botetaka
botetatetaka,botetaka
fanabotetahana,botetaka
fanabotetaka,botetaka
fibotetahana,botetaka
fibotetaka,botetaka
ibotetahana,botetaka
mahabotetaka,botetaka
manabotetaka,botetaka
mibotetaka,botetaka
mpanabotetaka,botetaka
mpibotetaka,botetaka
tabotetaka,botetaka
tafabotetaka,botetaka
voabotetaka,botetaka
mibotitaka,botitaka
abotitike,botitike
mibotitike,botitike
pibotititse,botititse
voabotititse,botititse
mibotitry,botitry
botrabotra,botra
anabotrabotrana,botrabotra
manabotrabotra,botrabotra
botrabotraina,botrabotra
mahabotrabotra,botrabotra
botrefontrefona,botrefona
fanabotretra,botretra
mampanabotretra,botretra
manabotretra,botretra
mifanabotretra,botretra
mpanabotretra,botretra
ambotriana,botry
mampifambotry,botry
mifambotry,botry
anabotriana,botry
botribotry,botry
botrina,botry
fambotriana,botry
fambotry,botry
fanabotriana,botry
fanabotry,botry
mahabotry,botry
mambotry,botry
mampambotry,botry
manabotry,botry
mpambotry,botry
mpanabotry,botry
voabotry,botry
mamotsibotsy,botsibotsy
mampibotsike,botsike
mibotsike,botsike
pibotsike,botsike
mibotsy,botsy
kamboty,boty
anabovezana,bove
fanabove,bove
fanabovezana,bove
mahabove,bove
manabove,bove
mpanabove,bove
voabove,bove
abozeka,bozeka
amozehana,bozeka
bozehina,bozeka
famozehana,bozeka
ibozehana,bozeka
mamozeka,bozeka
mibozeka,bozeka
mibozika,bozika
bozibozy,bozy
miboña,boña
mañaboty,bôty
mida,da
toada,da
midaba,daba
dabadaba,daba
fidababaka,dababaka
midababaka,dababaka
adabadaba,dabadaba
dabadabaina,dabadaba
fidabadaba,dabadaba
fidabadabana,dabadaba
idabadabana,dabadaba
mahadabadaba,dabadaba
midabadaba,dabadaba
midabadoa,dabadoa
fidabaka,dabaka
midabaka,dabaka
midabebaka,dabebaka
fidabebaka,dabebaka
adaboboka,daboboka
anadabobohana,daboboka
andabobohana,daboboka
daboboboboka,daboboka
dabobohana,daboboka
fanadabobohana,daboboka
fanadaboboka,daboboka
fidabobohana,daboboka
fidaboboka,daboboka
idabobohana,daboboka
mahadaboboka,daboboka
mampifanadaboboka,daboboka
manadaboboka,daboboka
mandaboboka,daboboka
miandaboboka,daboboka
midaboboka,daboboka
mifanadaboboka,daboboka
mpanadaboboka,daboboka
mpidaboboka,daboboka
tafadaboboka,daboboka
voadaboboka,daboboka
andabodabohana,dabodaboka
dabodabohana,dabodaboka
mandabodaboka,dabodaboka
midabodaboka,dabodaboka
voadabodaboka,dabodaboka
midabofoka,dabofoka
anadabohana,daboka
fanadaboka,daboka
fandabohana,daboka
fandaboka,daboka
mampandaboka,daboka
mampifandaboka,daboka
miandaboka,daboka
midaboka,daboka
midabòka,daboka
mifandaboka,daboka
adaboka,daboka
andabohana,daboka
dabodaboka,daboka
dabofana,daboka
dabohana,daboka
daraboka,daboka
fanadabohana,daboka
fidabohana,daboka
idabohana,daboka
mahadaboka,daboka
mampidaboka,daboka
manadaboka,daboka
mandaboka,daboka
mpandaboka,daboka
mpidaboka,daboka
tafadaboka,daboka
voadaboka,daboka
fidaboka,daboka
adaboke,daboke
fadaboke,daboke
mampidaboke,daboke
midaboke,daboke
pidaboke,daboke
voadaboke,daboke
kodada,dada
adadaboka,dadaboka
fidadabohana,dadaboka
fidadaboka,dadaboka
idadabohana,dadaboka
midadaboka,dadaboka
voadadaboka,dadaboka
fidadadada,dadadada
fidadadadana,dadadada
idadadadana,dadadada
midadadada,dadadada
mpidadadada,dadadada
dadadadaka,dadaka
midadaka,dadaka
fidadahana,dadaka
fidadaka,dadaka
idadahana,dadaka
kodadaka,dadaka
mpidadaka,dadaka
dadasidasika,dadasika
fidadasika,dadasika
midadasika,dadasika
fidadenake,dadenake
mampidadenake,dadenake
midadenake,dadenake
adadina,dadina
andadimana,dadina
dadimina,dadina
voadadina,dadina
midady,dady
mampidagaga,dagaga
fidagaga,dagaga
fidagagana,dagaga
idagagana,dagaga
midagaga,dagaga
daholodaholo,daholo
daikadaika,daika
fidaikana,daika
idaikana,daika
midaika,daika
mpidaika,daika
fidaikadaikana,daikadaika
midaikadaika,daikadaika
andainana,daina
dainana,daina
fandaina,daina
fandainana,daina
mahadaina,daina
mampandaina,daina
mampifandaina,daina
mandaina,daina
mifandaina,daina
mpandaina,daina
voadaina,daina
fidaindaina,daindaina
fidaindainana,daindaina
idaindainana,daindaina
midaindaina,daindaina
fidaingidaingena,daingidaingy
fidaingidaingy,daingidaingy
idaingidaingena,daingidaingy
midaingidaingy,daingidaingy
voadaingidaingy,daingidaingy
dinaka,daka
fidaka,daka
mampandaka,daka
mampifandaka,daka
midaka,daka
mifandaka,daka
voadaka,daka
adaka,daka
andakana,daka
dakadaka,daka
dakana,daka
fandaka,daka
mahadaka,daka
mandaka,daka
mpandaka,daka
dakadakana,dakadaka
fidakadaka,dakadaka
fidakadakana,dakadaka
idakadakana,dakadaka
midakadaka,dakadaka
mitsidakadaka,dakadaka
mpidakadaka,dakadaka
sadakadaka,dakadaka
andakofana,dakotra
dakofana,dakotra
mandakotra,dakotra
adalaboboka,dalaboboka
fidalabobohana,dalaboboka
fidalaboboka,dalaboboka
idalabobohana,dalaboboka
midalaboboka,dalaboboka
mpidalaboboka,dalaboboka
midalao,dalao
anadanadanana,danadana
danadanaina,danadana
fidanadana,danadana
fidanadanana,danadana
idanadanana,danadana
mahadanadana,danadana
manadanadana,danadana
midanadana,danadana
mpidanadana,danadana
tafadanadana,danadana
voadanadana,danadana
fidananahana,dananaka
fidananaka,dananaka
idananahana,dananaka
midananaka,dananaka
mpidananaka,dananaka
danesanesaka,danesaka
fidanesahana,danesaka
fidanesaka,danesaka
idanesahana,danesaka
midanesaka,danesaka
mpidanesaka,danesaka
manadanga,danga
dangadanga,danga
fidanga,danga
mampidanga,danga
midanga,danga
pidanga,danga
adangadanga,dangadanga
anadangadangana,dangadanga
fanadangadangàna,dangadanga
fidangadangana,dangadanga
idangadangana,dangadanga
mahadangadanga,dangadanga
manadangadanga,dangadanga
midangadanga,dangadanga
mpidangadanga,dangadanga
adangana,dangana
anadanganana,dangana
fanadangana,dangana
fanadanganana,dangana
fidangana,dangana
fidanganana,dangana
idanganana,dangana
mahadangana,dangana
manadangana,dangana
midangana,dangana
mpanadangana,dangana
mpidangana,dangana
ampidangire,dangitse
mahadangitse,dangitse
mihadangitse,dangitse
pidangitse,dangitse
mahadango,dango
dangodango,dango
fidanidaniana,danidany
fidanidany,danidany
idanidaniana,danidany
midanidany,danidany
mpidanidany,danidany
danidanika,danika
danihina,danika
fidanihana,danika
fidanika,danika
idanihana,danika
mahadanika,danika
midanika,danika
mpidanika,danika
voadanika,danika
midanina,danina
kidanodanoka,danoka
mahadanoka,danoka
fidanohana,danoka
fidanoka,danoka
idanohana,danoka
midanoka,danoka
mpidanoka,danoka
madao,dao
mampadao,dao
padao,dao
tafadaondaona,daondaona
fidaondaona,daondaona
fidaondaonana,daondaona
idaondaonana,daondaona
mahadaondaona,daondaona
midaondaona,daondaona
mpidaondaona,daondaona
mifandaraboka,daraboka
adaraboka,daraboka
anadarabohana,daraboka
fanadarabohana,daraboka
fidarabohana,daraboka
fidaraboka,daraboka
idarabohana,daraboka
mahadaraboka,daraboka
mampanadaraboka,daraboka
mampifanadaraboka,daraboka
manadaraboka,daraboka
miandaraboka,daraboka
midaraboka,daraboka
mifanadaraboka,daraboka
mpanadaraboka,daraboka
tafadaraboka,daraboka
voadaraboka,daraboka
fidararahana,dararaka
fidararaka,dararaka
idararahana,dararaka
midararaka,dararaka
mpidararaka,dararaka
mampidare,dare
midare,dare
mifampidary,dare
pidare,dare
pifampidare,dare
fidaridary,daridary
midaridary,daridary
mampidaroba,daroba
fandarobohana,daroboka
adaroboka,daroboka
anadarobohana,daroboka
fanadarobohana,daroboka
fanadaroboka,daroboka
fidarobohana,daroboka
fidaroboka,daroboka
idarobohana,daroboka
mahadaroboka,daroboka
mampanadaroboka,daroboka
mampifanadaroboka,daroboka
manadaroboka,daroboka
midaroboka,daroboka
mifanadaroboka,daroboka
mpanadaroboka,daroboka
mpidaraboka,daroboka
mpidaroboka,daroboka
tafadaroboka,daroboka
voadaroboka,daroboka
mampandaroka,daroka
mampifandaroka,daroka
mifandaroka,daroka
adaroka,daroka
andarofana,daroka
andarohana,daroka
darofana,daroka
darohana,daroka
fandarofana,daroka
fandarohana,daroka
fandaroka,daroka
fidaroka,daroka
mahadaroka,daroka
mandaroka,daroka
midaroka,daroka
mpandaroka,daroka
voadaroka,daroka
adarona,darona
darondarona,darona
fidarona,darona
fidaronana,darona
idaronana,darona
mahadarona,darona
midarona,darona
mpidarona,darona
fidarondaronana,darondarona
fidarondarona,darondarona
idarondaronana,darondarona
mahadarondarona,darondarona
midarondarona,darondarona
fidaroroka,daroroka
midaroroka,daroroka
idariana,dary
midary,dary
idasidasiana,dasidasy
mahadasidasy,dasidasy
mpidasidasy,dasidasy
adasidasy,dasidasy
fidasidasiana,dasidasy
fidasidasy,dasidasy
midasidasy,dasidasy
tafadasidasy,dasidasy
aday,day
midebaka,debaka
fideboka,deboka
mideboka,deboka
adeboke,deboke
mideboky,deboky
dedadeda,deda
adedadeda,dedadeda
fidedadeda,dedadeda
fidedadedana,dedadeda
idedadedana,dedadeda
midedadeda,dedadeda
mpidedadeda,dedadeda
tafadedadeda,dedadeda
mahadedaka,dedaka
tafadedaka,dedaka
adedaka,dedaka
fidedahana,dedaka
fidedaka,dedaka
idedahana,dedaka
midedaka,dedaka
mpidedaka,dedaka
kodedika,dedika
adefotse,defotse
mampidefotse,defotse
fidehadeha,dehadeha
fidehadehana,dehadeha
idehadehana,dehadeha
midehadeha,dehadeha
fidehandehana,dehandehana
fidehandehanana,dehandehana
idehandehanana,dehandehana
midehandehana,dehandehana
mpidehandehana,dehandehana
fahadehedehea,dehedehe
hadehedehe,dehedehe
mahadehedehe,dehedehe
adeka,deka
ampideka,deka
fampideka,deka
mampideka,deka
mideka,deka
mahadeko,deko
mihadeko,deko
fidelira,delira
mahadelira,delira
midelira,delira
mihadelira,delira
pidelira,delira
ademba,demba
anadembana,demba
dembademba,demba
dembaina,demba
dembanina,demba
fanademba,demba
mahademba,demba
manademba,demba
mpanademba,demba
voademba,demba
adembana,dembana
anadembanana,dembana
fanadembana,dembana
fanadembanana,dembana
manadempa,dempa
mandempa,dempa
midempa,dempa
ampideraina,dera
ampiderana,dera
fanadera,dera
manadera,dera
mifampidera,dera
ampidera,dera
deradera,dera
deraina,dera
fadera,dera
fampidera,dera
fidera,dera
fiderana,dera
fifampidera,dera
iderana,dera
madera,dera
mahadera,dera
mampidera,dera
midera,dera
mpidera,dera
pidera,dera
pifampidera,dera
voadera,dera
fideraderana,deradera
aderadera,deradera
anaderaderana,deradera
fanaderadera,deradera
fanaderaderana,deradera
fideradera,deradera
maderadera,deradera
mahaderadera,deradera
manaderadera,deradera
mideradera,deradera
mpanaderadera,deradera
mpideradera,deradera
adero,dero
fidero,dero
mampidero,dero
midero,dero
pidero,dero
mideroderoka,deroderoka
deronina,derona
mahaderonderona,deronderona
tafaderonderona,deronderona
fideronderona,deronderona
fideronderonana,deronderona
ideronderonana,deronderona
mideronderona,deronderona
mpideronderona,deronderona
dedeso,deso
mahadeza,deza
adeza,deza
dezaina,deza
fideza,deza
fidezana,deza
idezana,deza
mideza,deza
mpideza,deza
tafadeza,deza
voadeza,deza
adia,dia
hadia,dia
mahadia,dia
midia,dia
voadia,dia
andiavana,dia
diadia,dia
diavina,dia
fandia,dia
fandiasana,dia
fandiavana,dia
ifandiasana,dia
mandia,dia
mpandia,dia
diadiasana,diadia
kidiadia,diadia
voadiadia,diadia
mampadiandiana,diandiana
fidibadibana,dibadiba
idibadibana,dibadiba
midibadiba,dibadiba
adibadibaka,dibadibaka
midibadibaka,dibadibaka
dibadibaka,dibaka
midibaka,dibaka
midibidiby,dibidiby
dibohana,diboka
fidiboka,diboka
idibohana,diboka
midiboka,diboka
midiby,diby
diderena,didery
manadidery,didery
adidike,didike
mahadidike,didike
mididike,didike
mihadidike,didike
voadidike,didike
mampifandiditra,diditra
mifamadiditra,diditra
adiditra,diditra
andidifana,diditra
didifana,diditra
fadiditra,diditra
mandiditra,diditra
mifandiditra,diditra
vadiditra,diditra
hadidiana,didy
mpididy,didy
adidy,didy
andidiana,didy
didiana,didy
didididy,didy
dinidy,didy
fandidiana,didy
fandidy,didy
fididy,didy
mahadidy,didy
mampandidy,didy
mampifandidy,didy
mandidy,didy
mididy,didy
mifandidy,didy
mpandidy,didy
voadidy,didy
adifika,difika
andifihana,difika
fandifihana,difika
fandifika,difika
fidifihana,difika
fidifika,difika
idifihana,difika
mahadifika,difika
mampandifika,difika
mampidifika,difika
mampifandifika,difika
mandifika,difika
midifika,difika
mifampidifika,difika
mifandifika,difika
mpandifika,difika
mpidifika,difika
tafadifika,difika
tandifika,difika
voadifika,difika
adifotra,difotra
fandifotra,difotra
mahadifotra,difotra
mandifotra,difotra
midify,dify
adify,dify
andifiana,dify
difaina,dify
fandifiana,dify
fandify,dify
fidifiana,dify
fidify,dify
idifiana,dify
mahadify,dify
mandify,dify
mpandify,dify
mpidify,dify
tafadify,dify
voadify,dify
fidihindihina,dihindihina
fidihindihinana,dihindihina
idihindihinana,dihindihina
midihindihina,dihindihina
mpidihindihina,dihindihina
ampandihizina,dihy
andihizana,dihy
dihizana,dihy
dihizina,dihy
fandihizana,dihy
fandihy,dihy
mampandihy,dihy
mandihy,dihy
mpandihy,dihy
andikadikana,dika
mañadika,dika
midikadika,dika
pañadika,dika
adika,dika
ampandika,dika
andikana,dika
dikadika,dika
dikaina,dika
dinika,dika
fampandika,dika
fandikana,dika
fifampandika,dika
fifandika,dika
mahadika,dika
mampandika,dika
mampifandika,dika
mandika,dika
midika,dika
mifampandika,dika
mifandika,dika
mihamandika,dika
mpandika,dika
pampandika,dika
pandika,dika
pifampandika,dika
pifandika,dika
voadika,dika
falika,dika
dikadikaina,dikadika
mandikadika,dikadika
madikatra,dikatra
andikarana,dikatra
fandikatra,dikatra
fidikatra,dikatra
mampandikatra,dikatra
mampifandikatra,dikatra
mandikatra,dikatra
midikatra,dikatra
mifandikatra,dikatra
mpandikatra,dikatra
fahadikidikiana,dikidiky
madikidiky,dikidiky
mahadikidiky,dikidiky
mampahadikidiky,dikidiky
mahadikitra,dikitra
dikidiky,diky
madiky,diky
mahadiky,diky
midiladila,diladila
manadilana,dilana
adilana,dilana
andilana,dilana
andilanana,dilana
dilanina,dilana
fandilana,dilana
fandilanana,dilana
hadilanana,dilana
madilana,dilana
mandilana,dilana
mpandilana,dilana
voadilana,dilana
mandilatra,dilatra
madilo,dilo
malilo,dilo
mankadilo,dilo
mahadilo,dilo
mampadilo,dilo
mampahadilo,dilo
mpampadilo,dilo
adilovana,dilo
dilovina,dilo
adilotra,dilotra
andilorana,dilotra
dilorina,dilotra
fandilorana,dilotra
fandilotra,dilotra
fidilorana,dilotra
fidilotra,dilotra
fifampidilorana,dilotra
idilorana,dilotra
mampandilotra,dilotra
mampifandilotra,dilotra
mandilotra,dilotra
midilotra,dilotra
mifandilotra,dilotra
mpandilotra,dilotra
mpidilotra,dilotra
voadilotra,dilotra
dimaina,dima
midima,dima
voadima,dima
fahadimampolo,dimampolo
andimbanana,dimbana
dimbadimbana,dimbana
fandimbana,dimbana
mahadimbana,dimbana
mandimbana,dimbana
mpandimbana,dimbana
voadimbana,dimbana
andimbazana,dimby
dimbazana,dimby
dimbiasana,dimby
voadimby,dimby
adimby,dimby
andiasana,dimby
andimbasana,dimby
diasana,dimby
dimbasana,dimby
dinimby,dimby
fandimbasana,dimby
fandimby,dimby
ifandimbiasana,dimby
mahadimby,dimby
mampandimby,dimby
mampifandimby,dimby
mandimby,dimby
midimby,dimby
mifandimby,dimby
mpandimby,dimby
fahadimy,dimy
ampahadimy,dimy
anadimiana,dimy
dimina,dimy
fanadimiana,dimy
fanadimy,dimy
fidimiana,dimy
fidimy,dimy
hadimiana,dimy
idimiana,dimy
indimy,dimy
kidimy,dimy
mahadimy,dimy
manadimy,dimy
midimy,dimy
mpanadimy,dimy
mpidimy,dimy
tsidimidimy,dimy
voadimy,dimy
dinana,dina
mandina,dina
fidinadina,dinadina
fidinadinana,dinadina
idinadinana,dinadina
midinadina,dinadina
mandinadinaka,dinadinaka
andinadinahana,dinaka
andinahana,dinaka
dinadinaka,dinaka
dinahina,dinaka
fandinahana,dinaka
fandinaka,dinaka
mahadinaka,dinaka
mampandinaka,dinaka
mampifandinaka,dinaka
mandinaka,dinaka
mifandinaka,dinaka
mpandinaka,dinaka
voadinaka,dinaka
fidindina,dindina
fidindinana,dindina
idindinana,dindina
mandindina,dindina
midindina,dindina
mampandinga,dinga
mandinga,dinga
pandinga,dinga
voadinga,dinga
dingandingana,dingana
adingana,dingana
andinganana,dingana
dinganina,dingana
diningana,dingana
fandingana,dingana
fandinganana,dingana
mahadingana,dingana
mampandingana,dingana
mampifandingana,dingana
mandingana,dingana
mifandingana,dingana
mpandingana,dingana
tafadingana,dingana
voadingana,dingana
midingidingy,dingidingy
adingidingy,dingidingy
dingidingina,dingidingy
fidingidingiana,dingidingy
fidingidingy,dingidingy
idingidingiana,dingidingy
mahadingidingy,dingidingy
mpidingidingy,dingidingy
tafadingidingy,dingidingy
adingina,dingina
dinginana,dingina
fidingina,dingina
fidinginana,dingina
idinginana,dingina
mahadingina,dingina
mampidingina,dingina
midingina,dingina
mifampidingina,dingina
mpidingina,dingina
tafadingina,dingina
dinidinihina,dinidinika
madinidinika,dinidinika
mahadinidinika,dinidinika
midinidinika,dinidinika
andininy,dinika
fidinihana,dinika
idinahana,dinika
mifandinika,dinika
andinihana,dinika
dinidinika,dinika
dinihina,dinika
fandinihana,dinika
fandinika,dinika
mahadinika,dinika
mampandinika,dinika
mampidinika,dinika
mampifandinika,dinika
mandinika,dinika
midinika,dinika
mifampidinika,dinika
mpandinika,dinika
voadinika,dinika
hadinika,dinika
madinika,dinika
fidinike,dinike
kidinike,dinike
mandinike,dinike
midinike,dinike
mifampidinike,dinike
pandinike,dinike
voadinike,dinike
mahadinirina,dinirina
dinerina,dinitra
dinirina,dinitra
voadinitra,dinitra
andinasana,diny
hidio,dio
anadiovana,dio
andiovana,dio
diodio,dio
diovina,dio
fahadio,dio
fahadiovana,dio
fanadiovana,dio
fandio,dio
fandiovana,dio
fidio,dio
fidiovana,dio
hadio,dio
hadiovana,dio
idiovana,dio
madio,dio
mahadio,dio
mampandio,dio
mampifandio,dio
manadio,dio
mandio,dio
midio,dio
mifandio,dio
mpandio,dio
mpidio,dio
voadio,dio
madiodio,diodio
diridirina,diridiry
fidiridiriana,diridiry
midiridiry,diridiry
adiridiry,diridiry
fidiridiry,diridiry
idiridiriana,diridiry
mahadiridiry,diridiry
mpidiridiry,diridiry
fadirova,diro
hadiro,diro
mihamadiro,diro
padiro,diro
diridiry,diry
fidiry,diry
hadiry,diry
midiry,diry
andisana,disa
disadisa,disa
disaina,disa
disanina,disa
fahadisa,disa
fahadisana,disa
fandisa,disa
fandisana,disa
madisa,disa
mandisa,disa
mpandisa,disa
voadisa,disa
fahadisadisana,disadisa
madisadisa,disadisa
mahadisadisa,disadisa
fahadisahaña,disaka
andisahana,disaka
disadisaka,disaka
disahina,disaka
mandisaka,disaka
voadisaka,disaka
fifandisoana,diso
mampandiso,diso
mampifandiso,diso
andisoana,diso
disodiso,diso
disoina,diso
fahadisoa,diso
fahadisoana,diso
fandiso,diso
fandisoana,diso
hadisoana,diso
mahadiso,diso
mandiso,diso
mifandiso,diso
mihadiso,diso
mpandiso,diso
pandiso,diso
pifandiso,diso
tafadiso,diso
voadiso,diso
adiso,diso
idisoana,diso
midiso,diso
fifandisodisoana,disodiso
mifandisodiso,disodiso
adisoke,disoke
mahadisoke,disoke
mampidisoke,disoke
mandisoke,disoke
midisoke,disoke
mifandisoke,disoke
pandisoke,disoke
pidosike,disoke
pifandisoke,disoke
voadisoke,disoke
fahaditiditiana,ditidity
dirina,ditra
fanditra,ditra
fifandirana,ditra
fifanditra,ditra
haditra,ditra
ifandirana,ditra
maditra,ditra
miditra,ditra
mifanditra,ditra
mpifanditra,ditra
anditsahana,ditsaka
ditsaditsaka,ditsaka
ditsahina,ditsaka
fanditsahana,ditsaka
fanditsaka,ditsaka
mpanditsaka,ditsaka
manditsaka,ditsaka
voaditsaka,ditsaka
aditsika,ditsika
anditsihana,ditsika
ditsiditsika,ditsika
ditsihina,ditsika
fanditsihana,ditsika
fanditsika,ditsika
mahaditsika,ditsika
mampanditsika,ditsika
mampifanditsika,ditsika
manditsika,ditsika
mifanditsika,ditsika
mpanditsika,ditsika
voaditsika,ditsika
anditsohana,ditsoka
fanditsohana,ditsoka
fanditsoka,ditsoka
manditsoka,ditsoka
madity,dity
adity,dity
anditiana,dity
ditiana,dity
ditidity,dity
ditina,dity
ditivina,dity
fanditiana,dity
fandity,dity
fiditiana,dity
fidity,dity
iditiana,dity
mahadity,dity
mampandity,dity
mampifandity,dity
mandity,dity
midity,dity
mifandity,dity
mpandity,dity
voadity,dity
madiva,diva
anadivana,diva
divaina,diva
fanadiva,diva
fanadivana,diva
mahadiva,diva
mampanadiva,diva
mampifanadiva,diva
manadiva,diva
mifanadiva,diva
mpanadiva,diva
voadiva,diva
adizidizy,dizidizy
fidizidiziana,dizidizy
fidizidizy,dizidizy
idizidiziana,dizidizy
midizidizy,dizidizy
mpidizidizy,dizidizy
adizina,dizina
fidizina,dizina
fidizinana,dizina
idizinana,dizina
midizina,dizina
mpidizina,dizina
tafadizina,dizina
dinasana,diñy
madiñy,diñy
mahadiñy,diñy
mandiny,diñy
fidoadoa,doadoa
fidoadoana,doadoa
idoadoana,doadoa
midoadoa,doadoa
mpidoadoa,doadoa
doafana,doaka
fidoafana,doaka
fidoahana,doaka
fidoaka,doaka
idoafana,doaka
idoahana,doaka
midoaka,doaka
andoanana,doana
doanana,doana
fandoana,doana
fandoanana,doana
mahadoana,doana
mampandoana,doana
mampifandoana,doana
mandoana,doana
mifandoana,doana
mpandoana,doana
voadoana,doana
adobebaka,dobebaka
fidobebahana,dobebaka
fidobebaka,dobebaka
idobebahana,dobebaka
midobebaka,dobebaka
mpidobebaka,dobebaka
adobibika,dobibika
anadobibihana,dobibika
fanadobibihana,dobibika
fanadobibika,dobibika
fidobibihana,dobibika
manadobibika,dobibika
midobibika,dobibika
mpanadobibika,dobibika
voadobibika,dobibika
mahadobo,dobo
midobo,dobo
mihadobo,dobo
dobodobohana,dobodoboka
fidobodoboka,dobodoboka
idobodobohana,dobodoboka
mampidobodoboka,dobodoboka
midobodoboka,dobodoboka
tsidobodoboka,dobodoboka
kodoboka,doboka
mampandoboka,doboka
mampifandoboka,doboka
midoboka,doboka
mifandoboka,doboka
adoboka,doboka
andobohana,doboka
dobodoboka,doboka
dobofana,doboka
dobohana,doboka
fandobohana,doboka
fandoboka,doboka
fidobohana,doboka
fidoboka,doboka
mahadoboka,doboka
mandoboka,doboka
mpandoboka,doboka
mpidoboka,doboka
idobohana,doboka
tafadoboka,doboka
voadoboka,doboka
adoboke,doboke
fidoboke,doboke
mampidoboke,doboke
pidoboke,doboke
madoby,doby
midoby,doby
dodadoda,doda
dodadodaina,dodadoda
adodadoda,dodadoda
anadodadodana,dodadoda
fanadodadoda,dodadoda
fanadodadodana,dodadoda
fidodadoda,dodadoda
fidodadodana,dodadoda
idodadodana,dodadoda
manadodadoda,dodadoda
midodadoda,dodadoda
mpanadodadoda,dodadoda
mpidodadoda,dodadoda
voadodadoda,dodadoda
manadodibika,dodibika
adodo,dodo
dodododo,dodo
dodosina,dodo
mampidodo,dodo
midodo,dodo
mifampidodo,dodo
mifandodo,dodo
pidodo,dodo
pifampidodo,dodo
pifandodo,dodo
voadodo,dodo
adodododo,dodododo
fidodododo,dodododo
fidodododoana,dodododo
idodododoana,dodododo
mampidodododo,dodododo
midodododo,dodododo
mifampidodododo,dodododo
mpidodododo,dodododo
somadodoka,dodoka
kododoka,dodoka
sododoka,dodoka
andodonana,dodona
dodonana,dodona
fahadodonana,dodona
fandodonana,dodona
kododona,dodona
mahadodona,dodona
mampandodona,dodona
mampifandodona,dodona
mandodona,dodona
mifandodona,dodona
mpandodona,dodona
voadodona,dodona
adofaka,dofaka
anadofahana,dofaka
dofahana,dofaka
fanadofahana,dofaka
fanadofaka,dofaka
fidofahana,dofaka
fidofaka,dofaka
idofahana,dofaka
manadofaka,dofaka
midofaka,dofaka
mpanadofaka,dofaka
mpidofaka,dofaka
adofitra,dofitra
andofirana,dofitra
dofirina,dofitra
fidofitra,dofitra
mandofitra,dofitra
midofitra,dofitra
tafadofitra,dofitra
voadofitra,dofitra
mampidofotra,dofotra
mifampidofotra,dofotra
adofotse,dofotse
fadofotse,dofotse
mahadofotse,dofotse
mampidofotse,dofotse
mifampidofotse,dofotse
mifandofotse,dofotse
pampandofotse,dofotse
pandofotse,dofotse
pidofotse,dofotse
pifampidofotse,dofotse
pifandofotse,dofotse
voadofotse,dofotse
mampidogaga,dogaga
adogaga,dogaga
fidogaga,dogaga
fidogagana,dogaga
idogagana,dogaga
mahadogaga,dogaga
midogaga,dogaga
mpidogaga,dogaga
tafadogaga,dogaga
idohadohana,dohadoha
mampidohadoha,dohadoha
mifampidohadoha,dohadoha
midohadoha,dohadoha
dohadohaka,dohaka
fidohafana,dohaka
fidohaka,dohaka
fidohàka,dohaka
idohafana,dohaka
mahadohaka,dohaka
mampidohaka,dohaka
midohaka,dohaka
mifampidohaka,dohaka
mpidohaka,dohaka
adohàka,dohaka
mahadohàka,dohaka
midohàka,dohaka
mpidohàka,dohaka
fanadokana,doka
mampandoka,doka
mampidoka,doka
mampifandoka,doka
mifampidoka,doka
andokafana,doka
dokadoka,doka
dokafana,doka
fandoka,doka
fandokafana,doka
fidoka,doka
fidokafana,doka
idokafana,doka
mandoka,doka
midoka,doka
mpandoka,doka
mpidoka,doka
voadoka,doka
andokana,doka
dokana,doka
fanadoka,doka
fandokana,doka
mahadoka,doka
mpanadoka,doka
fidokadoka,dokadoka
mahadokadoka,dokadoka
midokadoka,dokadoka
mpidokadoka,dokadoka
midokola,dokola
andokorohana,dokoroka
fandokorohana,dokoroka
fandokoroka,dokoroka
mahadokoroka,dokoroka
mandokoroka,dokoroka
mpandokoroka,dokoroka
adola,dola
doladola,dola
fidolana,dola
idolana,dola
mahadola,dola
mampanadola,dola
mampifanadola,dola
midola,dola
mifanadola,dola
adoladola,doladola
anadoladolana,doladola
fanadoladola,doladola
fanadoladolana,doladola
fidoladola,doladola
fidoladolana,doladola
idoladolana,doladola
mahadoladola,doladola
mampanadoladola,doladola
mampifanadoladola,doladola
manadoladola,doladola
midoladola,doladola
mifanadoladola,doladola
mpanadoladola,doladola
mpidoladola,doladola
tafadoladola,doladola
fandomba,domba
mampandomba,domba
mandomba,domba
andomboana,dombo
donombo,dombo
anadomboana,dombo
dombodombo,dombo
domboina,dombo
fanadombo,dombo
fanadomboana,dombo
mahadombo,dombo
mampandombo,dombo
mampifandombo,dombo
manadombo,dombo
mandombo,dombo
mifandombo,dombo
mpanadombo,dombo
voadombo,dombo
mahadomelina,domelina
adomo,domo
domodomo,domo
mahadomo,domo
mañadomo,domo
midomo,domo
mihadomo,domo
pidomo,domo
voadomo,domo
manadomoño,domoño
andonana,dona
andondonana,dona
donaina,dona
dondonina,dona
fandonana,dona
mahadona,dona
mandòna,dona
adona,dona
dondona,dona
donina,dona
fandona,dona
fidona,dona
fidonana,dona
fifandonana,dona
idonana,dona
kidondona,dona
midona,dona
mifandona,dona
mpidona,dona
voadona,dona
adonaka,donaka
andonahana,donaka
donafana,donaka
donahana,donaka
fandonahana,donaka
fidonahana,donaka
fidonaka,donaka
idonahana,donaka
mampandonaka,donaka
mampidonàka,donaka
mampifandonaka,donaka
mandonaka,donaka
midonaka,donaka
mifandonaka,donaka
mpidonaka,donaka
fidonanahana,donanaka
fidonananaka,donanaka
idonanahana,donanaka
midonanaka,donanaka
mpidonanaka,donanaka
madonda,donda
mandonda,donda
fandondonana,dondona
mandondona,dondona
voadondona,dondona
fahadonendrina,donendrina
fidonendrina,donendrina
midonendrina,donendrina
mpidonendrina,donendrina
dongadonga,donga
kidongadonga,dongadonga
mahadongadonga,dongadonga
fahadongadongana,dongadonga
adongaingy,dongaingy
anadongaingena,dongaingy
dongaingingaingy,dongaingy
fanadongaingena,dongaingy
fanadongaingy,dongaingy
fidongaingena,dongaingy
fidongaingy,dongaingy
idongaingena,dongaingy
mahadongaingy,dongaingy
manadongaingy,dongaingy
midongaingy,dongaingy
mpanadongaingy,dongaingy
mpidongaingy,dongaingy
tafadongaingy,dongaingy
midongidongy,dongidongy
midongo,dongo
dongidongy,dongy
dongina,dongy
idongina,dongy
fidongiana,dongy
fidongy,dongy
idongiana,dongy
mampidongy,dongy
midongy,dongy
mifampidongy,dongy
mpidongy,dongy
donehina,donika
fanadontoana,donto
anadontoana,donto
dontodonto,donto
dontoina,donto
fanadonto,donto
mampanadonto,donto
mampifanadonto,donto
manadonto,donto
mifanadonto,donto
mpanadonto,donto
voadonto,donto
fahadontodontoana,dontodonto
doradora,dora
mampidora,dora
midora,dora
mifampidora,dora
adoraraka,doraraka
fidorarahana,doraraka
fidoraraka,doraraka
idorarahana,doraraka
midoraraka,doraraka
mpidoraraka,doraraka
tafadoraraka,doraraka
dorehidrehitra,dorehitra
fidorehitra,dorehitra
midorehitra,dorehitra
fanoro,doro
andoroana,doro
donoro,doro
doroana,doro
mampandoro,doro
mampifandoro,doro
mandoro,doro
mifandoro,doro
mpandoro,doro
voadoro,doro
midorobodroboka,dorobodroboka
adoroboka,doroboka
dorobodroboka,doroboka
fidorobohana,doroboka
fidoroboka,doroboka
idorobohana,doroboka
midoroboka,doroboka
mpidoroboka,doroboka
tafadoroboka,doroboka
midoroboke,doroboke
pidoroboke,doroboke
dorodoroka,doroka
fidorohana,doroka
fidoroka,doroka
idorohana,doroka
mahadoroka,doroka
midoroka,doroka
mpidoroka,doroka
midoroke,doroke
pidoroke,doroke
doridory,dory
mampidory,dory
midory,dory
mifampidory,dory
pidory,dory
pifampidory,dory
voadory,dory
midosika,dosika
ampandoso,doso
fadosoa,doso
kidoso,doso
mampandoso,doso
mihamidoso,doso
padoso,doso
andorana,dotra
donotra,dotra
dorana,dotra
fandorana,dotra
fandotra,dotra
mahadotra,dotra
mandotra,dotra
mpandotra,dotra
voadotra,dotra
midovidovy,dovidovy
dovidovy,dovy
dradraina,dradra
midradra,dradra
adradradradra,dradradradra
dradradradraina,dradradradra
fidradradradra,dradradradra
fidradradradrana,dradradradra
idradradradrana,dradradradra
midradradradra,dradradradra
mpidradradradra,dradradradra
kodradraka,dradraka
fidradrahana,dradraka
fidradraka,dradraka
idradrahana,dradraka
mahadradraka,dradraka
mampidradraka,dradraka
midradraka,dradraka
mifampidradraka,dradraka
andradrahana,dradraka
dradrahina,dradraka
mandradraka,dradraka
midrafana,drafana
drahodraho,draho
fidraho,draho
fidrahodraho,draho
mahadraho,draho
midraho,draho
mpidraho,draho
midrahodraho,drahodraho
adraiko,draiko
draikodraiko,draiko
fidraiko,draiko
fidraikoana,draiko
idraikoana,draiko
mahadraiko,draiko
midraiko,draiko
mpidraiko,draiko
tafadraiko,draiko
midraikodraiko,draikodraiko
adrakadraka,drakadraka
fidrakadraka,drakadraka
fidrakadrakana,drakadraka
idrakadrakana,drakadraka
midrakadraka,drakadraka
tafadrakadraka,drakadraka
midrakaka,drakaka
mifadrakodrako,drako
mandrako,drako
midrako,drako
fidredridredrena,dredridredry
fidredridredry,dredridredry
idredridredrena,dredridredry
midredridredry,dredridredry
mpidredridredry,dredridredry
anadredroana,dredro
dredroina,dredro
fanadredro,dredro
fanadredroana,dredro
fidredro,dredro
fidredroana,dredro
idredroana,dredro
manadredro,dredro
midredro,dredro
mpanadredro,dredro
mpidredro,dredro
midreho,dreho
driahina,driaka
dridraina,dridra
fidridridridriana,dridridridry
fidridridridry,dridridridry
idridridridriana,dridridridry
midridridridry,dridridridry
mpidridridridry,dridridridry
fidridrodridro,dridrodridro
fidridrodridroana,dridrodridro
idridrodridroana,dridrodridro
midridrodridro,dridrodridro
mpidridrodridro,dridrodridro
midridroka,dridroka
fidrikina,drikina
fidrikinana,drikina
idrikinana,drikina
midrikina,drikina
mpidrikina,drikina
hadrodroka,drodroka
androkidrokiana,drokidroky
drokidrokina,drokidroky
fandrokidroky,drokidroky
mandrokidroky,drokidroky
mpandrokidroky,drokidroky
voadrokidroky,drokidroky
dronadronaina,dronadrona
ankadizana,dy
andizana,dy
dizina,dy
idizana,dy
madỳ,dy
mandy,dy
mankady,dy
midy,dy
ebanebana,ebana
fiebana,ebana
fiebanana,ebana
iebanana,ebana
miebana,ebana
mpiebana,ebana
ebanebanina,ebanebana
iebanebanana,ebanebana
miebanebana,ebanebana
mahaebo,ebo
mihaebo,ebo
pifañebo,ebo
voaebo,ebo
eboebo,ebo
fieboana,ebo
ieboana,ebo
mampiebo,ebo
miebo,ebo
mifampiebo,ebo
mifañebo,ebo
pañebo,ebo
fieboebo,eboebo
fieboeboana,eboebo
ieboeboana,eboebo
mahaeboebo,eboebo
mampieboebo,eboebo
mieboebo,eboebo
mifampieboebo,eboebo
mpieboebo,eboebo
tafaeboebo,eboebo
aebotse,ebotse
kiebotse,ebotse
mahaebotse,ebotse
mampiebotse,ebotse
miebotse,ebotse
piebotse,ebotse
mampaneda,eda
mampifaneda,eda
mifaneda,eda
edede,ede
anededena,edede
ededena,edede
fanadede,edede
fanedede,edede
fanededena,edede
mahaedede,edede
mampanedede,edede
mampifanedede,edede
manadede,edede
manedede,edede
mpanadede,edede
mpanedede,edede
voaedede,edede
fiedikedehana,edikedika
fiedikedika,edikedika
iedikedehana,edikedika
mahaedikedika,edikedika
mampiedikedika,edikedika
miedikedika,edikedika
mifampiedikedika,edikedika
mpiedikedika,edikedika
tafaedikedika,edikedika
manediky,ediky
fiedinedenana,edinedina
fiedinedina,edinedina
iedinedenana,edinedina
mahaedinedina,edinedina
mampiedinedina,edinedina
miedinedina,edinedina
mifampiedinedina,edinedina
mpiedinedina,edinedina
tafaedinedina,edinedina
ahefa,efa
ahefana,efa
ampañefa,efa
anefana,efa
efaefa,efa
efaina,efa
fahefa,efa
fahefana,efa
fanefa,efa
fanefana,efa
fiefa,efa
fiefana,efa
iefana,efa
mahaefa,efa
mahefa,efa
mampahefa,efa
mampanefa,efa
mampiefa,efa
mampifanefa,efa
manefa,efa
miefa,efa
mifampiefa,efa
mifanefa,efa
mpanefa,efa
pahefa,efa
pañefa,efa
voaefa,efa
miefaefa,efaefa
inefapolo,efapolo
ampahefatra,efatra
anafarana,efatra
anefarana,efatra
efarina,efatra
efatrefatra,efatra
fahefatra,efatra
fanefarana,efatra
fanefatra,efatra
fiefarana,efatra
fiefatra,efatra
hefarana,efatra
iefarana,efatra
inefatra,efatra
mahaefatra,efatra
manefatra,efatra
miefatra,efatra
mpanefatra,efatra
mpiefatra,efatra
tsiefatrefatra,efatra
voaefatra,efatra
aefitra,efitra
aneferana,efitra
eferana,efitra
eferina,efitra
efitrefitra,efitra
faneferana,efitra
fanefitra,efitra
fieferana,efitra
fiefitra,efitra
ieferana,efitra
mahefitra,efitra
mampanefitra,efitra
mampiefitra,efitra
mampifanefitra,efitra
manefitra,efitra
miefitra,efitra
mifampiefitra,efitra
mifanefitra,efitra
mpanefitra,efitra
mpiefitra,efitra
voaefitra,efitra
mianefitra,efitra
manefitrefitra,efitrefitra
miefitrefitra,efitrefitra
mifanefitrefitra,efitrefitra
voaefitrefitra,efitrefitra
efoefo,efo
mañefo,efo
mpanefoefo,efo
efokefoka,efoka
mampiefoka,efoka
mifampiefoka,efoka
efokefohana,efokefoka
fiefokefohana,efokefoka
fiefokefoka,efokefoka
iefokefohana,efokefoka
mahaefokefoka,efokefoka
mahefokefoka,efokefoka
mampiefokefoka,efokefoka
miefokefoka,efokefoka
mifampiefokefoka,efokefoka
mpiefokefoka,efokefoka
efonefona,efona
fiefonefona,efonefona
fiefonefonana,efonefona
iefonefonana,efonefona
mahefonefona,efonefona
miefonefona,efonefona
mpiefonefona,efonefona
ehakehaka,ehaka
fiehaka,ehaka
miehaka,ehaka
mpiehaka,ehaka
fanehakehaka,ehakehaka
fiehakehaka,ehakehaka
miehakehaka,ehakehaka
miehana,ehana
anehoehoana,ehoeho
anehonehoana,ehoeho
fanehoeho,ehoeho
fanehoehoana,ehoeho
fanehonehoana,ehoeho
manehoeho,ehoeho
fieja,eja
fiejana,eja
mieja,eja
mpieja,eja
fiejoke,ejoke
mampiejoke,ejoke
miejoke,ejoke
piejoke,ejoke
anehana,eka
ehina,eka
fanehana,eka
fiehana,eka
iehana,eka
ampañeke,eke
mampañeke,eke
pañeke,eke
pieke,eke
pifampañeke,eke
pifañeke,eke
ampifanekena,eky
anekena,eky
ekena,eky
ekieky,eky
fanekena,eky
faneky,eky
fiekena,eky
fieky,eky
fifanekena,eky
iekena,eky
ifanekena,eky
mampaneky,eky
mampieky,eky
mampifaneky,eky
maneky,eky
mieky,eky
mifampieky,eky
mifaneky,eky
mpaneky,eky
mpieky,eky
voaeky,eky
ahelana,ela
anelana,ela
elaela,ela
elaina,ela
fahelana,ela
fanela,ela
fanelana,ela
haela,ela
mahela,ela
mampanela,ela
mampifanela,ela
manela,ela
mifanela,ela
mihaela,ela
mpanela,ela
piela,ela
tsielaela,ela
elakelaka,elaka
manelaka,elaka
ielakelahina,elakekalaka
aelakelaka,elakelaka
anelakelahana,elakelaka
anelakelany,elakelaka
elakelahana,elakelaka
elakelahanana,elakelaka
elakelahina,elakelaka
fanelakelahana,elakelaka
fanelakelaka,elakelaka
fielakelahana,elakelaka
fielakelaka,elakelaka
ielakelahana,elakelaka
mahelakelaka,elakelaka
manelakelaka,elakelaka
mielakelaka,elakelaka
mpanelakelaka,elakelaka
mpielakelaka,elakelaka
tafaelakelaka,elakelaka
voaelakelaka,elakelaka
mampoelana,elana
ampoelanana,elana
elanelana,elana
fampoelana,elana
fampoelanana,elana
mampanelana,elana
mampifanelana,elana
mifanelana,elana
mpampielana,elana
mpampoelana,elana
mañelañela,elanela
pañelañela,elanela
voaelañela,elanela
aelanelana,elanelana
anelanelanana,elanelana
elanelanina,elanelana
fanelanelana,elanelana
fanelanelanana,elanelana
fielanelana,elanelana
fielanelanana,elanelana
ielanelanana,elanelana
mampanelanelana,elanelana
mampifanelanelana,elanelana
manelanelana,elanelana
mielanelana,elanelana
mifanelanelana,elanelana
mpanelanelana,elanelana
mpielanelana,elanelana
voaelanelana,elanelana
aelatra,elatra
elarina,elatra
elatina,elatra
elatrelatra,elatra
fielarana,elatra
fielatra,elatra
ielarana,elatra
mahaelatra,elatra
mielatra,elatra
mpielatra,elatra
tafaelatra,elatra
voaelatra,elatra
mielatrelatra,elatrelatra
aele,ele
faele,ele
mahaele,ele
mampiele,ele
miele,ele
mihamiele,ele
pampiele,ele
pañele,ele
piele,ele
voaele,ele
mañelengele,elengele
ielona,elo
aelo,elo
aneloana,elo
eloana,elo
eloelo,elo
fanelo,elo
faneloana,elo
fielo,elo
fieloana,elo
ieloana,elo
mahaelo,elo
mahelo,elo
mampanelo,elo
mampielo,elo
mampifanelo,elo
manelo,elo
mielo,elo
mifampielo,elo
mifanelo,elo
mpanelo,elo
mpielo,elo
pielo,elo
voaelo,elo
aneloneloana,elonelo
fanelonelo,elonelo
faneloneloana,elonelo
manelonelo,elonelo
aely,ely
ampielezana,ely
anelezana,ely
elezina,ely
eliely,ely
fampielezana,ely
fanelezana,ely
fielezana,ely
fiely,ely
ielezana,ely
mahaely,ely
mampanely,ely
mampiely,ely
mampifanely,ely
manely,ely
miely,ely
mifampiely,ely
mifanely,ely
mpampiely,ely
mpanely,ely
mpiely,ely
tafaely,ely
voaely,ely
mañembaña,embaña
mañembañembaña,embaña
añembike,embike
mampañembike,embike
miembike,embike
pañembike,embike
voaembike,embike
aemboka,emboka
anembohana,emboka
embohana,emboka
fanembohana,emboka
fanemboka,emboka
mahaemboka,emboka
mampanemboka,emboka
mampifanemboka,emboka
manemboka,emboka
mifanemboka,emboka
mpanemboka,emboka
voaemboka,emboka
aemboke,emboke
faemboke,emboke
mampañemboke,emboke
mañemboke,emboke
miemboke,emboke
mifampiemboke,emboke
pampañemboke,emboke
pañemboke,emboke
piemboke,emboke
voaemboke,emboke
anembonana,embona
fanembona,embona
fanembonana,embona
mampanembona,embona
mampifanembona,embona
manembona,embona
mifanembona,embona
mpanembona,embona
voaembona,embona
iembonana,embona
miembona,embona
aemonemona,emonemona
fiemonemona,emonemona
fiemonemonana,emonemona
iemonemonana,emonemona
mahaemonemona,emonemona
miemonemona,emonemona
mpiemonemona,emonemona
tafaemonemona,emonemona
voaemonemona,emonemona
aemotse,emotse
fiemotse,emotse
miemotse,emotse
piemotse,emotse
aempaempa,empaempa
anempaempana,empaempa
empaempaina,empaempa
fanempaempa,empaempa
fanempaempana,empaempa
mahaempaempa,empaempa
mahempaempa,empaempa
manempaempa,empaempa
miempaempa,empaempa
mpanempaempa,empaempa
voaempaempa,empaempa
anempahana,empaka
empahina,empaka
fanempahana,empaka
fanempaka,empaka
fiempahana,empaka
fiempaka,empaka
iempahana,empaka
mahempaka,empaka
mampanempaka,empaka
mampifanempaka,empaka
manempaka,empaka
miempaka,empaka
mpanempaka,empaka
mpiempaka,empaka
voaempaka,empaka
miempakempaka,empakempaka
aempempa,empempa
anempempana,empempa
empempaina,empempa
fanempempa,empempa
fanempempana,empempa
mahaempempa,empempa
manempempa,empempa
mpanempempa,empempa
voaempempa,empempa
aempo,empo
anempoana,empo
empoina,empo
fanempo,empo
fanempoana,empo
fiempo,empo
fiempoana,empo
iempoana,empo
mahempo,empo
manempo,empo
miempo,empo
mpanempo,empo
mpiempo,empo
voaempo,empo
anempohana,empoka
empohana,empoka
fanempohana,empoka
fanempoka,empoka
fanempòka,empoka
mahaempòka,empoka
manempòka,empoka
mpanempòka,empoka
voaempòka,empoka
fiemponempona,emponempona
fiemponemponana,emponempona
iemponemponana,emponempona
miemponempona,emponempona
mpiemponempona,emponempona
aena,ena
enaina,ena
enena,ena
fanenana,ena
mpanena,ena
fienatse,enatse
mienatse,enatse
anendahana,endaka
endahana,endaka
endahina,endaka
endakendaka,endaka
fanendahana,endaka
fanendaka,endaka
fiendahana,endaka
fiendaka,endaka
iendahana,endaka
mahendaka,endaka
mampanendaka,endaka
mampifanendaka,endaka
manendaka,endaka
miendaka,endaka
mifanendaka,endaka
mpanendaka,endaka
mpiendaka,endaka
tafaendaka,endaka
voaendaka,endaka
mampañendake,endake
mampiendake,endake
mañendake,endake
miendake,endake
mifañendake,endake
pañendake,endake
piendake,endake
pifañendake,endake
voaendake,endake
fenday,enday
menday,enday
aende,ende
faende,ende
kiende,ende
mahaende,ende
mampañende,ende
miende,ende
pampañende,ende
pañende,ende
piende,ende
voaende,ende
anendrehana,endrika
endrehina,endrika
endrikendrika,endrika
fahamendrehana,endrika
fanendrehana,endrika
fiendrehana,endrika
fiendrika,endrika
hamendrehana,endrika
iendrehana,endrika
mampanendrika,endrika
mampifanendrika,endrika
manendrika,endrika
mendrika,endrika
miendrika,endrika
mifanendrika,endrika
aendrikendrika,endrikendrika
anendrikendrehana,endrikendrika
endrikendrehina,endrikendrika
fanendrikendrehana,endrikendrika
fanendrikendrika,endrikendrika
mahendrikendrika,endrikendrika
mampanendrikendrika,endrikendrika
mampifanendrikendrika,endrikendrika
manendrikendrika,endrikendrika
mifanendrikendrika,endrikendrika
mpanendrikendrika,endrikendrika
voaendrikendrika,endrikendrika
mendriky,endriky
miendriky,endriky
fiendrinendrena,endrina
aendrinendrina,endrinendrina
fiendrinendrenana,endrinendrina
fiendrinendrina,endrinendrina
iendrinendrenana,endrinendrina
miendrinendrina,endrinendrina
mitanendrinendrina,endrinendrina
mpiendrinendrina,endrinendrina
tafaendrinendrina,endrinendrina
mañendrotse,endrotse
anendasana,endy
anendazana,endy
endasina,endy
endazina,endy
fanendazana,endy
fanendy,endy
mahendy,endy
manendy,endy
mendy,endy
mpanendy,endy
voaendy,endy
aeñe,ene
eñene,ene
faeñe,ene
fieñenana,ene
mahaeñe,ene
mampieñe,ene
mañeñe,ene
mbeo,ene
mieñe,ene
mifampieñe,ene
mihamieñe,ene
pieñe,ene
pifampieñe,ene
voaeñe,ene
fifampienga,enga
fifañenga,enga
mahaenga,enga
pifañenga,enga
ampañenga,enga
fampañenga,enga
mampañenga,enga
mifampienga,enga
mifañenga,enga
pañenga,enga
aenga,enga
mañeniky,eniky
ampahenina,enina
enemina,enina
fahaenina,enina
fahenina,enina
faheniny,enina
henemana,enina
inenina,enina
mienina,enina
tsieninenina,enina
voaenina,enina
mahenina,enina
mahaenjake,enjake
pienjake,enjake
mienjeke,enjeke
anenjehana,enjika
enjehina,enjika
enjikenjika,enjika
fanenjehana,enjika
fanenjika,enjika
fienjehana,enjika
fienjika,enjika
ienjehana,enjika
ifanenjehana,enjika
mahaenjika,enjika
mampanenjika,enjika
mampifanenjika,enjika
manenjika,enjika
mienjika,enjika
mifanenjika,enjika
mpanenjika,enjika
mpienjika,enjika
voaenjika,enjika
mañenjike,enjike
menjike,enjike
mienjike,enjike
mifañenjike,enjike
enjinenjina,enjina
fienjina,enjina
mienjina,enjina
mienjinenjina,enjinenjina
mampifaneno,eno
mampañeno,eno
mañeno,eno
pañeno,eno
anentana,entana
anentanana,entana
entanentana,entana
entanina,entana
fanentana,entana
fanentanana,entana
fientana,entana
fientanana,entana
ientanana,entana
mahaentana,entana
mampanentana,entana
mampifanentana,entana
manentana,entana
mientana,entana
mpanentana,entana
mpientana,entana
tafaentana,entana
voaentana,entana
mientanentana,entanentana
fañente,ente
mampañente,ente
mifañente,ente
pañente,ente
mientetse,entetse
pientetse,entetse
mahaentsake,entsake
mientsake,entsake
mihaentsake,entsake
pientsake,entsake
mienty,enty
fanenty,enty
mankeny,eny
fankeo,eo
mankeo,eo
mpankeo,eo
aepaky,epaky
mañepaky,epaky
miepoka,epoka
aepoke,epoke
faepoke,epoke
kiepoke,epoke
mahaepoke,epoke
mampañepoke,epoke
mañepoke,epoke
miepoke,epoke
mifampañepoke,epoke
mifañepoke,epoke
mihaepoke,epoke
pañepoke,epoke
piepoke,epoke
pifañepoke,epoke
voaepoke,epoke
manera,era
mifampiera,era
pañera,era
anerana,era
eraina,era
fanera,era
fanerana,era
mpanera,era
voaera,era
ampiera,era
eraera,era
erana,era
fampiera,era
fiera,era
fierana,era
ierana,era
mahaera,era
mampiera,era
miera,era
mpiera,era
aneranana,erana
anerany,erana
mampanerana,erana
mampifanerana,erana
manerana,erana
mifanerana,erana
mampieretseretse,eretseretse
mieretseretse,eretseretse
pieretseretse,eretseretse
voaeretseretse,eretseretse
ampañereñereñe,ereñereñe
fiereñereñe,ereñereñe
anerehana,erika
erikerika,erika
manerika,erika
mampañerike,erike
mañerike,erike
meriky,eriky
erinerina,erina
fieremana,erina
fierenana,erina
fierina,erina
ieremana,erina
ierenana,erina
mahaerina,erina
mierina,erina
mpierina,erina
aerinerina,erinerina
fierinerenana,erinerina
fierinerina,erinerina
ierinerenana,erinerina
mahaerinerina,erinerina
manerinerina,erinerina
mierinerina,erinerina
mpierinerina,erinerina
tafaerinerina,erinerina
faneriterena,eritra
faneritra,eritra
eretina,eritra
eritreritra,eritra
fieretana,eritra
fieritra,eritra
ieretana,eritra
mahaeritra,eritra
mieritra,eritra
mpieritra,eritra
voaeritra,eritra
aeritreritra,eritreritra
ampieritreretana,eritreritra
eritreretina,eritreritra
fampieritreretana,eritreritra
fieritreretana,eritreritra
fieritreritra,eritreritra
ieritreretana,eritreritra
mahaeritreritra,eritreritra
mampieritreritra,eritreritra
mieritreritra,eritreritra
mpieritreritra,eritreritra
voaeritreritra,eritreritra
mampañeritse,eritse
mañeritse,eritse
mifañeritse,eritse
pañeritse,eritse
pifañeritse,eritse
voaeritse,eritse
miero,ero
mañero,ero
mankeroa,eroa
mpankeroa,eroa
aneronana,erona
eronerona,erona
fanerona,erona
faneronana,erona
fierona,erona
fieronana,erona
ieronana,erona
mahaerona,erona
maherona,erona
mampanerona,erona
mampierona,erona
mampifanerona,erona
manerona,erona
mierona,erona
mifanerona,erona
mpanerona,erona
mpierona,erona
erotrerotra,erotra
fierotana,erotra
fierotra,erotra
ierotana,erotra
mahaerotra,erotra
mierotra,erotra
mpierotra,erotra
mampierotse,erotse
mierotse,erotse
pierotse,erotse
mberoy,eroy
fierena,ery
fiery,ery
ierena,ery
mampiery,ery
miery,ery
mifampiery,ery
mpiery,ery
tafaery,ery
mankerỳ,erỳ
mpankerỳ,erỳ
esanesana,esana
fiesanesana,esanesana
fiesanesanana,esanesana
iesanesanana,esanesana
mahesanesana,esanesana
miesanesana,esanesana
mpiesanesana,esanesana
miese,ese
anesiesena,esiesy
esiesèna,esiesy
fanesiesy,esiesy
fanesiesèna,esiesy
mahaesiesy,esiesy
manesiesy,esiesy
mpanesiesy,esiesy
voaesiesy,esiesy
fiesikesehana,esikesika
fiesikesika,esikesika
iesikesehana,esikesika
miesikesika,esikesika
mpiesikesika,esikesika
esinesina,esina
fiesinesenana,esinesina
fiesinesina,esinesina
iesinesenana,esinesina
miesinesina,esinesina
mpiesinesina,esinesina
anesoana,eso
esoeso,eso
esoina,eso
faneso,eso
fanesoana,eso
mahaeso,eso
mampaneso,eso
mampifaneso,eso
maneso,eso
mifaneso,eso
mpaneso,eso
voaeso,eso
manesoeso,esoeso
esonesona,esona
fiesona,esona
fiesonana,esona
iesonana,esona
miesona,esona
mpiesona,esona
aesotra,esotra
anesorana,esotra
esorina,esotra
esotresotra,esotra
fanesorana,esotra
fanesotra,esotra
fiesorana,esotra
fiesotra,esotra
iesorana,esotra
mahaesotra,esotra
mampanesotra,esotra
mampifanesotra,esotra
manesotra,esotra
miesotra,esotra
mifanesotra,esotra
mpanesotra,esotra
mpiesotra,esotra
voaesotra,esotra
aetake,etake
faetake,etake
mampañetake,etake
mifampietake,etake
mifañetake,etake
pañetake,etake
pietake,etake
pifañetake,etake
voaetake,etake
fietaketahana,etaketaka
fietaketaka,etaketaka
ietaketahana,etaketaka
mahaetaketaka,etaketaka
mietaketaka,etaketaka
mpietaketaka,etaketaka
fietiketehana,etiketika
fietiketika,etiketika
ietiketehana,etiketika
mietiketika,etiketika
mpietiketika,etiketika
etoana,eto
manketo,eto
mbeto,eto
mpanketo,eto
etohina,etoka
etoina,etoka
mietoka,etoka
anetonana,etona
etonana,etona
etonetona,etona
fanetona,etona
fanetonana,etona
mahaetona,etona
mampanetona,etona
mampifanetona,etona
manetona,etona
mietona,etona
mifanetona,etona
mpanetona,etona
voaetona,etona
manetonetona,etonetona
etrana,etra
etretra,etra
fietra,etra
fietrana,etra
ietrana,etra
mahetra,etra
mampietra,etra
mietra,etra
mifampietra,etra
mifanetra,etra
mpietra,etra
voaetra,etra
etraketraka,etraka
ietraketrahana,etraketraka
fietraketrahana,etraketraka
mahaetraketraka,etraketraka
mampietraketraka,etraketraka
mietraketraka,etraketraka
mifampietraketraka,etraketraka
mpietraketraka,etraketraka
tafaetraketraka,etraketraka
aetrietry,etrietry
anetroana,etro
fanetro,etro
fanetroana,etro
manetro,etro
mietro,etro
mpanetro,etro
fanetry,etry
aetry,etry
anetrena,etry
etrena,etry
etrietry,etry
fanetrena,etry
fietry,etry
ietrena,etry
mahaetry,etry
mampanetry,etry
mampifanetry,etry
manetry,etry
mietry,etry
mifanetry,etry
mpietry,etry
voaetry,etry
aetsaka,etsaka
anetsahana,etsaka
etsahina,etsaka
fanetsaka,etsaka
fietsahana,etsaka
ietsahana,etsaka
mahetsaka,etsaka
mampanetsaka,etsaka
mampifanetsaka,etsaka
mietsaka,etsaka
mifanetsaka,etsaka
mpanetsaka,etsaka
voaetsaka,etsaka
etsaketsaka,etsaka
aetsaketsaka,etsaketsaka
anetsaketsahana,etsaketsaka
etsaketsahana,etsaketsaka
etsaketsahina,etsaketsaka
fanetsaketsahana,etsaketsaka
fanetsaketsaka,etsaketsaka
mahaetsaketsaka,etsaketsaka
mahetsaketsaka,etsaketsaka
mampanetsaketsaka,etsaketsaka
mampifanetsaketsaka,etsaketsaka
manetsaketsaka,etsaketsaka
mifanetsaketsaka,etsaketsaka
mpanetsaketsaka,etsaketsaka
voaetsaketsaka,etsaketsaka
fietse,etse
mietse,etse
mañetsiky,etsiky
manketsy,etsy
mpanketsy,etsy
anetena,ety
etena,ety
etiety,ety
fanetena,ety
mahety,ety
mampanety,ety
mampifanety,ety
manety,ety
mifanety,ety
mihaety,ety
voaety,ety
manketỳ,ety
mbety,ety
mpanketỳ,ety
fety,ety
mety,ety
faeva,eva
mampaeva,eva
mampieva,eva
pieva,eva
pifañeva,eva
aevanevana,evanevana
fievanevana,evanevana
fievanevanana,evanevana
ievanevanana,evanevana
mahaevanevana,evanevana
mievanevana,evanevana
mpievanevana,evanevana
tafaevanevana,evanevana
evinevina,evina
fievenana,evina
fievina,evina
ievenana,evina
mahaevina,evina
mievina,evina
mpievina,evina
añevo,evo
aevoka,evoka
anevohana,evoka
evohana,evoka
evokevoka,evoka
fanevohana,evoka
fanevoka,evoka
fievohana,evoka
fievoka,evoka
ievohana,evoka
mahaevoka,evoka
mampanevoka,evoka
manevoka,evoka
mievoka,evoka
mifanevoka,evoka
mpanevoka,evoka
mpievoka,evoka
voaevoka,evoka
mampañevoke,evoke
mañevoke,evoke
mievoke,evoke
mifañevoke,evoke
pañevoke,evoke
voaevoke,evoke
manevokevoka,evokevoka
fanevotana,evotra
aevotra,evotra
evotina,evotra
evotrevotra,evotra
fievotana,evotra
ievotana,evotra
mahaevotra,evotra
mievotra,evotra
mpievotra,evotra
tafaevotra,evotra
voaevotra,evotra
mievotrevotra,evotrevotra
fievotse,evotse
kievotse,evotse
mievotse,evotse
pievotse,evotse
aezaka,ezaka
anezahana,ezaka
ezahina,ezaka
ezakezaka,ezaka
fanezahana,ezaka
fanezaka,ezaka
fiezahana,ezaka
fiezaka,ezaka
iezahana,ezaka
mahaezaka,ezaka
mampanezaka,ezaka
mampiezaka,ezaka
mampifanezaka,ezaka
manezaka,ezaka
mezaka,ezaka
miezaka,ezaka
mifanezaka,ezaka
mpanezaka,ezaka
mpiezaka,ezaka
tafaezaka,ezaka
voaezaka,ezaka
mampiezake,ezake
miezake,ezake
piezake,ezake
ezakezahina,ezakezaka
manezakezaka,ezakezaka
aezanezana,ezanezana
iezanezanana,ezanezana
miezanezana,ezanezana
fiezanezana,ezanezana
fiezanezanana,ezanezana
mahaezanezana,ezanezana
mpiezanezana,ezanezana
tafaezanezana,ezanezana
fiezeñeze,ezeneze
miezeñeze,ezeneze
aezinezina,ezinezina
fiezinezenana,ezinezina
fiezinezina,ezinezina
iezinezenana,ezinezina
mahaezinezina,ezinezina
miezinezina,ezinezina
mpiezinezina,ezinezina
tafaezinezina,ezinezina
fiezoezo,ezoezo
fiezoezoana,ezoezo
iezoezoana,ezoezo
miezoezo,ezoezo
eñena,eñy
afadiditra,fadiditra
amadidirana,fadiditra
fadidididitra,fadiditra
fadidirana,fadiditra
fifadidirana,fadiditra
fifadiditra,fadiditra
ifadidirana,fadiditra
mahafadiditra,fadiditra
mamadiditra,fadiditra
mifadiditra,fadiditra
mpifadiditra,fadiditra
tafafadiditra,fadiditra
voafadiditra,fadiditra
fadifadina,fadifady
mifadifady,fadifady
mahafadiranovana,fadiranovana
mampaditra,faditra
afaditra,faditra
amadirana,faditra
fadipaditra,faditra
fadirana,faditra
fifadirana,faditra
fifaditra,faditra
ifadirana,faditra
mamaditra,faditra
mifaditra,faditra
mpifaditra,faditra
voafaditra,faditra
fadifady,fady
fadina,fady
fifadiana,fady
fifady,fady
ifadiana,fady
mahafady,fady
mampifady,fady
mifady,fady
mifampifady,fady
mpifady,fady
voafady,fady
pamafa,fafa
pifafa,fafa
afafa,fafa
amafana,fafa
ampamafa,fafa
fafafafa,fafa
fafana,fafa
famafa,fafa
famafana,fafa
fampamafa,fafa
fifafa,fafa
fifafana,fafa
finafa,fafa
ifafana,fafa
kifafa,fafa
kofafa,fafa
mafafa,fafa
mahafafa,fafa
mahamafa,fafa
mamafa,fafa
mampamafa,fafa
mampifafa,fafa
mampifanafa,fafa
mifafa,fafa
mifamafa,fafa
mifampifafa,fafa
mifanafa,fafa
mpamafa,fafa
mpanafa,fafa
mpifafa,fafa
pifamafa,fafa
voafafa,fafa
amafanana,fafana
famafanana,fafana
mamafana,fafana
amafarana,fafatra
fafarana,fafatra
mamafatra,fafatra
voafafatra,fafatra
mifafatry,fafatry
afafy,fafy
amafazana,fafy
fafazana,fafy
fafifafy,fafy
famafaza,fafy
famafazana,fafy
famafy,fafy
fifafazana,fafy
fifafy,fafy
finafy,fafy
ifafazana,fafy
mahafafy,fafy
mamafy,fafy
mampamafy,fafy
mampifamafy,fafy
mifafy,fafy
mifamafy,fafy
mpamafy,fafy
mpifafy,fafy
pamafy,fafy
voafafy,fafy
mahafaha,faha
mampamaha,faha
mifaha,faha
mifamaha,faha
mifampamaha,faha
pamaha,faha
pampamaha,faha
pifamaha,faha
pifampamaha,faha
amahana,fahana
fahampahana,fahana
fifahana,fahana
fifahanana,fahana
ifahanana,fahana
mamahana,fahana
mifahana,fahana
mpamahana,fahana
mpifahana,fahana
fahanana,fahana
famahanana,fahana
tafafahana,fahana
voafahana,fahana
amahanana,fahana
kamahana,fahana
mahafahana,fahana
afahatra,fahatra
amaharana,fahatra
fahapahatra,fahatra
famaharana,fahatra
fifaharana,fahatra
fifahatra,fahatra
ifaharana,fahatra
mahafahatra,fahatra
mamahatra,fahatra
mifahatra,fahatra
mpamahatra,fahatra
mpifahatra,fahatra
tafafahatra,fahatra
voafahatra,fahatra
afahirano,fahirano
mamahirano,fahirano
voafahirano,fahirano
mahiratry,fahirata
tsifahipahitra,fahitra
afahitra,fahitra
fahipahitra,fahitra
mamahitra,fahitra
voafahitra,fahitra
afaho,faho
amahoana,faho
fahoana,faho
fahofaho,faho
famahoana,faho
fifaho,faho
fifahoana,faho
fifampahoana,faho
ifahoana,faho
mahafaho,faho
mamaho,faho
mifaho,faho
mifamaho,faho
mpamaho,faho
mpifaho,faho
voafaho,faho
mifamahofaho,fahofaho
afahy,fahy
amahazana,fahy
famahazana,fahy
famahy,fahy
fifahazana,fahy
fifahy,fahy
ifahazana,fahy
mahafahy,fahy
mamahy,fahy
mifahy,fahy
mpamahy,fahy
mpifahy,fahy
tafafahy,fahy
voafahy,fahy
ifaifaizana,faifay
mifaifay,faifay
faikana,faika
mafaika,faika
faikaina,faika
fifaika,faika
fifaikana,faika
ifaikana,faika
mahafaika,faika
mifaika,faika
mpifaika,faika
voafaika,faika
anafainganana,faingana
fahafaingana,faingana
fahafainganana,faingana
faingampaingana,faingana
fanafaingana,faingana
fanafainganana,faingana
hafaingana,faingana
hafainganana,faingana
hafainganina,faingana
mahafaingana,faingana
mampahafaingana,faingana
manafaingana,faingana
mihafaingana,faingana
mpanafaingana,faingana
afaingoka,faingoka
amaingohana,faingoka
faingohina,faingoka
faingopaingoka,faingoka
famaingohana,faingoka
famaingoka,faingoka
fifaingoka,faingoka
mahafaingoka,faingoka
mamaingoka,faingoka
mifaingoka,faingoka
mpamaingoka,faingoka
voafaingoka,faingoka
amairana,faitra
anampairana,faitra
hafaitra,faitra
mafaitra,faitra
afaitra,faitra
mamaitra,faitra
voafaitra,faitra
ampairana,faitra
fairina,faitra
mampaitra,faitra
manampaitra,faitra
hafaitse,faitse
mampafaitse,faitse
mihamafaitse,faitse
pafaitse,faitse
ifakana,faka
mifaka,faka
amakana,faka
fakafaka,faka
fakaina,faka
famaka,faka
famakana,faka
mamaka,faka
mpamaka,faka
voafaka,faka
amakafakana,fakafaka
fakafakana,fakafaka
famakafakana,fakafaka
mpamakafaka,fakafaka
mifakafaka,fakafaka
fakafakaina,fakafaka
mamakafaka,fakafaka
ifakofakoana,fako
fakofako,fako
fakoina,fako
fifako,fako
fifakoana,fako
finako,fako
ifakoana,fako
mahafako,fako
mifako,fako
mpifako,fako
voafako,fako
mifakofako,fakofako
mamakofako,fakofako
fitaky,faky
mifalalaka,falalaka
ampalana,falana
ampalanina,falana
falanana,falana
mamalampalana,falana
mamalana,falana
manampalana,falana
voafalana,falana
afalapala,falapala
ampifalie,fale
mahafale,fale
mampifale,fale
mifale,fale
amalifaliana,falifaly
famalifaliana,falifaly
voafalifaly,falifaly
falifaliana,falifaly
falifalina,falifaly
mamalifaly,falifaly
mpamalifaly,falifaly
mifalihavanja,falihavanja
afalo,falo
amalozana,falo
fafalo,falo
mahafalo,falo
mamalo,falo
mampamalo,falo
mifamalo,falo
mifampifalo,falo
mihamifalo,falo
pamalo,falo
pampifalo,falo
pifalo,falo
tafafalo,falo
voafalo,falo
ahafaliana,faly
amaliana,faly
hahafaly,faly
afaly,faly
fahafaliana,faly
falifaly,faly
falina,faly
fifaliana,faly
fifaly,faly
hafaliana,faly
ifaliana,faly
mahafaly,faly
mifaly,faly
mpifaly,faly
falezina,faly
mamaly,faly
voafaly,faly
ampifama,fama
fampifama,fama
fifama,fama
mampifama,fama
mifama,fama
pifama,fama
voafama,fama
mampifamadiditra,famadiditra
mamanga,famanga
mambokona,fambokonana
hamana,fana
ifanana,fana
ifananana,fana
afanaina,fana
amanana,fana
ampamana,fana
famana,fana
fampamana,fana
hafanaina,fana
hafanana,fana
hafàna,fana
mafampana,fana
mafana,fana
mahafana,fana
mamana,fana
mampafana,fana
mampamana,fana
pamana,fana
ampifana,fana
fampifana,fana
fifana,fana
fifanana,fana
mifana,fana
mpifana,fana
pifana,fana
mafanafana,fanafana
mifanahaky,fanahaky
mampanahy,fanahy
mamanala,fanala
mifanaoka,fanaoka
afandraka,fandraka
amandrahana,fandraka
famandrahana,fandraka
famandraka,fandraka
fandrahana,fandraka
fifandraka,fandraka
finandraka,fandraka
mamandraka,fandraka
mifamandraka,fandraka
mifandraka,fandraka
mpamandraka,fandraka
voafandraka,fandraka
fandriandriny,fandriana
mamandrika,fandrika
afandrika,fandrika
amandrihana,fandrika
famandrihana,fandrika
famandrika,fandrika
fandrihana,fandrika
fandripandrika,fandrika
finandrika,fandrika
mahafandrika,fandrika
mpamandrika,fandrika
voafandrika,fandrika
amandripandrihana,fandripandrika
fandripandrihana,fandripandrika
mamandripandrika,fandripandrika
finandrotra,fandrotra
afandrotra,fandrotra
amandrotana,fandrotra
famandrotana,fandrotra
fandrotana,fandrotra
fifandrotana,fandrotra
mamandrotra,fandrotra
mpamandrotra,fandrotra
tafafandrotra,fandrotra
voafandrotra,fandrotra
fandriandry,fandry
mahafane,fane
mihafane,fane
pifane,fane
mifanga,fanga
fangana,fanga
voafanga,fanga
ifangana,fanga
ampifangaroina,fangaro
ampifangaroy,fangaro
mifangaro,fangaro
afangaro,fangaro
afangaroharo,fangaroharo
amangitana,fangitra
famangitana,fangitra
famangitra,fangitra
fangitana,fangitra
fifangitana,fangitra
fifangitra,fangitra
finangitra,fangitra
ifangitana,fangitra
mahafangitra,fangitra
mamangitra,fangitra
mifangitra,fangitra
mpamangitra,fangitra
mpifangitra,fangitra
nofinangitra,fangitra
voafangitra,fangitra
afangoka,fangoka
amangohana,fangoka
famangohana,fangoka
famangoka,fangoka
fangohana,fangoka
fangopangoka,fangoka
finangoka,fangoka
mahafangoka,fangoka
mamangoka,fangoka
mpamangoka,fangoka
voafangoka,fangoka
famangopangohana,fangopangoka
amangopangohana,fangopangoka
fangopangohana,fangopangoka
mamangopangoka,fangopangoka
afangopangotra,fangopangotra
voafangopangotra,fangopangotra
amangorana,fangotra
amangotana,fangotra
famangotana,fangotra
famangotra,fangotra
fangopangotra,fangotra
fangorina,fangotra
fifangotana,fangotra
fifangotra,fangotra
finangotra,fangotra
ifangotana,fangotra
mahafangotra,fangotra
mamangotra,fangotra
mifangotra,fangotra
mpamangotra,fangotra
mpifangotra,fangotra
voafangotra,fangotra
kifanimpanina,fanimpanina
fanimpanina,fanina
faninina,fanina
hafaninana,fanina
mahafanina,fanina
ifaninanana,faninana
mafanja,fanja
mahafanjake,fanjake
mamanjake,fanjake
mampamanjake,fanjake
pamanjake,fanjake
pifanjake,fanjake
voafanjake,fanjake
fifanjana,fanjana
fifanjanana,fanjana
ifanjanana,fanjana
mifanjana,fanjana
mpifanjana,fanjana
fifanjihirana,fanjihitra
fifanjihitra,fanjihitra
ifanjihirana,fanjihitra
mifanjihitra,fanjihitra
mpifanjihitra,fanjihitra
afanjike,fanjike
mahafanjike,fanjike
mamanjike,fanjike
mampamanjike,fanjike
mifamanjike,fanjike
pamanjike,fanjike
pifamanjike,fanjike
voafanjike,fanjike
mifanjo,fanjo
fifanorona,fanorona
mpifanorona,fanorona
fanotoforona,fanoto
mifanta,fanta
ampifanta,fanta
fampifanta,fanta
fantafanta,fanta
fifanta,fanta
ifantana,fanta
mahafanta,fanta
mampifanta,fanta
mpifanta,fanta
pifanta,fanta
mifantafanta,fantafanta
afantaka,fantaka
amantahana,fantaka
fantahana,fantaka
ifantahana,fantaka
mamantaka,fantaka
mifantaka,fantaka
voafantaka,fantaka
ankamantatra,fantatra
ahafantarana,fantatra
amantarana,fantatra
ampahafantarina,fantatra
fahafantarana,fantatra
famantarana,fantatra
famantatra,fantatra
fantapantatra,fantatra
fantarina,fantatra
mahafantatra,fantatra
mamantatra,fantatra
mampahafantatra,fantatra
mihafantatra,fantatra
mpahafantatra,fantatra
mpamantatra,fantatra
mahafantatse,fantatse
mamantatse,fantatse
fantimpantenana,fantimpantina
fantenana,fantina
fantimpantina,fantina
fifantenana,fantina
fifantina,fantina
finantina,fantina
ifantenana,fantina
mahafantina,fantina
mifantina,fantina
mpifantina,fantina
voafantina,fantina
mifanto,fanto
afantoka,fantoka
amantohana,fantoka
mamantoka,fantoka
voafantoka,fantoka
famantohana,fantoka
famantoka,fantoka
fantohana,fantoka
fifantohana,fantoka
fifantoka,fantoka
finantoka,fantoka
ifantohana,fantoka
mahafantoka,fantoka
mifantoka,fantoka
mpamantoka,fantoka
mpifantoka,fantoka
afantoke,fantoke
mampamantoke,fantoke
pamantoke,fantoke
afantsana,fantsana
fifantsana,fantsana
fifantsanana,fantsana
ifantsanana,fantsana
mahafantsana,fantsana
mifantsana,fantsana
mpifantsana,fantsana
fantsihina,fantsika
finantsika,fantsika
mahafantaika,fantsika
mamantsika,fantsika
mifantsika,fantsika
afantsika,fantsika
amantsihana,fantsika
famantsihana,fantsika
famantsika,fantsika
fantsihana,fantsika
fifantsihana,fantsika
fifantsika,fantsika
ifantsihana,fantsika
mahafantsika,fantsika
mpamantsika,fantsika
mpifantsika,fantsika
voafantsika,fantsika
afantsike,fantsike
mamantsike,fantsike
mampamantsike,fantsike
mifantsike,fantsike
pamantsike,fantsike
voafantsike,fantsike
afantsitsitra,fantsitsitra
anafantsitsirana,fantsitsitra
fanafantsitsirana,fantsitsitra
fanafantsitsitra,fantsitsitra
fantsitsirana,fantsitsitra
fifantsitsirana,fantsitsitra
fifantsitsitra,fantsitsitra
ifantsitsirana,fantsitsitra
mahafantsitsitra,fantsitsitra
manafantsitsitra,fantsitsitra
mifantsitsitra,fantsitsitra
mpanafantsitsitra,fantsitsitra
mpifantsitsitra,fantsitsitra
tafafantsitsitra,fantsitsitra
voafantsitsitra,fantsitsitra
afantsona,fantsona
fantsonina,fantsona
mamantsona,fantsona
voafantsona,fantsona
amantsonana,fantsona
famantsonana,fantsona
fantsonana,fantsona
fifantsona,fantsona
ifantsonana,fantsona
mahafantsona,fantsona
manafantsona,fantsona
mifantsona,fantsona
mifantsy,fantsy
mahafaobe,faobe
afaoka,faoka
finaoka,faoka
amaohana,faoka
famaohana,faoka
famaoka,faoka
faohana,faoka
faohina,faoka
fifaohana,faoka
fifaoka,faoka
ifaohana,faoka
mahafaoka,faoka
mamaoka,faoka
mifaoka,faoka
mpamaoka,faoka
mpifaoka,faoka
voafaoka,faoka
mahafaoke,faoke
mampañaoke,faoke
mifaoke,faoke
pifaoke,faoke
voafaoke,faoke
afara,fara
faraborona,fara
farafahakeliny,fara
farafaikany,fara
mahaafara,fara
mamara,fara
voafara,fara
amarana,fara
fiafara,fara
fiafarana,fara
iafarana,fara
miafara,fara
mpiafara,fara
farana,fara
finara,fara
mifara,fara
farafarana,farafara
amarafarana,farafara
famarafara,farafara
famarafarana,farafara
farafaraina,farafara
finarafara,farafara
mahafarafara,farafara
mamarafara,farafara
voafarafara,farafara
mamaraha,faraha
pamarahy,farahy
afaraingo,faraingo
amaraingoana,faraingo
famaraingo,faraingo
famaraingoana,faraingo
faraingoina,faraingo
fifaraingoana,faraingo
ifaraingoana,faraingo
mahafaraingo,faraingo
mamaraingo,faraingo
mifaraingo,faraingo
mpamaraingo,faraingo
voafaraingo,faraingo
hafaraka,faraka
mafaraka,faraka
mafarake,farake
mifarana,farana
amaranana,farana
famaranana,farana
faranana,farana
finarana,farana
ifaranana,farana
mahafarana,farana
mamarana,farana
mpamarana,farana
voafarana,farana
afarango,farango
amarangoana,farango
farangoana,farango
mamarango,farango
mifarango,farango
voafarango,farango
farangorango,farango
mifarangorango,farangorango
mamarara,farara
famarara,farara
afararemotra,fararemotra
fifararemotana,fararemotra
fifararemotra,fararemotra
ifararemotana,fararemotra
mifararemotra,fararemotra
mitararemotra,fararemotra
mpifararemotra,fararemotra
faratana,faratra
mifaratra,faratra
afaratsaka,faratsaka
faratsahana,faratsaka
fifaratsahana,faratsaka
fifaratsaka,faratsaka
ifaratsahana,faratsaka
mahafaratsaka,faratsaka
mifaratsaka,faratsaka
mpifaratsaka,faratsaka
ifarejoana,farejo
mifarejo,farejo
farifarina,farifary
ifarifariana,farifary
mifarifary,farifary
amparimbona,farimbona
fifarimbona,farimbona
fifarimbonana,farimbona
ifarimbonana,farimbona
mifarimbona,farimbona
mpifarimbona,farimbona
hafarina,farina
mifarina,farina
mahafarina,farina
famariparitana,fariparitra
mifariparitra,fariparitra
finaritra,faritra
ifaritana,faritra
afaritra,faritra
amaritana,faritra
famaritana,faritra
famaritra,faritra
fariparitra,faritra
faritana,faritra
fifaritra,faritra
mahafaritra,faritra
mamaritra,faritra
mifaritra,faritra
mpamaritra,faritra
mpifaritra,faritra
voafaritra,faritra
voafaritse,faritse
mifaritsoka,faritsoka
afaritsoka,faritsoka
amaritsohana,faritsoka
famaritsohana,faritsoka
famaritsoka,faritsoka
faritsohana,faritsoka
fifaritsoka,faritsoka
mahafaritsoka,faritsoka
mamaritsoka,faritsoka
mpamaritsoka,faritsoka
mpifaritsoka,faritsoka
voafaritsoka,faritsoka
fifarombahana,farombaka
fifarombaka,farombaka
ifarombahana,farombaka
mahafarombaka,farombaka
mifarombaka,farombaka
mpifarombaka,farombaka
faroratana,faroratra
fifaroratana,faroratra
fifaroratra,faroratra
ifaroratana,faroratra
mahafaroratra,faroratra
mamaroratra,faroratra
mifaroratra,faroratra
mpifaroratra,faroratra
mampifary,fary
mifary,fary
pifary,fary
kifasampasana,fasampasana
tsifasampasana,fasampasana
fasampasana,fasana
fasehina,fasika
fasihina,fasika
fasipasehana,fasika
fasipasehina,fasika
fasipasika,fasika
fasinana,fasina
mamasipasika,fasipasika
fatany,fatana
mahafate,fate
mate,fate
mihamate,fate
fatitramalona,fatitra
amaterana,fatitra
faterana,fatitra
mamatitra,fatitra
voafatitra,fatitra
mampifatitse,fatitse
mifatitse,fatitse
pifatitse,fatitse
afatopatotra,fatopatotra
mifatopatotra,fatopatotra
fatorana,fatotra
afatotra,fatotra
amatorana,fatotra
famatorana,fatotra
famatotra,fatotra
fatopatotra,fatotra
fifatorana,fatotra
fifatotra,fatotra
finatotra,fatotra
ifatorana,fatotra
mahafatotra,fatotra
mamatotra,fatotra
mampamatotra,fatotra
mampifamatotra,fatotra
mifamatotra,fatotra
mifatotra,fatotra
mpamatotra,fatotra
mpifatotra,fatotra
tafafatotra,fatotra
voafatotra,fatotra
fifarana,fatra
hamatra,fatra
hifatra,fatra
mifatra,fatra
somafatra,fatra
afatra,fatra
famarana,fatra
famatra,fatra
fifatra,fatra
ifarana,fatra
mamatra,fatra
mifamatra,fatra
mpamatra,fatra
mpifatra,fatra
voafatra,fatra
tampatrana,fatrana
afatratra,fatratra
amatrarana,fatratra
fatrarana,fatratra
ifatrarana,fatratra
mamatratra,fatratra
mifatratra,fatratra
voafatratra,fatratra
tafafatratra,fatratra
famatrarana,fatratra
famatratra,fatratra
fifatrarana,fatratra
fifatratra,fatratra
mahafatratra,fatratra
mpamatratra,fatratra
mpifatratra,fatratra
fatrofatro,fatro
mifatrofatro,fatrofatro
afatry,fatry
mamatry,fatry
mifatsafatsa,fatsafatsa
hafatsake,fatsake
mahafatsake,fatsake
mihafatsake,fatsake
fifatsifatsy,fatsifatsy
mifatsifatsy,fatsifatsy
hafatesana,faty
imatimatesana,faty
mahafatifaty,faty
ahafatesana,faty
fahafatesana,faty
fahafaty,faty
mahafaty,faty
maty,faty
ankafaizana,fay
faizina,fay
mampifay,fay
pifay,fay
mifay,fay
amaizana,fay
faizana,fay
famaizana,fay
mahafay,fay
mamay,fay
manafay,fay
mankafay,fay
voafay,fay
amefehana,fefika
fifefehana,fefika
mamefika,fefika
manafefika,fefika
tofefika,fefika
afefika,fefika
famefehana,fefika
famefika,fefika
fefehina,fefika
fifefika,fefika
finefika,fefika
ifefehana,fefika
mahafefika,fefika
mifefika,fefika
mpamefika,fefika
mpifefika,fefika
tafafefika,fefika
voafefika,fefika
mamefiky,fefiky
ifefena,fefy
mifefy,fefy
mitefy,fefy
afefy,fefy
amefena,fefy
famefena,fefy
famefy,fefy
fefena,fefy
fifefena,fefy
fifefy,fefy
finefy,fefy
ifefana,fefy
mahafefy,fefy
mamefy,fefy
mpamefy,fefy
mpifefy,fefy
voafefy,fefy
afehe,fehe
fafehe,fehe
kofehe,fehe
mahafehe,fehe
mamehe,fehe
mampamehe,fehe
mifamehe,fehe
mifampifehe,fehe
mifehe,fehe
mihamifehe,fehe
pamehe,fehe
pampamehe,fehe
pifamehe,fehe
pifehe,fehe
voafehe,fehe
ifehezana,fehy
afehy,fehy
amehezana,fehy
ampehezana,fehy
fahafehezana,fehy
famehezana,fehy
fehezana,fehy
fehezina,fehy
fifampifehezana,fehy
fifehezana,fehy
fifehy,fehy
finehy,fehy
ifampifehezana,fehy
kifehy,fehy
kofehy,fehy
mahafehy,fehy
mamehy,fehy
mifehy,fehy
mpamehy,fehy
mpifehy,fehy
voafehy,fehy
fejafeja,feja
fejana,feja
fineja,feja
mafeja,feja
mameja,feja
mifeja,feja
voafeja,feja
amejafejana,fejafeja
fejafejana,fejafeja
mafejafeja,fejafeja
mamejafeja,fejafeja
mifejafeja,"fejafeja"""
felahana,felaka
mamelaka,felaka
mifelaka,felaka
voafelaka,felaka
ifelampelanana,felampelana
mifelampelana,felampelana
mamelana,felana
fifelana,felana
fifelanana,felana
ifelanana,felana
mifelana,felana
mpifelana,felana
amelehana,felika
mamelika,felika
afelika,felika
felehina,felika
felipelika,felika
fifelehana,felika
fifelika,felika
ifelehana,felika
mahafelika,felika
mifelika,felika
mpifelika,felika
safelika,felika
tafafelika,felika
voafelika,felika
mifelipelika,felipelika
afelipelika,felipelika
amelipelehana,felipelika
famelipelehana,felipelika
famelipelika,felipelika
felipelehina,felipelika
fifelipelehana,felipelika
fifelipelika,felipelika
ifelipelehana,felipelika
mahafelipelika,felipelika
mamelipelika,felipelika
mampamelipelika,felipelika
mampifamelipelika,felipelika
mampifelipelika,felipelika
mifamelipelika,felipelika
mifampifelipelika,felipelika
mpamelipelika,felipelika
mpifelipelika,felipelika
tafafelipelika,felipelika
voafelipelika,felipelika
mifelipeliky,felipeliky
ampemba,femba
afempina,fempina
amempenana,fempina
famempenana,fempina
famempina,fempina
fempenana,fempina
mahapempina,fempina
mamempina,fempina
mpamempina,fempina
voafempina,fempina
hafempeña,fempy
mifena,fena
amendrofendroana,fendrofendro
famendrofendro,fendrofendro
famendrofendroana,fendrofendro
fendrofendroina,fendrofendro
fifendrofendro,fendrofendro
fifendrofendroana,fendrofendro
ifendrofendroana,fendrofendro
mahafendrofendro,fendrofendro
mamendrofendro,fendrofendro
mifendrofendro,fendrofendro
mpamendrofendro,fendrofendro
mpifendrofendro,fendrofendro
voafendrofendro,fendrofendro
afendrotra,fendrotra
fifendrotana,fendrotra
fifendrotra,fendrotra
ifendrotana,fendrotra
mahafendrotra,fendrotra
mifendrotra,fendrotra
mpifendrotra,fendrotra
voafendrotra,fendrotra
anafenganana,fengana
hafenganina,fengana
manafengana,fengana
mahamengoke,fengoke
mamengoke,fengoke
mihamengoke,fengoke
mifenifeny,fenifeny
amenjana,fenja
mamenjafenja,fenja
famenja,fenja
famenjana,fenja
fenjafenja,fenja
fenjaina,fenja
fenjana,fenja
fifenja,fenja
fifenjana,fenja
finenja,fenja
ifenjana,fenja
mahafenja,fenja
mamenja,fenja
mifenja,fenja
mpamenja,fenja
mpifenja,fenja
voafenja,fenja
amenjafenjana,fenjafenja
fenjafenjana,fenjafenja
voafenjafenja,fenjafenja
afenjake,fenjake
fafenjake,fenjake
mamenjake,fenjake
mampamenjake,fenjake
mifamenjake,fenjake
pamenjake,fenjake
pifamenjake,fenjake
voafenjake,fenjake
hafeno,feno
hafenoana,feno
mampameno,feno
mampifameno,feno
pameno,feno
pifameno,feno
afeno,feno
amenoana,feno
fahafenoana,feno
fameno,feno
famenoana,feno
fenofeno,feno
fenoina,feno
fifeno,feno
fifenoana,feno
hafenoaana,feno
ifenoana,feno
mahafeno,feno
mameno,feno
mifameno,feno
mifeno,feno
mihafeno,feno
mpameno,feno
mpifeno,feno
voafeno,feno
mahafenofeno,fenofeno
afente,fente
ampamente,fente
mamente,fente
mampamente,fente
mifamente,fente
pamente,fente
pifamente,fente
voafente,fente
fifentifentena,fentifenty
ifentifentena,fentifenty
mifentifenty,fentifenty
fifentsahona,fentsahona
mifentsahona,fentsahona
mpifentsahona,fentsahona
fentifenty,fenty
fifenty,fenty
mahafenty,fenty
mifenty,fenty
mpifenty,fenty
amene,feny
fenifeny,feny
afeny,feny
amenena,feny
fenena,feny
ifenena,feny
mameny,feny
mifeny,feny
voafeny,feny
mampameo,feo
mifameo,feo
pameo,feo
pifameo,feo
voafeo,feo
fafeofeo,feofeo
mameofeo,feofeo
feperana,fepetra
mamepetra,fepetra
mamepy,fepy
hafere,fere
mahafere,fere
mampafere,fere
pafere,fere
voafere,fere
tsimperifery,ferifery
mampiferinaina,ferinaina
ferena,fery
ferezina,fery
mifery,fery
voafery,fery
afesana,fesana
amesanana,fesana
famesana,fesana
famesanana,fesana
fesampesana,fesana
fesanina,fesana
mahafesana,fesana
mamesana,fesana
mpamesana,fesana
voafesana,fesana
ametafetana,feta
fametana,feta
fetaina,feta
mahafeta,feta
mifeta,feta
voafeta,feta
afeta,feta
fetafeta,feta
fetana,feta
fineta,feta
mameta,feta
fametafeta,fetafeta
fametafetana,fetafeta
fetafetaina,fetafeta
fifetafeta,fetafeta
fifetafetana,fetafeta
ifetafetana,fetafeta
mametafeta,fetafeta
mifetafeta,fetafeta
mpametafeta,fetafeta
mpifetafeta,fetafeta
afetaka,fetaka
ametahana,fetaka
fametaka,fetaka
fetahana,fetaka
fifetahana,fetaka
fifetaka,fetaka
ifetahana,fetaka
mahafetaka,fetaka
mametaka,fetaka
mampifetaka,fetaka
mifetaka,fetaka
mpametaka,fetaka
mpifetaka,fetaka
voafetaka,fetaka
fetehina,fetika
ifetehana,fetika
mifetika,fetika
fetopetoka,fetoka
fifetohana,fetoka
fifetoka,fetoka
ifetohana,fetoka
mahafetoka,fetoka
mifetoka,fetoka
mpifetoka,fetoka
mifetopetoka,fetopetoka
fepetra,fetra
afetra,fetra
amerana,fetra
famerana,fetra
fametra,fetra
ferana,fetra
fiferana,fetra
fifetra,fetra
iferana,fetra
mahafetra,fetra
mametra,fetra
mifetra,fetra
mpametra,fetra
mpifetra,fetra
voafetra,fetra
afetrika,fetrika
finetrika,fetrika
ametrehana,fetrika
fametrehana,fetrika
fametrika,fetrika
fetrehina,fetrika
mahafetrika,fetrika
mametrika,fetrika
mpametrika,fetrika
voafetrika,fetrika
mifetsa,fetsa
fetsahina,fetsaka
finetsaka,fetsaka
mametsaka,fetsaka
manapetsaka,fetsaka
afetsaka,fetsaka
ametsahana,fetsaka
fametsahana,fetsaka
fametsaka,fetsaka
fetsahana,fetsaka
fifetsahana,fetsaka
fifetsaka,fetsaka
ifetsahana,fetsaka
mifetsaka,fetsaka
mpametsaka,fetsaka
mpifetsaka,fetsaka
voafetsaka,fetsaka
afetse,fetse
mahafetse,fetse
mihafetse,fetse
pametse,fetse
voafetse,fetse
ametsena,fetsy
hametsy,fetsy
mametsy,fetsy
voafetsy,fetsy
fahafetsena,fetsy
fametsena,fetsy
fametsy,fetsy
fetsena,fetsy
fetsifetsena,fetsy
fetsifetsy,fetsy
fifetsena,fetsy
fifetsy,fetsy
finetsy,fetsy
hafetsena,fetsy
ifetsena,fetsy
kapetsy,fetsy
mahafetsy,fetsy
mifetsy,fetsy
mpametsy,fetsy
mpifetsy,fetsy
afetsy,fetsy
fifezafeza,fezafeza
fifezafezana,fezafeza
ifezafezana,fezafeza
mahafezafeza,fezafeza
mifezafeza,fezafeza
mpifezafeza,fezafeza
mifezafezaka,fezafezaka
finezaka,fezaka
voafezaka,fezaka
afezaka,fezaka
fezahina,fezaka
fifezahana,fezaka
fifezaka,fezaka
ifezahana,fezaka
mahafezaka,fezaka
mifezaka,fezaka
mpifezaka,fezaka
tofezaka,fezaka
fiafotsy,fia
afia,fia
amiazana,fia
famia,fia
famiazana,fia
fiazana,fia
fifia,fia
fifiazana,fia
ifiazana,fia
mahafia,fia
mamia,fia
mampifia,fia
mifampifia,fia
mifia,fia
mpamia,fia
mpifia,fia
voafia,fia
fiahina,fiaka
fiapiaka,fiaka
fifiahana,fiaka
fifiaka,fiaka
ifiahana,fiaka
mafiaka,fiaka
mahafiaka,fiaka
mifiaka,fiaka
mpifiaka,fiaka
voafiaka,fiaka
fiampohana,fiampoka
mangetsana,fiangetsanana
mampifiatse,fiatse
mifiatse,fiatse
ankifidy,fidy
fidina,fidy
fifidianana,fidy
fifidy,fidy
finidy,fidy
ifidianana,fidy
mahafidy,fidy
mampampifidy,fidy
mampifampifidy,fidy
mampifidy,fidy
mifampifidy,fidy
mifidy,fidy
mpifidy,fidy
safidy,fidy
voafidy,fidy
fifiohana,fifioka
tampify,fify
afify,fify
itampifiana,fify
mamify,fify
mifify,fify
fifihifihiana,fihifihy
fifihifihy,fihifihy
fihifihiana,fihifihy
ifihifihiana,fihifihy
mifihifihy,fihifihy
mpifihifihy,fihifihy
afihina,fihina
amihinana,fihina
famihina,fihina
famihinana,fihina
fifihina,fihina
fifihinana,fihina
fihinina,fihina
ifihinana,fihina
mahafihina,fihina
mamihina,fihina
mifamihina,fihina
mifihina,fihina
mpamihina,fihina
mpifihina,fihina
voafihina,fihina
mifampihinana,fihinana
afihitra,fihitra
amihirana,fihitra
famihirana,fihitra
famihitra,fihitra
fifihirana,fihitra
fifihitra,fihitra
fihipihitra,fihitra
fihirina,fihitra
ifihirana,fihitra
mahafihitra,fihitra
mamihitra,fihitra
mifihitra,fihitra
mpamihitra,fihitra
mpifihitra,fihitra
tafafihitra,fihitra
voafihitra,fihitra
afihy,fihy
fifihy,fihy
mahafihy,fihy
mampamihy,fihy
mampifihy,fihy
mifamihy,fihy
mifihy,fihy
pamihy,fihy
pifamihy,fihy
pifihy,fihy
voafihy,fihy
mafikitra,fikitra
afikitra,fikitra
amikirana,fikitra
famikirana,fikitra
fifikirana,fikitra
fifikitra,fikitra
fikirina,fikitra
ifikirana,fikitra
mahafikitra,fikitra
mamikitra,fikitra
mifikitra,fikitra
mpamikitra,fikitra
mpifikitra,fikitra
voafikitra,fikitra
ampilafilana,filafila
amilafilana,filafila
ampifilafilaina,filafila
ampifilafilana,filafila
familafila,filafila
familafilana,filafila
fampifilafila,filafila
fampifilafilana,filafila
mamilafila,filafila
mampifilafila,filafila
mampilafila,filafila
mpamilafila,filafila
mpampifilafila,filafila
mpampilafila,filafila
afilatse,filatse
mahafilatse,filatse
mamilatse,filatse
mampamilatse,filatse
mifamilatse,filatse
pamilatse,filatse
voafilatse,filatse
mamilo,filo
afilo,filo
filoina,filo
ifiloana,filo
mifilo,filo
mifilofilo,filo
mafilotra,filotra
mahafily,fily
mampifily,fily
mifily,fily
pifily,fily
voafily,fily
finina,fina
mamina,fina
afina,fina
fahafinaretana,finaritra
hafinaretana,finaritra
hafinaritra,finaritra
mahafinaritra,finaritra
mampahafinaritra,finaritra
mifampahafinaritra,finaritra
afindra,findra
amindrana,findra
famindra,findra
famindrana,findra
fifindra,findra
fifindrana,findra
findrafindra,findra
ifindrana,findra
mahafindra,findra
mamindra,findra
mampifindra,findra
mifamindra,findra
mifampifindra,findra
mifindra,findra
mpamindra,findra
mpifindra,findra
tafafindra,findra
voafindra,findra
afindrafindra,findrafindra
mamindrafindra,findrafindra
ifindrafindrana,findrafindra
mifindrafindra,findrafindra
fingafinga,finga
mahafinga,finga
maminga,finga
mampaminga,finga
mifaminga,finga
paminga,finga
voafinga,finga
afingafinga,fingafinga
amingafingana,fingafinga
famingafinga,fingafinga
famingafingana,fingafinga
fifingafinga,fingafinga
fifingafingana,fingafinga
fingafingaina,fingafinga
fingafingana,fingafinga
ifingafingana,fingafinga
mahafingafinga,fingafinga
mamingafinga,fingafinga
mifingafinga,fingafinga
mpamingafinga,fingafinga
mpifingafinga,fingafinga
afingana,fingana
aminganana,fingana
famingana,fingana
faminganana,fingana
fingampingana,fingana
finganina,fingana
mamingana,fingana
mampamingana,fingana
mampifamingana,fingana
mifamingana,fingana
mpamingana,fingana
voafingana,fingana
finingana,fingana
fingorana,fingotra
amingorana,fingotra
famingorana,fingotra
famingotra,fingotra
mahafingotra,fingotra
mamingotra,fingotra
mpamingotra,fingotra
voafingotra,fingotra
afinja,finja
ampaminja,finja
ampifinja,finja
fafinja,finja
faminja,finja
fampaminja,finja
fañafinja,finja
fifinja,finja
mahafinja,finja
maminja,finja
mampaminja,finja
mañafinja,finja
mifinja,finja
mihamifinja,finja
paminja,finja
pifinja,finja
voafinja,finja
mifinjifinjy,finjifinjy
aminjifinjiana,finjifinjy
faminjifinjiana,finjifinjy
faminjifinjy,finjifinjy
fifinjifinjiana,finjifinjy
fifinjifinjy,finjifinjy
ifinjifinjiana,finjifinjy
mahafinjifinjy,finjifinjy
maminjifinjy,finjifinjy
amintanana,fintana
famintana,fintana
famintanana,fintana
finintana,fintana
fintampintana,fintana
fintanina,fintana
mahafintana,fintana
mamintana,fintana
mampamintana,fintana
mampifamintana,fintana
mifamintana,fintana
mpamintana,fintana
voafintana,fintana
afintina,fintina
amintinana,fintina
famintina,fintina
famintinana,fintina
fintimpintina,fintina
fintinina,fintina
ifintinana,fintina
mafintina,fintina
mahafintina,fintina
mamintina,fintina
mifintina,fintina
mpamintina,fintina
mpifintina,fintina
tafafintina,fintina
voafintina,fintina
mafinto,finto
fifinto,finto
mamintsana,fintsana
amintsanana,fintsana
fintsanina,fintsana
mifintsampintsana,fintsana
afinty,finty
amintiana,finty
fininty,finty
fintina,finty
ifintiana,finty
mahafinty,finty
maminty,finty
mampifinty,finty
mifinty,finty
voafinty,finty
fiohina,fioka
afioka,fioka
amiohana,fioka
famiohana,fioka
famioka,fioka
fifioka,fioka
finioka,fioka
fiopioka,fioka
ifiohana,fioka
mahafioka,fioka
mamioka,fioka
mifioka,fioka
mpamioka,fioka
tafioka,fioka
voafioka,fioka
mahafioke,fioke
mampifioke,fioke
mifampifioke,fioke
pifioke,fioke
voafioke,fioke
fifiopioka,fiopioka
fampamira,fira
fifamira,fira
firafira,fira
mampamira,fira
pamira,fira
afira,fira
amirana,fira
fafira,fira
famira,fira
famiràna,fira
finira,fira
firaina,fira
mahafira,fira
mamira,fira
mifira,fira
mpamira,fira
voafira,fira
mifirafira,firafira
mifiraina,firaina
amiranana,firana
firanina,firana
mamirana,firana
voafirana,firana
mafirana,firana
amirapiratana,firapiratra
famirapiratana,firapiratra
famirapiratra,firapiratra
mamirapiratra,firapiratra
mampamirapiratra,firapiratra
mpamirapiratra,firapiratra
fampamiratana,firatra
mamiratra,firatra
amiratana,firatra
famiratana,firatra
famiratra,firatra
firapiratra,firatra
mampamiratra,firatra
mpamiratra,firatra
mamiratse,firatse
mampamiratse,firatse
mihamamiratse,firatse
hafiray,firay
mafiray,firay
firifirina,firifiry
mamirifiry,firifiry
mifiririotse,fiririotse
firifiriana,firy
firifiry,firy
firina,firy
mafiry,firy
mamiry,firy
manimpiry,firy
ampahafiry,firy
fahafiry,firy
hafiriana,firy
impiry,firy
mahafiry,firy
mifiry,firy
itampisahina,fisaka
vaofisaka,fisaka
amisahana,fisaka
famisahana,fisaka
famisaka,fisaka
fifisahana,fisaka
fifisaka,fisaka
finisaka,fisaka
fisahina,fisaka
ifisahana,fisaka
mahafisaka,fisaka
mamisaka,fisaka
mifisaka,fisaka
mpamisaka,fisaka
tampisaka,fisaka
voafisaka,fisaka
mahafisake,fisake
mamisake,fisake
mampamisake,fisake
mihafisake,fisake
voafisake,fisake
mamisana,fisana
amisanana,fisana
fisanina,fisana
voafisana,fisana
finitaka,fitaka
amitahana,fitaka
famitahana,fitaka
famitaka,fitaka
fifitahana,fitaka
fifitaka,fitaka
fitahina,fitaka
fitapitaka,fitaka
ifitahana,fitaka
mahafitaka,fitaka
mamitaka,fitaka
mpamitaka,fitaka
voafitaka,fitaka
afitaka,fitaka
mifitaka,fitaka
tafafitaka,fitaka
afitake,fitake
fafitake,fitake
mahafitake,fitake
mamitake,fitake
mampamitake,fitake
mampifitake,fitake
mifamitake,fitake
pamitake,fitake
pifamitake,fitake
pifitake,fitake
voafitake,fitake
mifitaky,fitaky
mamitapitaka,fitapitaka
fahafito,fito
voafito,fito
ampahafito,fito
anafitoana,fito
fanafito,fito
fanafitoana,fito
fifito,fito
fifitoana,fito
fitoina,fito
hafitoana,fito
ifitoana,fito
impito,fito
kifito,fito
manafito,fito
mifito,fito
mpanafito,fito
mpifito,fito
tsifitofito,fito
afitra,fitra
famirana,fitra
famitra,fitra
fifirana,fitra
firana,fitra
ifirana,fitra
mamitra,fitra
mifitra,fitra
mpamitra,fitra
fifitra,fitra
finitra,fitra
hifitra,fitra
mpifitra,fitra
ifitrohana,fitroka
mifitroka,fitroka
mifitsaka,fitsaka
tafafitsaka,fitsaka
afitsaka,fitsaka
amitsahana,fitsaka
famitsahana,fitsaka
famitsaka,fitsaka
fifitsahana,fitsaka
fifitsaka,fitsaka
fitsahina,fitsaka
ifitsahana,fitsaka
mahafitsaka,fitsaka
mamitsaka,fitsaka
mpamitsaka,fitsaka
mpifitsaka,fitsaka
voafitsaka,fitsaka
mamipitse,fitse
mampifitse,fitse
mifitse,fitse
pifitse,fitse
voafitse,fitse
mifitsoka,fitsoka
afitsoka,fitsoka
amitsohana,fitsoka
famitsohana,fitsoka
famitsoka,fitsoka
finitsoka,fitsoka
fitsofana,fitsoka
fitsohana,fitsoka
mafitsoka,fitsoka
mahafitsoka,fitsoka
mamitsoka,fitsoka
mpamitsoka,fitsoka
voafitsoka,fitsoka
mifizofizo,fizofizo
kifompo,fo
mpanampo,fo
foko,fo
ampo,fo
ampoizina,fo
fanampo,fo
fanampoizana,fo
foizina,fo
manampò,fo
mahafoa,foa
fifoaba,foaba
fifoabana,foaba
mifoaba,foaba
afoahaña,foaka
amoahana,foaka
foahana,foaka
ifoahana,foaka
mafoaka,foaka
mifoaka,foaka
voafoaka,foaka
amoanana,foana
hamoanana,foana
fahafoanana,foana
anafoanana,foana
fanafoana,foana
fanafoanana,foana
foampoana,foana
foanana,foana
mahafoana,foana
mamoana,foana
manafoana,foana
mpanafoana,foana
voafoana,foana
mahafoay,foay
mampifoay,foay
mifoay,foay
pifoay,foay
amodiana,fody
tampody,fody
afody,fody
fifodiana,fody
fodifody,fody
ifodiana,fody
mahafody,fody
mifody,fody
tafafody,fody
voafody,fody
afoe,foe
mahafoe,foe
mampamoe,foe
pamoe,foe
voafoe,foe
manampofo,fofo
miampofo,fofo
amofoana,fofo
ampofo,fofo
famofo,fofo
famofoana,fofo
fiampofo,fofo
fifamofo,fofo
fifamofoana,fofo
fofoina,fofo
ifamofoana,fofo
ifofoana,fofo
mamofo,fofo
mifamofo,fofo
mifofo,fofo
mpamofo,fofo
mpifamofo,fofo
voafofo,fofo
fifofo,fofo
fifofoana,fofo
mpifofo,fofo
fofoana,fofo
fofoanina,fofoana
mampifofofofo,fofofofo
fifofofofo,fofofofo
fifofofofoana,fofofofo
ifofofofoana,fofofofo
mifofofofo,fofofofo
mpifofofofo,fofofofo
fofohina,fofoka
fofonaretina,fofoka
afofoka,fofoka
amofohana,fofoka
fifofohana,fofoka
fifofoka,fofoka
fofohana,fofoka
ifofohana,fofoka
mahafofoka,fofoka
mamofoka,fofoka
mifofoka,fofoka
mpamofoka,fofoka
mpifofoka,fofoka
safofoka,fofoka
tafafofoka,fofoka
voafofoka,fofoka
famofohana,fofoka
afofoke,fofoke
mahafofoke,fofoke
mampamofoke,fofoke
mifamofoke,fofoke
mifofoke,fofoke
pamofoke,fofoke
pifofoke,fofoke
voafofoke,fofoke
mamofompofona,fofompofona
fofonina,fofona
amofonana,fofona
famofona,fofona
famofonana,fofona
fofompofona,fofona
fofonana,fofona
mamofona,fofona
mpamofona,fofona
voafofona,fofona
amoforana,fofotra
mamofotra,fofotra
afofotra,fofotra
fifoforana,fofotra
fifofotra,fofotra
foforina,fofotra
ifoforana,fofotra
mahafofotra,fofotra
mifofotra,fofotra
mpifofotra,fofotra
tafofotra,fofotra
fampohaza,foha
tsimpohafoha,foha
tsipohafoha,foha
amohazana,foha
famoha,foha
famohazana,foha
fifoha,foha
fifohazana,foha
fohafoha,foha
fohazina,foha
ifohazana,foha
mahafoha,foha
mamoha,foha
mampamoha,foha
mampifamoha,foha
mampifoha,foha
mifamoha,foha
mifampamoha,foha
mifoha,foha
mpifoha,foha
pamoha,foha
pifamoha,foha
pifampamoha,foha
pifoha,foha
tafafoha,foha
voafoha,foha
mifohafoha,fohafoha
amoharana,fohatra
foharina,fohatra
ifoharana,fohatra
mamohatra,fohatra
mifohatra,fohatra
voafohatra,fohatra
mañafohe,fohe
fohaharina,fohehatra
ifoheharana,fohehatra
voafohehatra,fohehatra
fifohehatra,fohehatra
foheharina,fohehatra
mamohehatra,fohehatra
mifohehatra,fohehatra
mpamohehatra,fohehatra
mpifohehatra,fohehatra
mahafohifohy,fohifohy
amohezana,fohy
ampohiny,fohy
fohezina,fohy
anafohezana,fohy
fahafohezana,fohy
fahafohizana,fohy
fahafohy,fohy
fanafohezana,fohy
fanafohy,fohy
fohifohy,fohy
hafohezana,fohy
hafohezina,fohy
hafohy,fohy
mahafohy,fohy
mamohy,fohy
manafohy,fohy
mihafohy,fohy
mpanafohy,fohy
voafohy,fohy
afoina,foina
amoinana,foina
famoina,foina
famoinana,foina
foinana,foina
mahafoina,foina
mamoina,foina
mpamoina,foina
voafoina,foina
foibeny,foitra
fopòka,foka
hafokana,foka
mahafoka,foka
mifokafoka,foka
afoka,foka
fifohana,foka
fifoka,foka
fohina,foka
ifohana,foka
mampifoka,foka
mifampifoka,foka
mifoka,foka
mpifòka,foka
voafoka,foka
afokaina,foka
anafokana,foka
fanafoka,foka
fanafokana,foka
fokafoka,foka
fokaina,foka
manafoka,foka
mpanafoka,foka
ifokafokana,fokafoka
amokarana,fokatra
famokarana,fokatra
fifokarana,fokatra
fifokatra,fokatra
fokarina,fokatra
ifokarana,fokatra
ipokarana,fokatra
mahafokatra,fokatra
mamokatra,fokatra
mifokatra,fokatra
mpifokatra,fokatra
voafokatra,fokatra
mifoke,foke
mamokeky,fokeky
fifoko,foko
mpifoko,foko
fifokoana,foko
ifokoana,foko
mifoko,foko
mifokofoko,fokofoko
famolahana,folaka
afolaka,folaka
amolahana,folaka
fafolaka,folaka
famolaka,folaka
fifolahana,folaka
finolaka,folaka
folahina,folaka
folapolaka,folaka
mahafolaka,folaka
mamolaka,folaka
mifamolaka,folaka
mifolaka,folaka
mpafolaka,folaka
mpamolaka,folaka
voafolaka,folaka
mahafolake,folake
mamolake,folake
mampamolake,folake
mifolake,folake
mihafolake,folake
pamolake,folake
pifolake,folake
voafolake,folake
mifolentsake,folentsake
ampahafolo,folo
fahafolo,folo
fifolo,folo
fifoloana,folo
foloina,folo
hafoloana,folo
ifoloana,folo
impolo,folo
mifolo,folo
mpifolo,folo
tafolo,folo
tsifolofolo,folo
mifololotra,fololotra
kifolona,folona
amolonana,folona
famolona,folona
famolonana,folona
finolona,folona
folonana,folona
kofolona,folona
mahafolona,folona
mamolona,folona
mpamolona,folona
voafolona,folona
folopolorana,folopolotra
mamolopolotra,folotra
folopolotra,folotra
finoly,foly
amolesana,foly
famolesana,foly
famoly,foly
folesina,foly
mahafoly,foly
mamoly,foly
mpamoly,foly
voafoly,foly
fombafomba,fomba
amomboana,fombo
famomboana,fombo
fomboina,fombo
hafomboana,fombo
mamombo,fombo
amomponana,fompona
fomponina,fompona
mamompona,fompona
mifompona,fompona
mamompotra,fompotra
afompotra,fompotra
anafomporana,fompotra
fanafomporana,fompotra
fanafompotra,fompotra
mahafompotra,fompotra
manafompotra,fompotra
manompotra,fompotra
mpanafompotra,fompotra
ampifona,fona
fampifona,fona
fifampifona,fona
mampifona,fona
pifona,fona
mifona,fona
fifona,fona
fifonana,fona
fompona,fona
hifona,fona
ifonana,fona
mahafona,fona
mpifona,fona
fonahana,fonaka
fonaponaka,fonaka
mahafonaka,fonaka
fifonahana,fonaka
ifonahana,fonaka
mifonaka,fonaka
amonaponahana,fonaponaka
famonaponahana,fonaponaka
mamonaponaka,fonaponaka
fondranana,fondrana
afondrana,fondrana
amondranana,fondrana
famondrana,fondrana
famondranana,fondrana
fondranina,fondrana
mahafondrana,fondrana
mamondrana,fondrana
mpamondrana,fondrana
voafondrana,fondrana
amondroana,fondro
fondrofondroana,fondro
fondroina,fondro
fondroiny,fondro
ifondroana,fondro
mamondro,fondro
mifondro,fondro
fifondrofondro,fondrofondro
fifondrofondroana,fondrofondro
ifondrofondroana,fondrofondro
mifondrofondro,fondrofondro
mpifondrofondro,fondrofondro
mahafonga,fonga
mamonga,fonga
mihafonga,fonga
anafonganana,fongana
finongana,fongana
afongana,fongana
amonganana,fongana
fahafonganana,fongana
famonganana,fongana
fonganana,fongana
fonganina,fongana
mahafongana,fongana
mamongana,fongana
manafongana,fongana
voafongana,fongana
afongatra,fongatra
fonongatra,fongatra
amongarana,fongatra
famongarana,fongatra
famongatra,fongatra
fifongarana,fongatra
fifongatra,fongatra
fongarina,fongatra
fongatina,fongatra
ifongarana,fongatra
mahafongatra,fongatra
mamongatra,fongatra
mifongatra,fongatra
mpamongatra,fongatra
mpifongatra,fongatra
voafongatra,fongatra
afongo,fongo
fifongo,fongo
fifongoana,fongo
ifongoana,fongo
mifongo,fongo
mpifongo,fongo
tafafongo,fongo
kifongo,fongo
afongofongo,fongofongo
fifongofongo,fongofongo
fifongofongoana,fongofongo
ifongofongoana,fongofongo
mahafongofongo,fongofongo
mifongofongo,fongofongo
mpifongofongo,fongofongo
tafafongofongo,fongofongo
afongotra,fongotra
amongorana,fongotra
fahafongorana,fongotra
famongorana,fongotra
famongotra,fongotra
fongorana,fongotra
mahafongotra,fongotra
mamongotra,fongotra
manafongotra,fongotra
mpamongotra,fongotra
voafongotra,fongotra
mifonitra,fonitra
fonetana,fonitra
fonitana,fonitra
mankafonitra,fonitra
afonitse,fonitse
mahafonitse,fonitse
mamonitse,fonitse
mampamonitse,fonitse
mifonitse,fonitse
pamonitse,fonitse
voafonitse,fonitse
afonja,fonja
mafonja,fonja
mamonja,fonja
afonjafonja,fonjafonja
amonjafonjana,fonjafonja
famonjafonja,fonjafonja
famonjafonjana,fonjafonja
fonjafonjaina,fonjafonja
mahafonjafonja,fonjafonja
mamonjafonja,fonjafonja
mampifamonjafonja,fonjafonja
mifamonjafonja,fonjafonja
mpamonjafonja,fonjafonja
voafonjafonja,fonjafonja
afonjo,fonjo
ampamonjo,fonjo
fafonjo,fonjo
mahafonjo,fonjo
mamonjo,fonjo
mampamonjo,fonjo
mañafonjo,fonjo
mifonjo,fonjo
pamonjo,fonjo
pañafonjo,fonjo
voafonjo,fonjo
mamono,fono
afono,fono
amonosana,fono
famonosana,fono
fifono,fono
fifonosana,fono
fonofono,fono
fonosana,fono
fonosina,fono
ifonosana,fono
mahafono,fono
mifono,fono
mpifono,fono
voafono,fono
kifonofono,fonofono
afonoka,fonoka
ifonohana,fonoka
mifonoka,fonoka
fonoponoka,fonoka
fifonohana,fonoka
fifonoka,fonoka
mahafonoka,fonoka
mpifonoka,fonoka
tafafonoka,fonoka
voafonoka,fonoka
mifonoponoka,fonoponoka
afonta,fonta
fafonta,fonta
mahafonta,fonta
mamonta,fonta
mampamonta,fonta
mampifonta,fonta
mifamonta,fonta
mifonta,fonta
mihamifonta,fonta
pamonta,fonta
pifamonta,fonta
pifonta,fonta
voafonta,fonta
afontina,fontina
fifontenana,fontina
fifontina,fontina
fontimpontina,fontina
ifontenana,fontina
mahafontina,fontina
mifontina,fontina
mpifontina,fontina
safontina,fontina
sampontina,fontina
tafafontina,fontina
amontroahana,fontroaka
mamontroaka,fontroaka
mifontroaka,fontroaka
amontesana,fonty
fontena,fonty
fontesina,fonty
mafonty,fonty
mamonty,fonty
finora,fora
afora,fora
amorana,fora
famora,fora
famorana,fora
fifaranana,fora
fifora,fora
fiforana,fora
forana,fora
iforana,fora
mahafora,fora
mamora,fora
mifora,fora
mpamora,fora
mpifora,fora
voafora,fora
miforankana,forankana
miforara,forara
miforatra,foratra
aforengoke,forengoke
fiforengoke,forengoke
mampiforengoke,forengoke
miforengoke,forengoke
aforetaka,foretaka
famoretahana,foretaka
fiforetahana,foretaka
fiforetaka,foretaka
foretahana,foretaka
iforetahana,foretaka
mamoretaka,foretaka
miforetaka,foretaka
aforetse,foretse
faforitse,foretse
mamoretse,foretse
mampamoretse,foretse
miforetse,foretse
pamoretse,foretse
piforetse,foretse
voaforitse,foretse
mamorifotra,forifotra
mpamorifotra,forifotra
aforiporitra,foriporitra
famoriporetana,foriporitra
mamoriporitra,foriporitra
famoretana,foritra
fiforitra,foritra
mpamorotra,foritra
mpiforitra,foritra
aforitra,foritra
fifamoretana,foritra
fiforetana,foritra
foriporitra,foritra
iforetana,foritra
mahaforitra,foritra
mamoritra,foritra
miforitra,foritra
mpamoritra,foritra
tafaforitra,foritra
voaforitra,foritra
amoretana,foritra
mahaforo,foro
mamoro,foro
mampamoro,foro
miforo,foro
pamoro,foro
voaforo,foro
fiforofatana,forofatra
fiporofatra,forofatra
iforofatana,forofatra
miforofatra,forofatra
mamoroforo,foroforo
mikaroforoforo,foroforo
fiforoforo,foroforo
miforoforo,foroforo
mpiforoforo,foroforo
mamorofotra,forofotra
aforokoko,forokoko
mifamorokoko,forokoko
miforokoko,forokoko
namorona,forona
amoronana,forona
famorona,forona
famoronana,forona
fiforona,forona
fiforonana,forona
foronina,forona
iforonana,forona
mahaforona,forona
mamorona,forona
miforona,forona
mpamorona,forona
mpiforona,forona
voaforona,forona
ampifosa,fosa
fampifosa,fosa
fifampifosa,fosa
kifosa,fosa
mahafosa,fosa
mampifosa,fosa
mifampifosa,fosa
pifosa,fosa
afosa,fosa
fifosa,fosa
fifosana,fosa
fosaina,fosa
ifosana,fosa
mifosa,fosa
mpifosa,fosa
voafosa,fosa
fosafosaina,fosafosa
mifosafosa,fosafosa
afositra,fositra
amoserana,fositra
famoserana,fositra
fifoserana,fositra
fifositra,fositra
foserana,fositra
ifoserana,fositra
mahafositra,fositra
mamositra,fositra
mifositra,fositra
mpifositra,fositra
foserina,fositra
kamositra,fositra
voafositra,fositra
mifositry,fositry
amposy,fosy
aposy,fosy
afotafota,fotafota
amotafotana,fotafota
famotafota,fotafota
famotafotana,fotafota
fifotafota,fotafota
fifotafotana,fotafota
fotafotaina,fotafota
ifotafotana,fotafota
mahafotafota,fotafota
mamotafota,fotafota
mifotafota,fotafota
mpamotafota,fotafota
mpifotafota,fotafota
voafotafota,fotafota
famotaka,fotaka
fotahina,fotaka
mafotaka,fotaka
motaka,fotaka
fifamotahana,fotaka
fifamotaka,fotaka
ifamotahana,fotaka
mahafotaka,fotaka
mamotafotaka,fotaka
mamotaka,fotaka
mifamotaka,fotaka
safotaka,fotaka
ifotampotanana,fotampotana
mifotampotana,fotampotana
amotanana,fotana
fotanina,fotana
mamotampotana,fotana
mamotana,fotana
fotampotana,fotana
voafotana,fotana
afotana,fotana
fotenina,fotana
afotetaka,fotetaka
amotetahana,fotetaka
famotetahana,fotetaka
famotetaka,fotetaka
fifotetahana,fotetaka
fifotetaka,fotetaka
fotetahana,fotetaka
fotetahina,fotetaka
ifotetahana,fotetaka
mahafotetaka,fotetaka
mamotetaka,fotetaka
mifotetaka,fotetaka
mpamotetaka,fotetaka
mpifotetaka,fotetaka
voafotetaka,fotetaka
afotetse,fotetse
mahafotetse,fotetse
mamotetse,fotetse
mampifotetse,fotetse
mifotetse,fotetse
sampotina,fotina
fifamotitra,fotitra
mpifamotitra,fotitra
voafotitra,fotitra
afotitra,fotitra
amoterana,fotitra
famoterana,fotitra
famotitra,fotitra
fifoterana,fotitra
ifoterana,fotitra
mahafotitra,fotitra
mamotitra,fotitra
mifamotitra,fotitra
mifotitra,fotitra
mpamotitra,fotitra
famotoana,fotoana
fifamotoanana,fotoana
ifamotoanana,fotoana
mpamotoana,fotoana
amotoanana,fotoana
famotoanana,fotoana
fotoanina,fotoana
fotoantoana,fotoana
mahafotoana,fotoana
mamotoana,fotoana
mampamotoana,fotoana
mampifamotoana,fotoana
mifamotoana,fotoana
afotofoto,fotofoto
amotofotoana,fotofoto
famotofoto,fotofoto
famotofotoana,fotofoto
fifotofoto,fotofoto
fifotofotoana,fotofoto
fotofotoina,fotofoto
ifotofotoana,fotofoto
mahafotofoto,fotofoto
mamotofoto,fotofoto
manafotofoto,fotofoto
mifotofoto,fotofoto
mpamotofoto,fotofoto
mpifotofoto,fotofoto
safotofoto,fotofoto
voafotofoto,fotofoto
afotoke,fotoke
mamotoke,fotoke
mampamotoke,fotoke
mifotoke,fotoke
pamotoke,fotoke
famotopotorana,fotopototra
mamotopototra,fotopototra
fotopototra,fototra
afototra,fototra
amotorana,fototra
famotorana,fototra
famototra,fototra
fifotorana,fototra
fifototra,fototra
fotorana,fototra
fotorina,fototra
ifotorana,fototra
mahafototra,fototra
mamototra,fototra
mifototra,fototra
mpamototra,fototra
mpifototra,fototra
voafototra,fototra
mamototry,fototry
afototse,fototse
mampamototse,fototse
pamototse,fototse
voafototse,fototse
mifotràka,fotraka
fifotroahana,fotroaka
fifotroaka,fotroaka
ifotroahana,fotroaka
mifotroaka,fotroaka
mpifotroaka,fotroaka
afotse,fotse
mamotse,fotse
mampamotse,fotse
mifamotse,fotse
mifotse,fotse
pamotse,fotse
pifamotse,fotse
pifotse,fotse
voafotse,fotse
amotsifotsiana,fotsifotsy
famotsifotsiana,fotsifotsy
famotsifotsy,fotsifotsy
fotsifotsina,fotsifotsy
mamotsifotsy,fotsifotsy
finotsy,fotsy
fotsielatra,fotsy
fotsifotsiana,fotsy
kafotsy,fotsy
afotsy,fotsy
amotsiana,fotsy
famotsiana,fotsy
famotsy,fotsy
fonotsy,fotsy
fotsiana,fotsy
fotsifotsy,fotsy
fotsina,fotsy
hafotsy,fotsy
mahafotsy,fotsy
mamotsy,fotsy
mpamotsy,fotsy
tampotsy,fotsy
voafotsy,fotsy
amoizampo,foy
mifoy,foy
famoizana,foy
fifoizana,foy
fifoy,foy
foifoy,foy
ifoizana,foy
mamoy,foy
mpifoy,foy
voafoy,foy
ampamoizana,foy
afoy,foy
ahafoizana,foy
amoizana,foy
fahafoizana,foy
famoy,foy
mahafoy,foy
mampamoy,foy
mampifamoy,foy
mifamoy,foy
mpamoy,foy
fozahavatra,foza
fozafoza,foza
afozafoza,fozafoza
amozafozana,fozafoza
famozafoza,fozafoza
famozafozàna,fozafoza
finozafoza,fozafoza
fozafozaina,fozafoza
mahafozafoza,fozafoza
mamozafoza,fozafoza
mpamozafoza,fozafoza
voafozafoza,fozafoza
ankafizana,fy
ankafizina,fy
fankafizana,fy
fankafy,fy
hafy,fy
mankafy,fy
mify,fy
mpankafy,fy
pify,fy
figabahana,gabaka
figabaka,gabaka
igabahana,gabaka
migabaka,gabaka
angabohana,gaboka
agaboka,gaboka
anagabohana,gaboka
fanagabohana,gaboka
fanagaboka,gaboka
figabohana,gaboka
figaboka,gaboka
gabogaboka,gaboka
igabohana,gaboka
mahagaboka,gaboka
managaboka,gaboka
mangaboka,gaboka
migaboka,gaboka
mpigaboka,gaboka
voagaboka,gaboka
angadrana,gadra
mangadra,gadra
agadra,gadra
anagadrana,gadra
fanagadra,gadra
fanagadrana,gadra
figadra,gadra
figadrana,gadra
gadraina,gadra
gadrana,gadra
ginadra,gadra
igadrana,gadra
mahagadra,gadra
managadra,gadra
migadra,gadra
mpanagadra,gadra
mpigadra,gadra
voagadra,gadra
agadragadra,gadragadra
figadragadra,gadragadra
gadragadrana,gadragadra
migadragadra,gadragadra
agadraka,gadraka
figadraka,gadraka
migadraka,gadraka
dagaga,gaga
hagagana,gaga
mitogaga,gaga
dogaga,gaga
fahagagana,gaga
figaga,gaga
figagana,gaga
igagana,gaga
mahagaga,gaga
migaga,gaga
talagaga,gaga
igagagagana,gagagaga
migagagaga,gagagaga
magago,gago
figagàka,gagàka
fanagaigy,gaigy
fanagegena,gaigy
gaigigaigy,gaigy
mahagaigy,gaigy
managaigy,gaigy
mpanagaigy,gaigy
ginaika,gaika
igehana,gaika
agaika,gaika
fangaika,gaika
fangehana,gaika
figaika,gaika
figeha,gaika
figehana,gaika
gaigaika,gaika
gaihina,gaika
ifangehana,gaika
mahagaika,gaika
mampangaika,gaika
mampifangaika,gaika
managaika,gaika
mangaika,gaika
mifangaika,gaika
migaika,gaika
migeha,gaika
mpangaika,gaika
mpigaika,gaika
mpigeha,gaika
voagaika,gaika
againa,gaina
anagainana,gaina
angainana,gaina
fanagaina,gaina
fanagainana,gaina
fangaina,gaina
fangainana,gaina
gainina,gaina
mahagaina,gaina
managaina,gaina
mangaina,gaina
mpanagaina,gaina
figaina,gaina
gaingaina,gaina
migaina,gaina
figaingaina,gaingaina
mampigaingaina,gaingaina
mangaingaina,gaingaina
migaingaina,gaingaina
ampigaja,gaja
fampigaja,gaja
fañagaja,gaja
figaja,gaja
hagaja,gaja
mahagaja,gaja
mampigaja,gaja
mañagaja,gaja
migaja,gaja
pañagaja,gaja
pigaja,gaja
voagaja,gaja
migagaka,gaka
migaka,gaka
figaka,gaka
gagàka,gaka
mpigaka,gaka
figalabina,galabina
figalabinana,galabina
galabindabina,galabina
igalabinana,galabina
migalabina,galabina
mpigalabina,galabina
migalagala,galagala
migalòna,galona
fanagana,gana
ganganina,gana
agana,gana
anganana,gana
fanaganana,gana
fanganana,gana
figana,gana
figanana,gana
gangana,gana
ganina,gana
iganana,gana
mahagana,gana
managana,gana
mangana,gana
migana,gana
mpangana,gana
mpigana,gana
voagana,gana
miganagana,ganagana
figanagana,ganagana
figanaganana,ganagana
ganaganaina,ganagana
iganaganana,ganagana
migaona,gaona
agaona,gaona
figaona,gaona
figaonana,gaona
igaonana,gaona
mampigaona,gaona
mifampigaona,gaona
voagaona,gaona
migarada,garada
migarareoke,garareoke
agararo,gararo
figararo,gararo
gararoina,gararo
migararo,gararo
mpigararo,gararo
agararana,gararàna
figararana,gararàna
migararana,gararàna
figarasiana,garasy
figarasy,garasy
igarasiana,garasy
migarasy,garasy
mpigarasy,garasy
mahagaray,garay
pigaray,garay
agareboka,gareboka
anagarebohana,gareboka
fanagarebohana,gareboka
fanagareboka,gareboka
garebodreboka,gareboka
garebohina,gareboka
mahagareboka,gareboka
managareboka,gareboka
mpanagareboka,gareboka
agarera,garera
figarera,garera
figarerana,garera
gareraina,garera
garerarera,garera
igarerana,garera
migarera,garera
mpigarera,garera
migarerarera,garerarera
gasigasina,gasigasy
fahagasy,gasy
fanagasiana,gasy
gasiana,gasy
gasigasy,gasy
gasina,gasy
managasy,gasy
mahagavo,gavo
mañagavo,gavo
mihagavo,gavo
ageboka,geboka
fangeboka,geboka
mangeboka,geboka
mpangeboka,geboka
voageboka,geboka
hagidezaña,geda
manageda,geda
mankageda,geda
gedragedra,gedra
migedragedra,gedragedra
agedragedra,gedragedra
anagedragedrana,gedragedra
angedragedrana,gedragedra
fanagedragedra,gedragedra
fanagedragedrana,gedragedra
figedragedra,gedragedra
figedragedrana,gedragedra
gedragedraina,gedragedra
igedragedrana,gedragedra
mahagedragedra,gedragedra
managedragedra,gedragedra
mangedragedra,gedragedra
mpanagedragedra,gedragedra
mpigedragedra,gedragedra
voagedragedra,gedragedra
angedrogedroana,gedrogedro
figedrogedro,gedrogedro
figedrogedroana,gedrogedro
gedrogedroina,gedrogedro
igedrogedroana,gedrogedro
mahagedrogedro,gedrogedro
mampigedrogedro,gedrogedro
mangedrogedro,gedrogedro
mifampigedrogedro,gedrogedro
migedrogedro,gedrogedro
mpigedrogedro,gedrogedro
mahagege,gege
mañagege,gege
mifañagege,gege
mihagege,gege
pañagege,gege
pifañagege,gege
gegehina,gegeka
mahagegoke,gegoke
migegoke,gegoke
mihagegoke,gegoke
voagegoke,gegoke
anagegena,gegy
fanagegy,gegy
gegena,gegy
mahagegy,gegy
managegy,gegy
mpanagegy,gegy
agehy,gehy
angehezana,gehy
fanagehy,gehy
fangehezana,gehy
fangehy,gehy
figehezana,gehy
figehy,gehy
gehezina,gehy
gehigehy,gehy
ginehy,gehy
igehezana,gehy
mahagehy,gehy
mampangehy,gehy
mampifangehy,gehy
managehy,gehy
mangehy,gehy
mifangehy,gehy
migehy,gehy
mpanagehy,gehy
mpangehy,gehy
voagehy,gehy
angejana,geja
igejana,geja
ageja,geja
fangeja,geja
fangejana,geja
figejana,geja
gejageja,geja
gejaina,geja
gejana,geja
gineja,geja
mahageja,geja
mampifangeja,geja
manageja,geja
mangeja,geja
mifangeja,geja
migeja,geja
mpangeja,geja
mpigeja,geja
tafageja,geja
voageja,geja
fifangejagejana,gejageja
gegeka,geka
angehana,geka
gehina,geka
mangeka,geka
voageka,geka
genagena,gena
managenagena,genagena
agenagena,genagena
angenagenàna,genagena
fangenagena,genagena
fangenagenana,genagena
figenagena,genagena
figenagenàna,genagena
genagenaina,genagena
igenagenana,genagena
mahagenagena,genagena
mangenagena,genagena
migenagena,genagena
mpangenagena,genagena
mpigenagena,genagena
voagenagena,genagena
geragera,gera
figeragera,geragera
migeragera,geragera
mpigeragera,geragera
giazina,gia
agia,gia
angiazana,gia
fangia,gia
fangiazana,gia
figia,gia
figiazana,gia
giazana,gia
igiazana,gia
mahagia,gia
mampifangia,gia
managia,gia
mangia,gia
mifangia,gia
migia,gia
mpangia,gia
mpigia,gia
voagia,gia
migiaka,giaka
migidagida,gidagida
gidrogidro,gidro
agidrogidro,gidrogidro
anagidrogidroana,gidrogidro
fanagidrogidro,gidrogidro
fanagidrogidroana,gidrogidro
figidrogidro,gidrogidro
figidrogidroana,gidrogidro
igidrogidroana,gidrogidro
mahagidrogidro,gidrogidro
managidrogidro,gidrogidro
migidrogidro,gidrogidro
mpanagidrogidro,gidrogidro
mpigidrogidro,gidrogidro
tafagidrogidro,gidrogidro
gigagiga,giga
migigagiga,gigagiga
figigagiga,gigagiga
igigagigana,gigagiga
agigigigy,gigigigy
anagigigigiana,gigigigy
fanagigigigiana,gigigigy
fanagigigigy,gigigigy
figigigigy,gigigigy
mahagigigigy,gigigigy
managigigigy,gigigigy
migigigigy,gigigigy
mpanagigigigy,gigigigy
figigika,gigika
mahagigika,gigika
migigika,gigika
mpigigika,gigika
mahagigy,gigy
mahagike,gike
mihagike,gike
mifampangina,gina
fahanginana,gina
fampangina,gina
fangina,gina
fanginana,gina
figina,gina
figinana,gina
gingina,gina
hahanginana,gina
hanginana,gina
iginana,gina
mahagina,gina
mampangina,gina
mangina,gina
mpangina,gina
mpigina,gina
migina,gina
mangingina,gingina
migininike,gininike
mahagio,gio
agioka,gioka
figioka,gioka
giogioka,gioka
migioka,gioka
mpigioka,gioka
tafagioka,gioka
anagirigirihana,girigirika
managirigirika,girigirika
angirigirihana,girigirika
fangirigirihana,girigirika
fangirigirika,girigirika
girigirihana,girigirika
mahagirigirika,girigirika
mangirigirika,girigirika
mpangirigirika,girigirika
voagirigirika,girigirika
figiririoka,giririoka
giririodrioka,giririoka
mahagiririoka,giririoka
migiririoka,giririoka
mpigiririoka,giririoka
gisagisa,gisa
migisagisa,gisagisa
mahagoa,goa
mihagoa,goa
anagoanana,goana
angoanana,goana
goanana,goana
igoangoanana,goana
managoana,goana
mangoana,goana
voagoana,goana
goangoana,goana
agoana,goana
fanagoana,goana
fanagoanana,goana
figoanana,goana
igoanana,goana
mahagoana,goana
migoana,goana
mpanagoana,goana
voangoana,goana
migoangoa,goangoa
migoangoana,goangoana
mangoangoana,goangoana
golagoay,goay
goaigoay,goay
figobohana,goboka
figoboka,goboka
gobogoboka,goboka
igobohana,goboka
mangoboka,goboka
migoboka,goboka
mpigoboka,goboka
figobona,gobona
migobona,gobona
mpigobona,gobona
migodana,godana
figodana,godana
figodanana,godana
igodanana,godana
migodogodoky,godogodoky
godragodra,godra
mahagodra,godra
figodragodra,godragodra
figodragodrana,godragodra
igodragodrana,godragodra
mahagodragodra,godragodra
migodragodra,godragodra
mpigodragodra,godragodra
figodrika,godrika
godrigodrika,godrika
mahagodrika,godrika
migodrika,godrika
mpigodrika,godrika
tafagodrika,godrika
goehina,goeka
migoeka,goeka
gogogogo,gogo
agogogogo,gogogogo
figogogogo,gogogogo
figogogogoana,gogogogo
igogogogoana,gogogogo
mahagogogogo,gogogogo
migogogogo,gogogogo
mpigogogogo,gogogogo
tafagogogogo,gogogogo
migogoika,goigoika
agoigoika,goigoika
figoigoihana,goigoika
figoigoika,goigoika
igoigoihana,goigoika
migoigoika,goigoika
mpigoigoika,goigoika
tafagoigoika,goigoika
goigoika,goika
mangoka,goka
figohana,goka
figoka,goka
gogoka,goka
gohina,goka
igohana,goka
mahagoka,goka
migoka,goka
mpigoka,goka
voagoka,goka
figoleda,goleda
figoledana,goleda
goledaleda,goleda
igoledàna,goleda
mahagoleda,goleda
migoleda,goleda
mpigoleda,goleda
tafagoleda,goleda
migolobana,golobana
figolodo,golodo
mampigolodo,golodo
migolodo,golodo
gonana,gona
agona,gona
angonana,gona
fangona,gona
fangonana,gona
figona,gona
figonana,gona
gagonina,gona
gongona,gona
gonina,gona
igonana,gona
mahagona,gona
mampangona,gona
mampifangona,gona
managona,gona
mangona,gona
mifampigona,gona
mifangona,gona
migona,gona
mpangona,gona
mpigona,gona
tafagona,gona
voagona,gona
figonagona,gonagona
agonagona,gonagona
figonagonana,gonagona
igonagonana,gonagona
managonagona,gonagona
migonagona,gonagona
mpigonagona,gonagona
migonigony,gonigony
goragora,gora
mangoraba,goraba
agorabaka,gorabaka
anagorabahana,gorabaka
angorabahana,gorabaka
fanagorabahana,gorabaka
fanagorabaka,gorabaka
fangorabahana,gorabaka
figorabahana,gorabaka
figorabaka,gorabaka
gorabadrabaka,gorabaka
gorabahana,gorabaka
igorabahana,gorabaka
mahagorabaka,gorabaka
managorabaka,gorabaka
mangorabaka,gorabaka
migorabaka,gorabaka
mpanagorabaka,gorabaka
mpigorabaka,gorabaka
tafagorabaka,gorabaka
voagorabaka,gorabaka
agoragora,goragora
anagoragorana,goragora
fanagoragora,goragora
fanagoragorana,goragora
figoragora,goragora
figoragorana,goragora
igoragorana,goragora
mahagoragora,goragora
managoragora,goragora
migoragora,goragora
mpanagoragora,goragora
voagoragora,goragora
figoraidraika,goraidraika
migoraidraika,goraidraika
agorampa,gorampa
anagorampàna,gorampa
fanagorampa,gorampa
fanagorampana,gorampa
figorampa,gorampa
figorampàna,gorampa
gorampaina,gorampa
goramparampa,gorampa
igorampàna,gorampa
mahagorampa,gorampa
managorampa,gorampa
migorampa,gorampa
mpanagorampa,gorampa
mpigorampa,gorampa
voagorampa,gorampa
migorana,gorana
figoraraika,goraraika
mahagoraraika,goraraika
migoraraika,goraraika
figorasiana,gorasy
figorasy,gorasy
igorasiana,gorasy
migorasy,gorasy
mpigorasy,gorasy
fangorerana,gorera
figorera,gorera
gorerarera,gorera
mahagorera,gorera
mangorera,gorera
migorera,gorera
migorerarera,gorerarera
figorisa,gorisa
agorobaka,gorobaka
anagorobahana,gorobaka
fanagorobahana,gorobaka
fanagorobaka,gorobaka
figorobahana,gorobaka
figorobaka,gorobaka
gorobadrobaka,gorobaka
gorobahana,gorobaka
gorobahina,gorobaka
igorobahana,gorobaka
mahagorobaka,gorobaka
managorobaka,gorobaka
mangorobaka,gorobaka
migorobaka,gorobaka
mpanagorobaka,gorobaka
mpigorobaka,gorobaka
tafagorobaka,gorobaka
voagorobaka,gorobaka
migorodana,gorodana
agorodana,gorodana
anagorodanana,gorodana
fanagorodana,gorodana
fanagorodanana,gorodana
figorodana,gorodana
figorodanana,gorodana
gorodandrodana,gorodana
igorodanana,gorodana
mahagorodana,gorodana
managorodana,gorodana
mpanagorodana,gorodana
mpigorodana,gorodana
tafagorodana,gorodana
voagorodana,gorodana
gororoanana,gororoana
igororoana,gororoana
migoroana,gororoana
voagororoana,gororoana
agororoana,gororoana
anagororoanana,gororoana
fanagororoana,gororoana
fanagororoanana,gororoana
figororoana,gororoana
figororoanana,gororoana
gororoandroana,gororoana
igororoanana,gororoana
mahagororoana,gororoana
managororoana,gororoana
migororoana,gororoana
mpanagororoana,gororoana
mpigororoana,gororoana
tafagororoana,gororoana
agororosy,gororosy
mampigororosy,gororosy
mañagororosy,gororosy
pigororosy,gororosy
habaina,haba
mihaba,haba
mañabahaba,habahaba
fihabahaba,habahaba
fihabahabana,habahaba
ihabahabana,habahaba
mihabahaba,habahaba
mpihabahaba,habahaba
manabahaba,habahaba
habakabaka,habaka
mangabaka,habaka
fangabakabaka,habakabaka
mangabakabaka,habakabaka
mihabakabaka,habakabaka
habokaboka,haboka
ihabokabohana,habokaboka
mihabokaboka,habokaboka
mampihaboke,haboke
mihaboke,haboke
pihaboke,haboke
hadiatay,hadia
hadiavina,hadia
ihadihadiana,hadihady
anadihadiana,hadihady
fanadihadiana,hadihady
fanadihady,hadihady
hadihadina,hadihady
mahadihady,hadihady
mampanadihady,hadihady
mampifanadihady,hadihady
manadihady,hadihady
mifanadihady,hadihady
mihadihady,hadihady
mpanadihady,hadihady
voahadihady,hadihady
fangadihady,hadihady
mangadihady,hadihady
mañadina,hadina
anadinovana,hadino
hadinavina,hadino
hadinovina,hadino
halinavina,hadino
halinovina,hadino
anadinoana,hadino
fanadino,hadino
fanadinoana,hadino
hadinodino,hadino
hadinoina,hadino
mahahadino,hadino
mampanadino,hadino
mampifanadino,hadino
manadino,hadino
mifanadino,hadino
mpanadino,hadino
voahadino,hadino
mangadona,hadona
ahadotse,hadotse
fahadotse,hadotse
mahahadotse,hadotse
mampañadotse,hadotse
mañadotse,hadotse
mihadotse,hadotse
pañadotse,hadotse
pihadotse,hadotse
voahadotse,hadotse
hadrahadra,hadra
mampihadra,hadra
mifampihadra,hadra
ahadrahadra,hadrahadra
fihadrahadra,hadrahadra
fihadrahadrana,hadrahadra
ihadrahadrana,hadrahadra
mahahadrahadra,hadrahadra
mampihadrahadra,hadrahadra
mifampihadrahadra,hadrahadra
mihadrahadra,hadrahadra
mpihadrahadra,hadrahadra
tafahadrahadra,hadrahadra
angadiana,hady
angady,hady
ahady,hady
fangady,hady
fihadiana,hady
fihady,hady
hadihady,hady
hadina,hady
ihadiana,hady
mahahadihady,hady
mahahady,hady
mangady,hady
mihady,hady
mpihady,hady
voahady,hady
fifanahafana,hafa
fifañahafa,hafa
hafahafa,hafa
mahahafa,hafa
mihafa,hafa
pihafahafa,hafa
ahafahafa,hafahafa
fihafahafa,hafahafa
fihafahafana,hafahafa
hafahafaina,hafahafa
ihafahafana,hafahafa
mahahafahafa,hafahafa
mampihafahafa,hafahafa
mifampihafahafa,hafahafa
mihafahafa,hafahafa
mpihafahafa,hafahafa
tafahafahafa,hafahafa
ahafatra,hafatra
fanafarana,hafatra
fanafatra,hafatra
hafarana,hafatra
hafatrafatra,hafatra
mahafatra,hafatra
mahahafatra,hafatra
mampanafatra,hafatra
mampifanafatra,hafatra
manafatra,hafatra
mifanafatra,hafatra
mpanafatra,hafatra
voahafatra,hafatra
mampañafatse,hafatse
mañafatse,hafatse
mifañafatse,hafatse
pañafatse,hafatse
pifañafatse,hafatse
voahafatse,hafatse
mampihafo,hafo
pihafo,hafo
hafokafoka,hafoka
mangafoka,hafoka
mihafokafo,hafokafo
ahafokafoka,hafokafoka
anafokafohana,hafokafoka
manafokafoka,hafokafoka
mangafokafoka,hafokafoka
anaforana,hafotra
haforana,hafotra
manafotra,hafotra
ahafy,hafy
ampihafina,hafy
fihafiana,hafy
fihafy,hafy
hafihafy,hafy
hafina,hafy
ihafiana,hafy
mafy,hafy
mahahafy,hafy
mampihafy,hafy
mifampihafy,hafy
mihafy,hafy
mpihafy,hafy
pihafy,hafy
tafahafy,hafy
voahafy,hafy
mihaga,haga
anagahagana,hagahaga
ihagahagana,hagahaga
managahaga,hagahaga
mihagahaga,hagahaga
anahana,haha
fanaha,haha
fihaha,haha
fihahana,haha
hahahaha,haha
hahana,haha
ihahana,haha
mahahaha,haha
mampanaha,haha
mampifanaha,haha
manaha,haha
mifanaha,haha
mihaha,haha
mpanaha,haha
voahaha,haha
pañaha,haha
pihaha,haha
ahahaka,hahaka
anahafana,hahaka
fanahafana,hahaka
fanahaka,hahaka
fihahafana,hahaka
fihahaka,hahaka
hahafina,hahaka
hahakahaka,hahaka
ifanahafana,hahaka
ihahafana,hahaka
mahahahaka,hahaka
mampanahaka,hahaka
mampifanahaka,hahaka
mampihahaka,hahaka
manahaka,hahaka
mifanahaka,hahaka
mihahaka,hahaka
mpanahaka,hahaka
mpihahaka,hahaka
tafahahaka,hahaka
voahahaka,hahaka
fihahakahaka,hahakahaka
mihahakahaka,hahakahaka
ankahiazina,hahia
hahiazina,hahia
angahoana,haho
angahoina,haho
mangaho,haho
ahahohaho,hahohaho
manahohaho,hahohaho
mihahohaho,hahohaho
fihahohaho,hahohaho
fihahohahoana,hahohaho
ihahohahoana,hahohaho
mahahahohaho,hahohaho
mampihahohaho,hahohaho
mifampihahohaho,hahohaho
mpihahohaho,hahohaho
tafahahohaho,hahohaho
ahahy,hahy
anahazana,hahy
fanahazana,hahy
fihahazana,hahy
fihahy,hahy
hahazana,hahy
hahihahy,hahy
ihahazana,hahy
mahahahy,hahy
mihahy,hahy
mpihahy,hahy
voahahy,hahy
fangaihay,haihay
fihaihay,haihay
mampangaihay,haihay
mangaihay,haihay
mihaihay,haihay
mpangaihay,haihay
mpihaihay,haihay
mahaihay,haihay
haihina,haika
ihaihana,haika
ihehana,haika
fihaika,haika
fihaikana,haika
haikaina,haika
hehina,haika
ihaikana,haika
mampihaika,haika
mifampihaika,haika
mihaika,haika
mpihaika,haika
voahaika,haika
ihaikahaikana,haikahaika
haikahaikaina,haikahaika
mihaikahaika,haikahaika
fihaikaika,haikaika
mihaikaika,haikaika
maina,haina
hainganahaingana,haingana
mahahaingana,haingana
manahaingana,haingana
fihaingihaingy,haingihaingy
mahahaingihaingy,haingihaingy
mihaingihaingy,haingihaingy
mpihaingihaingy,haingihaingy
tafahaingihaingy,haingihaingy
ampihaingoana,haingo
haingolava,haingo
ahaingo,haingo
fampihaingoana,haingo
fanaingo,haingo
fanaingoana,haingo
fihaingo,haingo
fihaingoana,haingo
haingohaingo,haingo
haingoina,haingo
ihaingoana,haingo
mahahaingo,haingo
mampihaingo,haingo
manaingo,haingo
mihaingo,haingo
mpihaingo,haingo
voahaingo,haingo
haingihaingy,haingy
mihaingy,haingy
tafahaingy,haingy
ahaino,haino
fihaino,haino
fihainoana,haino
hainohaino,haino
hainoina,haino
ihainoana,haino
mahahaino,haino
mampihaino,haino
mifampihaino,haino
mihaino,haino
mpihaino,haino
tafahaino,haino
voahaino,haino
mihainohaino,hainohaino
mpahaitantara,haitantara
haitraitra,haitra
mihaitra,haitra
ahaitraitra,haitraitra
fihaitrairana,haitraitra
fihaitraitra,haitraitra
haitrairina,haitraitra
ihaitrairana,haitraitra
mahahaitraitra,haitraitra
mihaitraitra,haitraitra
mpihaitraitra,haitraitra
voahaitraitra,haitraitra
anajana,haja
fanaja,haja
fanajana,haja
fifañaja,haja
fihaja,haja
hajaina,haja
ifanajana,haja
mampañaja,haja
mampihaja,haja
manaja,haja
mifañaja,haja
mihaja,haja
mpanaja,haja
mpihaja,haja
pihaja,haja
voahaja,haja
mahahajare,hajare
mampañajare,hajare
mañajare,hajare
mihajare,hajare
pihajare,hajare
voahajare,hajare
manajary,hajary
mañajary,hajary
anajariana,hajary
fanajariana,hajary
fanajary,hajary
hajarina,hajary
mahajary,hajary
mampanajary,hajary
mampifanajary,hajary
mifanajary,hajary
mpanajary,hajary
voahajary,hajary
mampañajo,hajo
mañajo,hajo
pañajo,hajo
mañaka,haka
mihaka,haka
fangaka,haka
mangagaka,haka
mangaka,haka
mihakaka,hakaka
fihaka,hake
fihake,hake
mahahake,hake
mampihake,hake
mihake,hake
pihake,hake
hakohako,hako
mampihako,hako
mifampihako,hako
mihako,hako
fihakobakoana,hakohako
fihakohako,hakohako
fihakohakoana,hakohako
ihakohakoana,hakohako
mahahakohako,hakohako
mampihakohako,hakohako
mifampihakohako,hakohako
mihakohako,hakohako
mpihakohako,hakohako
ifankahalana,hala
ankahalaina,hala
ankahalana,hala
fankahala,hala
fankahalana,hala
fifankahalalana,hala
mankahala,hala
mañahala,hala
mifankahala,hala
mifañahala,hala
mpankahala,hala
voahala,hala
analadiana,halady
fanaladiana,halady
fanalady,halady
haladina,halady
mahahalady,halady
manalady,halady
mpanalady,halady
voahalady,halady
mihalahala,halahala
fangalahala,halahala
mangalahala,halahala
ihalahalana,halahala
analahana,halaka
halahina,halaka
manalaka,halaka
mihalaka,halaka
voahalaka,halaka
fihalahana,halaka
halakalaka,halaka
ihalahana,halaka
mampihalaka,halaka
mifampihalaka,halaka
analakalahana,halakalaka
fanalakalahana,halakalaka
fanalakalaka,halakalaka
fihalakalaka,halakalaka
halakalahina,halakalaka
mahahalakalaka,halakalaka
manalakalaka,halakalaka
mihalakalaka,halakalaka
mpihalakalaka,halakalaka
tafahalakalaka,halakalaka
voahalakalaka,halakalaka
halalaina,halala
mankahalala,halala
ankalamanjana,halamanjana
analanana,halana
mahahalana,halana
manalana,halana
ahalana,halana
fihalana,halana
fihalanana,halana
halanana,halana
halankalana,halana
ihalanana,halana
mahalana,halana
mihalana,halana
mpihalana,halana
voahalana,halana
halangalanana,halangalana
analangalanana,halangalana
fanalangalana,halangalana
fanalangalanana,halangalana
fihalangalana,halangalana
fihalangalanana,halangalana
halangalanina,halangalana
ihalangalanana,halangalana
manalangalana,halangalana
mihalangalana,halangalana
mpanalangalana,halangalana
mpanalengalana,halangalana
tafahalangalana,halangalana
voahalangalana,halangalana
mahalankalana,halankalana
halavitina,halatra
angalarana,halatra
angalarina,halatra
fangalarana,halatra
fangalarina,halatra
fangalatra,halatra
mangalatra,halatra
mpangalatra,halatra
mampangalatse,halatse
mangalatse,halatse
mifangalatse,halatse
pangalatse,halatse
fangale,hale
mahahale,hale
mampañale,hale
mampihale,hale
mihale,hale
mihamihale,hale
pañale,hale
pihale,hale
voahale,hale
mañaliño,halino
mifañaliño,halino
pañaliño,halino
pihaliño,halino
halohalo,halo
mihalo,halo
mampihalo,halo
pihalo,halo
ahalohalo,halohalo
fihalohalo,halohalo
fihalohaloana,halohalo
ihalohaloana,halohalo
mihalohalo,halohalo
mpihalohalo,halohalo
tafahalohalo,halohalo
voahalohalo,halohalo
fihalontralona,halontralona
fihalontralonana,halontralona
ihalontralonana,halontralona
mihalontralona,halontralona
mpihalontralona,halontralona
ahalotra,halotra
fihalorana,halotra
fihalotra,halotra
halorina,halotra
halotralotra,halotra
ihalorana,halotra
mahahalotra,halotra
mampihalotra,halotra
mifampihalotra,halotra
mihalotra,halotra
mpihalotra,halotra
voahalotra,halotra
mañalôtra,halôtra
fahamara,hamara
fahamarana,hamara
anamarana,hamatra
fanamarana,hamatra
fanamatra,hamatra
hamarana,hamatra
hamarina,hamatra
manamatra,hamatra
mpanamatra,hamatra
voahamatra,hamatra
hambahamba,hamba
mampañamba,hamba
pañamba,hamba
voahamba,hamba
ahambahamba,hambahamba
anambahambana,hambahamba
fanambahamba,hambahamba
fanambahambana,hambahamba
fihambahamba,hambahamba
fihambahambana,hambahamba
hambahambaina,hambahamba
homambahamba,hambahamba
ihambahambana,hambahamba
manambahamba,hambahamba
mihambahamba,hambahamba
mpanambahamba,hambahamba
mpihambahamba,hambahamba
tafahambahamba,hambahamba
voahambahamba,hambahamba
fihambo,hambo
fihamboana,hambo
hambohambo,hambo
hamboina,hambo
ihamboana,hambo
mahahambo,hambo
mihambo,hambo
mpihambo,hambo
voahambo,hambo
mihambohambo,hambohambo
hamenaina,hamena
fihamina,hamina
fihaminana,hamina
haminkamina,hamina
ihaminana,hamina
mahahamina,hamina
mihamina,hamina
mpihamina,hamina
fihaminkaminana,haminkamina
mihaminkamina,haminkamina
fihaminkamina,haminkamina
pimamo,hamo
hamohamo,hamo
mamo,hamo
manamohamo,hamohamo
fihamohana,hamoka
fihamoka,hamoka
hamokamoka,hamoka
ihamohana,hamoka
mahahamoka,hamoka
mihamoka,hamoka
mpihamoka,hamoka
fahamomoka,hamomoka
anamoriana,hamory
fanamoriana,hamory
fanamory,hamory
hamorina,hamory
manamory,hamory
mpanamory,hamory
fihampitra,hampitra
mihampitra,hampitra
anamamiana,hamy
ankamamiana,hamy
fanamamiana,hamy
fankamamy,hamy
hamamina,hamy
mahahamy,hamy
mahamamy,hamy
manamy,hamy
mankamamy,hamy
mihamamy,hamy
mpankamamy,hamy
anamaniana,hamy
ankamamina,hamy
fanahamy,hamy
fankamamiana,hamy
hamamiana,hamy
hamamy,hamy
mampankahamy,hamy
mampifankahamy,hamy
mamy,hamy
mifankahamy,hamy
mpanahamy,hamy
fihana,hana
ihanàna,hana
mihana,hana
ampananana,hana
fampananàna,hana
fihanana,hana
hanaina,hana
mahahana,hana
mampanana,hana
mampihana,hana
mpampanàna,hana
mpanàna,hana
mpihana,hana
voahana,hana
hanina,hana
hinana,hana
homana,hana
ahanaka,hanaka
fihanahana,hanaka
fihanaka,hanaka
hanakanaka,hanaka
ihanahana,hanaka
mananaka,hanaka
mihanaka,hanaka
mpihanaka,hanaka
tafahanaka,hanaka
voahanaka,hanaka
manganana,hanana
mangananganana,hananganana
ahanankanana,hanankanana
fihanankanana,hanankanana
mampihanankanana,hanankanana
mihanankanana,hanankanana
tafahanankanana,hanankanana
handatrandatra,handatra
hamanditra,handitra
manditra,handitra
ahandrina,handrina
anandrinana,handrina
fanandrina,handrina
fanandrinana,handrina
fihandrina,handrina
fihandrinana,handrina
handrinina,handrina
ihandrinana,handrina
mahandrina,handrina
manandrina,handrina
manandrinkandrina,handrina
mihandrina,handrina
mpanandrina,handrina
mpihandrina,handrina
tafahandrina,handrina
voahandrina,handrina
handrikandrina,handrina
mampanandrina,handrina
mampifanandrina,handrina
mifanandrina,handrina
handrinkandrina,handrina
fahandro,handro
handrony,handro
nahandro,handro
ahandroana,handro
ahandroina,handro
andrahoana,handro
andrahoina,handro
fahandroana,handro
fandrahoana,handro
handrohandro,handro
handroina,handro
mahahandro,handro
mahandro,handro
mpahandro,handro
voahandro,handro
mihandro,handro
ahandrohandro,handrohandro
fihandrohandro,handrohandro
fihandrohandroana,handrohandro
ihandrohandroana,handrohandro
mihandrohandro,handrohandro
mpihandrohandro,handrohandro
tafahandrohandro,handrohandro
ahandrony,handrona
fanandronana,handrona
ahandrona,handrona
ampihandronana,handrona
fampihandrona,handrona
fampihandronana,handrona
fihandrona,handrona
fihandronana,handrona
handronandrona,handrona
ihandronana,handrona
mahahandrona,handrona
mampihandrona,handrona
mihandrona,handrona
mpampihandrona,handrona
mpihandrona,handrona
fandrotra,handrotra
mifandrotra,handrotra
ahandrotra,handrotra
famandrotra,handrotra
fifandrotra,handrotra
ifandrotana,handrotra
mpifandrotra,handrotra
kihane,hane
mahamane,hane
mane,hane
mangitry,hangitry
kihanihany,hanihany
ananihaniana,hanihany
fananihaniana,hanihany
fananihany,hanihany
fanganihany,hanihany
fihanihaniana,hanihany
fihanihany,hanihany
hanihanina,hanihany
ihanihaniana,hanihany
mahahanihany,hanihany
mampihanihany,hanihany
mananihany,hanihany
manganihany,hanihany
mifampihanihany,hanihany
mihanihany,hanihany
mpananihany,hanihany
mpihanihany,hanihany
tafahanihany,hanihany
voahanihany,hanihany
fahamanina,hanina
haninina,hanina
mahamanina,hanina
manina,hanina
voahanitra,hanitra
anamanirana,hanitra
fanamanirana,hanitra
fanamanitra,hanitra
hanirina,hanitra
mahamanitra,hanitra
manamanitra,hanitra
manimanitra,hanitra
manitra,hanitra
mihamanitra,hanitra
mpanamanitra,hanitra
mahamañitse,hanitse
mañamañitse,hanitse
mañitse,hanitse
mihamañitse,hanitse
hanjahanja,hanja
ahanjahanja,hanjahanja
fihanjahanja,hanjahanja
fihanjahanjana,hanjahanja
ihanjahanjana,hanjahanja
mahahanjahanja,hanjahanja
mihanjahanja,hanjahanja
mpihanjahanja,hanjahanja
tafahanjahanja,hanjahanja
voahanjahanja,hanjahanja
mananjahanja,hanjahanja
fihanjahana,hanjaka
mihanjaka,hanjaka
mampihanjo,hanjo
mihanjo,hanjo
pihanjo,hanjo
fanganohano,hanohano
fanganohanoana,hanohano
mampanganohano,hanohano
anganohanoana,hanohano
manganohano,hanohano
mpanganohano,hanohano
mananta,hanta
ahanta,hanta
ampihanta,hanta
ampihantaina,hanta
ampihantana,hanta
fampihanta,hanta
fampihantàna,hanta
fihanta,hanta
fihantana,hanta
hantahanta,hanta
hantaina,hanta
ihantana,hanta
mahahanta,hanta
mampihanta,hanta
mihamihanta,hanta
mihanta,hanta
mpampihanta,hanta
mpihanta,hanta
pihanta,hanta
tafahanta,hanta
voahanta,hanta
mihantahanta,hantahanta
fihantahantana,hantahanta
ahanto,hanto
fahanto,hanto
mahahanto,hanto
mampihanto,hanto
mihanto,hanto
pañanto,hanto
pihanto,hanto
voahanto,hanto
ampihantonana,hantona
mampihantona,hantona
ahantona,hantona
anantonana,hantona
fanantona,hantona
fanantonana,hantona
fihantona,hantona
fihantonana,hantona
hantonkantona,hantona
ihantonana,hantona
mahahantona,hantona
manantona,hantona
mihantona,hantona
mpanantona,hantona
mpihantona,hantona
tafahantona,hantona
voahantona,hantona
ahantoñe,hantoñe
hantokantoñe,hantoñe
mihantoñe,hantoñe
ahantsika,hantsika
anantsihana,hantsika
fanantsihana,hantsika
fanantsika,hantsika
fihantsihana,hantsika
fihantsika,hantsika
hantsikantsika,hantsika
ihantsihana,hantsika
mahahantsika,hantsika
manantsika,hantsika
mihantsika,hantsika
mpanantsika,hantsika
mpihantsika,hantsika
tafahantsika,hantsika
voahantsika,hantsika
anantsinana,hantsina
fanamantaina,hantsina
manantsina,hantsina
anamantsinana,hantsina
fanamantsinana,hantsina
hantsinina,hantsina
mahamantsina,hantsina
manamantsina,hantsina
mankamantsina,hantsina
mantsimantaina,hantsina
mantsina,hantsina
mpanamantsina,hantsina
ahantsy,hantsy
fihantsiana,hantsy
fihantsy,hantsy
hamantsy,hantsy
hantsihantsy,hantsy
hantsina,hantsy
ihantsiana,hantsy
mahahantsy,hantsy
mahamantsy,hantsy
mampihantsy,hantsy
manantsy,hantsy
mifampihantsy,hantsy
mihamantsy,hantsy
mihantsy,hantsy
mpihantsy,hantsy
pimantsy,hantsy
voahantsy,hantsy
fohany,hany
ahao,hao
mampihao,hao
mifampihao,hao
mihao,hao
pihao,hao
mampihaodihaody,haodihaody
fihaodihaodiana,haodihaody
fihaodihaody,haodihaody
ihaodihaodiana,haodihaody
mahahaodihaody,haodihaody
mihaodihaody,haodihaody
mpihaodihaody,haodihaody
haodihaody,haody
mihaody,haody
haodiana,haody
fangaoka,haoka
mangaoka,haoka
mpangaoka,haoka
haokaoka,haoka
mihaoka,haoka
mihaokaoka,haokaoka
haolohaolo,haolo
mihaolohaolo,haolohaolo
ihaonana,haona
mihaona,haona
vaohaona,haona
ahaona,haona
fihaona,haona
fihaonana,haona
haonkaona,haona
mahahaona,haona
mampihaona,haona
mpihaona,haona
tafahaona,haona
voahaona,haona
ahaotra,haotra
fihaorana,haotra
fihaotra,haotra
haorina,haotra
haotraotra,haotra
hatraorina,haotra
ihaorana,haotra
mihaotra,haotra
voahaotra,haotra
haotraorina,haotraotra
mihaotraotra,haotraotra
mihaotry,haotry
ahaotse,haotse
mahahaotse,haotse
mampihaotse,haotse
mañaotse,haotse
mifampihaotse,haotse
mifañaotse,haotse
mihaotse,haotse
pañaotse,haotse
pifampihaotse,haotse
pifañaotse,haotse
pihaotse,haotse
voahaotse,haotse
hapakapahina,hapakapaka
mihapakapaka,hapakapaka
fahapintsana,hapintsana
hapintsampintsana,hapintsana
mihapoka,hapoka
harahara,hara
manaraby,haraby
anarabiana,haraby
fanarabiana,haraby
fanaraby,haraby
harabina,haraby
harabiraby,haraby
mahaharaby,haraby
mpanaraby,haraby
voaharaby,haraby
karafana,harafana
mihaharafesina,harafesina
harafesenina,harafesina
mahaharafesina,harafesina
mangarahara,harahara
miharahara,harahara
fiharaka,haraka
angarahana,haraka
fangarahana,haraka
fangaraka,haraka
harahana,haraka
mahaharaka,haraka
mangaraka,haraka
mpangaraka,haraka
voaharaka,haraka
fiharahana,haraka
harahina,haraka
miharaka,haraka
mpiharaka,haraka
miharamaky,haramaky
fiharana,harana
fimiharana,harana
manankarana,harana
miankarana,harana
fiharanana,harana
haranina,harana
iharanana,harana
miharana,harana
mangarana,harana
fanarangarana,harangarana
anarangaranana,harangarana
fanarangaranana,harangarana
harangaranina,harangarana
mahaharangarana,harangarana
manarangarana,harangarana
mangarangarana,harangarana
mpanarangarana,harangarana
tafaharangarana,harangarana
voaharangarana,harangarana
hararaotana,hararaotra
anararaotana,hararaotra
fanararaotana,hararaotra
fanararaotra,hararaotra
hararaotina,hararaotra
manararaotra,hararaotra
voahararaotra,hararaotra
mampañararaotse,hararaotse
mañararaotse,hararaotse
pañararaotse,hararaotse
fihararetra,hararetra
mihararetra,hararetra
hararoana,hararo
anararoana,hararo
fanararo,hararo
fanararoana,hararo
hararoina,hararo
manararo,hararo
mpanararo,hararo
voahararo,hararo
haratoina,harato
manarato,harato
anaratoana,harato
fanarato,harato
fanaratoana,harato
haratoana,harato
haratovina,harato
mahaharato,harato
mpanarato,harato
voaharato,harato
fanaratra,haratra
aharatra,haratra
anaratana,haratra
fanaratana,haratra
fiharatana,haratra
harasana,haratra
haratana,haratra
iharatana,haratra
mahaharatra,haratra
manaratra,haratra
miharatra,haratra
mpanaratra,haratra
mpiharatra,haratra
voaharatra,haratra
miharatry,haratry
aharatsaka,haratsaka
anaratsahana,haratsaka
fanaratsahana,haratsaka
fanaratsaka,haratsaka
haratsadratsaka,haratsaka
haratsahana,haratsaka
karatsaka,haratsaka
mahaharatsaka,haratsaka
manaratsaka,haratsaka
mpanaratsaka,haratsaka
voaharatsaka,haratsaka
aharatse,haratse
mahaharatse,haratse
mampiharatse,haratse
mañaratse,haratse
mifañaratse,haratse
pañaratse,haratse
pifañaratse,haratse
piharatse,haratse
voaharatse,haratse
fampiharatsy,haratsy
ampihare,hare
mahahare,hare
mampihare,hare
mihare,hare
pihare,hare
voahare,hare
fanarendrina,harendrina
manarendrina,harendrina
aharihary,harihary
ampihariharìna,harihary
fiharihariana,harihary
fiharihary,harihary
iharihariana,harihary
mahaharihary,harihary
mampiharihary,harihary
miharihary,harihary
mpiharihary,harihary
tafaharihary,harihary
voaharihary,harihary
angarihana,harika
fangarihana,harika
fangarika,harika
harihina,harika
harikarika,harika
mahaharika,harika
mangarika,harika
mpangarika,harika
voaharika,harika
amparikivina,harikivy
angarinana,harina
fangarina,harina
fangarinana,harina
harinina,harina
mangarina,harina
mpangarina,harina
voaharina,harina
miharinarina,harinarina
miharingarina,haringarina
miharitra,haritra
fanarivàna,hariva
mihahariva,hariva
mihariva,hariva
ahariva,hariva
anarivana,hariva
fanariva,hariva
harivaina,hariva
harivariva,hariva
harivàna,hariva
mahahariva,hariva
manariva,hariva
mpanariva,hariva
takariva,hariva
miharivolo,harivolo
faharo,haro
fifangaro,haro
haroñy,haro
mampangaro,haro
mampañaro,haro
manaro,haro
mangaro,haro
mihamiharo,haro
mpifangaro,haro
pangaro,haro
pifangaro,haro
piharo,haro
tafaharo,haro
vaoharo,haro
voaharo,haro
aharo,haro
angaroana,haro
fangaro,haro
fangaroana,haro
fifangaroana,haro
fiharo,haro
fiharoana,haro
haroana,haro
haroharo,haro
haroina,haro
iharoana,haro
mahaharo,haro
miharo,haro
mpiharo,haro
fangaroharo,haroharo
mampiharoharo,haroharo
mangaroharo,haroharo
fangaroka,haroka
fiharohana,haroka
aharoka,haroka
angarofana,haroka
angarohana,haroka
fangarofana,haroka
fangarohana,haroka
fiharofana,haroka
fiharoka,haroka
harofana,haroka
harokaroka,haroka
iharofana,haroka
mahaharoka,haroka
mangaroka,haroka
miharoka,haroka
mpangaroka,haroka
mpiharoka,haroka
voaharoka,haroka
iharokarofana,harokaroka
miharokaroka,harokaroka
mampangaroke,haroke
mangaroke,haroke
pangaroke,haroke
aharona,harona
angaronana,harona
fangarona,harona
fangaronana,harona
harongarona,harona
haronina,harona
mahaharona,harona
mangarona,harona
mpangarona,harona
voaharona,harona
haronganina,harongana
fihary,hary
hinary,hary
voahary,hary
fiharena,hary
fihariana,hary
harena,hary
harina,hary
ihariana,hary
mahahary,hary
mihary,hary
mpihary,hary
fangasihasy,hasihasy
fihasihasy,hasihasy
mangasihasy,hasihasy
mihasihasy,hasihasy
mpangasihasy,hasihasy
anamasinana,hasina
anasinana,hasina
anasinkasinana,hasina
ankamasinana,hasina
fanasina,hasina
fanasinana,hasina
fankamasina,hasina
fihasinana,hasina
kamasina,hasina
manasina,hasina
manasinkasina,hasina
mpanasina,hasina
voamasina,hasina
ahasina,hasina
fankahasina,hasina
fihasina,hasina
hasinina,hasina
mahamasina,hasina
masina,hasina
mihasina,hasina
mpanahasina,hasina
voahasina,hasina
hasinkasina,hasina
mihasinkasina,hasinkasina
pañaso,haso
ahasohaso,hasohaso
fanasohaso,hasohaso
fanasohasoana,hasohaso
mpanasohaso,hasohaso
voahasohaso,hasohaso
mangasohaso,hasohaso
anasohasoana,hasohaso
hasohasoina,hasohaso
manasohaso,hasohaso
fahamasy,hasy
fañamasy,hasy
fañasy,hasy
hasia,hasy
mañamasy,hasy
pimasy,hasy
fahatahirana,hatahitra
angatahana,hataka
angatahina,hataka
fangatahana,hataka
fangatahina,hataka
fangataka,hataka
hatakataka,hataka
mahahataka,hataka
mangataka,hataka
mpangataka,hataka
voahataka,hataka
ahataka,hataka
fihatahana,hataka
fihataka,hataka
hatahina,hataka
ihatahana,hataka
mihataka,hataka
mpihataka,hataka
tafahataka,hataka
ahatake,hatake
fahatake,hatake
mampangatake,hatake
mampihatake,hatake
mangatake,hatake
mihamihatake,hatake
mihatake,hatake
pangatake,hatake
pihatake,hatake
voahatake,hatake
mampañate,hate
mañate,hate
mifañate,hate
mihate,hate
pañate,hate
pifañate,hate
pihate,hate
mifanatikatika,hatikatika
hatenina,hatina
mihato,hato
anatohana,hatoka
hatohina,hatoka
manatokatoka,hatoka
hatokatoka,hatoka
anatokatohana,hatokatoka
mihatokatoka,hatokatoka
ifanatonana,hatona
anatonana,hatona
fanatona,hatona
fanatonana,hatona
hatonatona,hatona
hatonina,hatona
mahahatona,hatona
manatona,hatona
mifanatona,hatona
mpanatona,hatona
tafahatona,hatona
voahatona,hatona
ampiharana,hatra
ampiharina,hatra
hatramy,hatra
mifanatra,hatra
ahatra,hatra
ankaharana,hatra
fampiharana,hatra
fankaharana,hatra
fankahatra,hatra
fihatra,hatra
iharana,hatra
mampihatra,hatra
mankahatra,hatra
mifankahatra,hatra
mihatra,hatra
mpankahatra,hatra
tafahatra,hatra
voahatra,hatra
hatrakatraka,hatraka
vongatraka,hatraka
manatrakatraka,hatrakatraka
mahatrakatraka,hatrakatraka
mangatrakatraka,hatrakatraka
fihatrakatraka,hatrakatraka
hatrakatrahina,hatrakatraka
mihatrakatraka,hatrakatraka
mpihatrakatraka,hatrakatraka
ihatrokatrohana,hatrokatroka
mihatrokatroka,hatrokatroka
mihatratry,hatry
mangatry,hatry
matry,hatry
mihahatry,hatry
mihatry,hatry
ahatsaka,hatsaka
anatsahana,hatsaka
fanatsahana,hatsaka
fanatsaka,hatsaka
fihatsahana,hatsaka
fihatsaka,hatsaka
hatsahana,hatsaka
hatsakatsaka,hatsaka
ihatsahana,hatsaka
mahahatsaka,hatsaka
manatsaka,hatsaka
mihatsaka,hatsaka
voahatsaka,hatsaka
mangatsakatsaka,hatsakatsaka
ampangatsiahana,hatsiaka
ampangatsiahina,hatsiaka
angatsiahana,hatsiaka
fampangatsiahana,hatsiaka
fangatsiahana,hatsiaka
fangatsiaka,hatsiaka
hatsiatsiaka,hatsiaka
mampangatsiaka,hatsiaka
mangatsiaka,hatsiaka
mangatsiatsiaka,hatsiatsiaka
mangatsiatsieky,hatsieky
mangatsieky,hatsieky
takatsika,hatsika
ahatsika,hatsika
anatsihana,hatsika
fanatsihana,hatsika
fanatsika,hatsika
hatsihana,hatsika
hatsihina,hatsika
manatsika,hatsika
mihatsika,hatsika
voahatsika,hatsika
fanatsikana,hatsikana
anatsikanana,hatsikana
fanatsikanana,hatsikana
hatsikanina,hatsikana
manatsikana,hatsikana
mifanatsikana,hatsikana
mpanatsikana,hatsikana
hatsivoina,hatsivo
manatsivo,hatsivo
hatsohatso,hatso
mangatsohatso,hatsohatso
hatsotsobe,hatsotso
mihatsy,hatsy
ahaty,haty
mampañaty,haty
pañaty,haty
pifañaty,haty
pihaty,haty
voahaty,haty
ampihavanana,havana
ampihavanina,havana
fampihavanana,havana
fanavana,havana
havangavana,havana
havanina,havana
mahahavangavana,havana
manavana,havana
mañavana,havana
mpanavana,havana
mpanavangavana,havana
fanavanana,havana
fihavana,havana
fihavanana,havana
havankavana,havana
ihavanana,havana
mahahavana,havana
mampihavana,havana
mihavana,havana
mpihavana,havana
tafahavana,havana
voahavana,havana
ankavana,havana
ifampihavanana,havana
anavanana,havana
havanambanana,havanana
ankavanana,havanana
kavanana,havanana
manavanana,havanana
miankavanana,havanana
manavandra,havandra
havangavanana,havangavana
anavangavanana,havangavana
fanavangavana,havangavana
fanavangavanana,havangavana
havangavanina,havangavana
manavangavana,havangavana
voahavangavana,havangavana
mihavara,havara
havatravatra,havatra
fihavatravarana,havatravatra
fihavatravatra,havatravatra
ihavatravarana,havatravatra
mihavatravatra,havatravatra
mpihavatravatra,havatravatra
miankavia,havia
ankavia,havia
haviavia,havia
haviazina,havia
kavia,havia
manavia,havia
kaviavia,haviavia
manaviavia,haviavia
ahavihavy,havihavy
fihavihaviana,havihavy
fihavihavy,havihavy
ihavihaviana,havihavy
mihavihavy,havihavy
mihavina,havina
kavinana,havina
mangavina,havina
mavina,havina
ahavingavina,havingavina
fihavingavina,havingavina
fihavingavinana,havingavina
havingavinina,havingavina
ihavingavinana,havingavina
mahavingavina,havingavina
mihavingavina,havingavina
mpihavingavina,havingavina
tafahavingavina,havingavina
havirina,havitra
havitina,havitra
manavitra,havitra
ahavitravitra,havitravitra
fihavitravirana,havitravitra
fihavitravitra,havitravitra
havitravirina,havitravitra
ihavitravirana,havitravitra
mihavitravitra,havitravitra
mpihavitravitra,havitravitra
ankavitsiana,havitsiana
ankavoana,havoana
fangavoka,havoka
havokavoka,havoka
mangavoka,havoka
mangavokavoka,havoka
fanavokavoka,havokavoka
anavokavohana,havokavoka
fanavokavohana,havokavoka
havokavohana,havokavoka
mahahavokavoka,havokavoka
manavokavoka,havokavoka
mpanavokavoka,havokavoka
voahavokavoka,havokavoka
havihavy,havy
mpihavy,havy
ankay,hay
faheza,hay
hahay,hay
kihaihay,hay
mampahay,hay
mankahay,hay
may,hay
mifankahay,hay
mihamahay,hay
pahay,hay
mahay,hay
ahaizana,hay
fahaizana,hay
fahay,hay
haizina,hay
mpahay,hay
ampihaza,haza
fampihaza,haza
fihaza,haza
fihazana,haza
hazaina,haza
ihazana,haza
mahahaza,haza
mampihaza,haza
mihaza,haza
pihaza,haza
voahaza,haza
mpihazaka,hazaka
hazahina,hazaka
ahazakazaka,hazakazaka
fihazakazahana,hazakazaka
fihazakazaka,hazakazaka
hazakazahina,hazakazaka
ihazakazahana,hazakazaka
mahahazakazaka,hazakazaka
manazakazaka,hazakazaka
mihazakazaka,hazakazaka
mpanazakazaka,hazakazaka
mpihazakazaka,hazakazaka
tafahazakazaka,hazakazaka
voahazakazaka,hazakazaka
hazangazana,hazana
mazana,hazana
fanazangazana,hazangazana
fanazangazanana,hazangazana
ahazangazana,hazangazana
anazangazanana,hazangazana
hazangazanina,hazangazana
mahazangazana,hazangazana
manazangazana,hazangazana
fanazary,hazary
anazariana,hazary
fanazariana,hazary
hazarina,hazary
hazarizary,hazary
manazary,hazary
mpanazary,hazary
voahazary,hazary
ihazihaziana,hazihazy
fihazihazy,hazihazy
mihazihazy,hazihazy
mpihazihazy,hazihazy
fihazingazina,hazingazina
mihazingazina,hazingazina
mihazingaziny,hazingaziny
kakazo,hazo
mihazo,hazo
tankazo,hazo
hazohazo,hazo
voahazona,hazohazo
ahazohazo,hazohazo
fihazohazo,hazohazo
fihazohazoana,hazohazo
ihazohazoana,hazohazo
mahahazohazo,hazohazo
mihazohazo,hazohazo
tafahazohazo,hazohazo
ahazona,hazona
fifangazonana,hazona
fihazona,hazona
fihazonana,hazona
hazonina,hazona
hazonkazona,hazona
ifangazonana,hazona
ihazonana,hazona
mahahazona,hazona
mifangazona,hazona
mihazona,hazona
mpihazona,hazona
sangazona,hazona
tangazona,hazona
tazona,hazona
ampihañahaña,hañahaña
fahañahaña,hañahaña
fampihañahaña,hañahaña
mampihañahaña,hañahaña
pihañahaña,hañahaña
voahañahaña,hañahaña
mañeatse,heatse
hebahebaina,hebaheba
ihebahebana,hebaheba
manebaheba,hebaheba
voahebaheba,hebaheba
mangebaka,hebaka
mangebakebaka,hebaka
ahebiheby,hebiheby
anebihebena,hebiheby
fanebihebena,hebiheby
fanebiheby,hebiheby
fihebihebena,hebiheby
fihebiheby,hebiheby
hebihebena,hebiheby
ihebihebena,hebiheby
mahahebiheby,hebiheby
manebiheby,hebiheby
mihebiheby,hebiheby
mpihebiheby,hebiheby
tafahebiheby,hebiheby
voahebiheby,hebiheby
fihebikebehana,hebikebika
fihebikebika,hebikebika
ihebikebehana,hebikebika
mangebikebika,hebikebika
mihebikebika,hebikebika
mpihebikebika,hebikebika
mihebinkenina,hebinkebina
mihebinkebina,hebinkebina
ahebintrebina,hebintrebina
fihebintrebenana,hebintrebina
fihebintrebina,hebintrebina
ihebintrebenana,hebintrebina
mihebintrebina,hebintrebina
mpihebintrebina,hebintrebina
aheby,heby
anebena,heby
hebena,heby
hebiheby,heby
ihebena,heby
maneby,heby
miheby,heby
voaheby,heby
anedrahedrana,hedrahedra
fanedrahedra,hedrahedra
fanedrahedrana,hedrahedra
fihedrahedra,hedrahedra
fihedrahedrana,hedrahedra
ihedrahedrana,hedrahedra
mahahedrahedra,hedrahedra
manedrahedra,hedrahedra
mihedrahedra,hedrahedra
mpanedrahedra,hedrahedra
mpihedrahedra,hedrahedra
namefahefa,hefahefa
ahefahefa,hefahefa
anefahefana,hefahefa
fanefahefa,hefahefa
fanefahefana,hefahefa
fihefahefa,hefahefa
fihefahefana,hefahefa
hefahefaina,hefahefa
ihefahefana,hefahefa
mahahefahefa,hefahefa
manefahefa,hefahefa
mihefahefa,hefahefa
mpanefahefa,hefahefa
mpihefahefa,hefahefa
tafahefahefa,hefahefa
voahefahefa,hefahefa
ahefake,hefake
mañefake,hefake
mihefake,hefake
pañefake,hefake
pihefake,hefake
ahefakefaka,hefakefaka
fihefakefahana,hefakefaka
fihefakefaka,hefakefaka
hefakefahina,hefakefaka
ihefakefahana,hefakefaka
mihefakefaka,hefakefaka
mpihefakefaka,hefakefaka
voahefakefaka,hefakefaka
mañefaky,hefaky
ahefikefehina,hefikefehina
ahefikefika,hefikefika
anefikefehana,hefikefika
anefikefika,hefikefika
fanefikefehana,hefikefika
fanefikefika,hefikefika
fihefikefehana,hefikefika
fihefikefika,hefikefika
hefikefehina,hefikefika
ihefikefehana,hefikefika
mahahefikefika,hefikefika
manefikefika,hefikefika
mihefikefika,hefikefika
mpanefikefika,hefikefika
mpihefikefika,hefikefika
tafahefikefika,hefikefika
voahefikefika,hefikefika
ahefina,hefina
anefenana,hefina
hefenana,hefina
manefina,hefina
anefohefoana,hefohefo
fanefohefo,hefohefo
fanefohefoana,hefohefo
manefohefo,hefohefo
mpanefohefo,hefohefo
fihehaka,hehaka
hehakehaka,hehaka
mihehaka,hehaka
mpihehaka,hehaka
sanehaka,hehaka
manehakehaka,hehakehaka
pihehe,hehe
mihehihehy,hehihehy
manehitra,hehitra
ampihomehy,hehy
fihehy,hehy
fihomehezana,hehy
mihehy,hehy
hehihehy,hehy
homehy,hehy
ahehy,hehy
fihehezana,hehy
hehezina,hehy
ihehezana,hehy
mahahehy,hehy
mpihehy,hehy
voahehy,hehy
anejana,heja
faneja,heja
fanejana,heja
fiheja,heja
fihejana,heja
ihejana,heja
maneja,heja
meja,heja
miheja,heja
mihejaheja,hejaheja
miheje,heje
ahela,hela
mihela,hela
anelahana,helaka
helahana,helaka
mihelaka,helaka
voahelaka,helaka
anelarana,helatra
fanelarana,helatra
fanelatra,helatra
helatrelatra,helatra
manelatra,helatra
mihelatra,helatra
mpanelatra,helatra
manelatrelatra,helatrelatra
mihelatrelatra,helatrelatra
mañelatse,helatse
mihelatse,helatse
ahelihely,helihely
anelihelena,helihely
helihelena,helihely
ihelihelena,helihely
manelihely,helihely
mihelihely,helihely
isakelehana,helika
anelehana,helika
helehina,helika
manelika,helika
sakalehina,helika
sakelika,helika
mangeliketika,heliketika
mangeliketiky,heliketiky
akeliky,heliky
ihelenana,helina
ahelina,helina
fihelenana,helina
fihelina,helina
fihelingelenana,helina
fihelingelina,helina
helenana,helina
helenina,helina
helingelina,helina
helinkelina,helina
ilhelenana,helina
mahahelina,helina
mahahelingelina,helina
mihelina,helina
mpanelingelina,helina
mpihelina,helina
mpihelingelina,helina
tafahelina,helina
voahelina,helina
anelingelenana,helingelina
fanelingelenana,helingelina
fanelingelina,helingelina
helingelenina,helingelina
ihelingelenana,helingelina
manelingelina,helingelina
mihelingelina,helingelina
voahelingelina,helingelina
faneloheloana,helo
helohelo,helo
mpanelohelo,helo
mpihelohelo,helo
ahelohelo,helohelo
aneloheloana,helohelo
fanelohelo,helohelo
fihelohelo,helohelo
fiheloheloana,helohelo
heloheloina,helohelo
iheloheloana,helohelo
mahahelohelo,helohelo
manelohelo,helohelo
mihelohelo,helohelo
tafahelohelo,helohelo
voahelohelo,helohelo
angeloka,heloka
helokeloka,heloka
meloka,heloka
sangeloka,heloka
aheloka,heloka
helohina,heloka
voaheloka,heloka
mahameloke,heloke
mampeloke,heloke
mañameloke,heloke
meloke,heloke
voaheloke,heloke
fangemahema,hemahema
mampangemahema,hemahema
mangemahema,hemahema
mihemahema,hemahema
hemanina,hemana
manemana,hemana
fihemba,hemba
mahahemba,hemba
ahembahemba,hembahemba
anembahembana,hembahemba
fanembahemba,hembahemba
fanembahembana,hembahemba
hembahembaina,hembahemba
manembahemba,hembahemba
voahembahemba,hembahemba
hembankembana,hembana
mihembana,hembana
manembankembana,hembankembana
fihembitra,hembitra
mihembitra,hembitra
mpihembitra,hembitra
tafahembitra,hembitra
fanemoana,hemo
manemo,hemo
mampihemotra,hemotra
takemotra,hemotra
ahemotra,hemotra
anemorana,hemotra
fanemorana,hemotra
fanemotra,hemotra
fihemorana,hemotra
fihemotra,hemotra
hemorina,hemotra
hemotremotra,hemotra
ihemorana,hemotra
mahahemotra,hemotra
manemotra,hemotra
mihemotra,hemotra
mpanemotra,hemotra
mpihemotra,hemotra
tafahemotra,hemotra
voahemotra,hemotra
ahemotse,hemotse
fahemotse,hemotse
mampihemotse,hemotse
mañemotse,hemotse
mihemotse,hemotse
pañemotse,hemotse
pihemotse,hemotse
voahemotse,hemotse
hempahempa,hempa
fihempahempa,hempahempa
fihempahempana,hempahempa
ihempahempana,hempahempa
mihempahempa,hempahempa
mihempina,hempina
ampihena,hena
fampihena,hena
fangenahena,hena
fañena,hena
henahena,hena
pañena,hena
pihena,hena
mangena,hena
ahena,hena
fampihenana,hena
fihena,hena
fihenana,hena
ihenana,hena
mahahena,hena
mampihena,hena
mihena,hena
mpampihena,hena
mpihena,hena
tafahena,hena
voahena,hena
fanenahenana,henahena
mangenahena,henahena
ahenahena,henahena
anenahenana,henahena
fanenahena,henahena
fihenahena,henahena
fihenahenana,henahena
henahenaina,henahena
ihenahenana,henahena
mahahenahena,henahena
manenahena,henahena
mihenahena,henahena
mpanenahena,henahena
mpihenahena,henahena
tafahenahena,henahena
voahenahena,henahena
ihenarana,henatra
henarana,henatra
mahamenatra,henatra
menamenatra,henatra
menarina,henatra
menatra,henatra
mihenatra,henatra
mahameñatse,henatse
meñatse,henatse
mifanendrahendra,hendrahendra
mihendrahendra,hendrahendra
anendratana,hendratra
fihendratra,hendratra
manendratra,hendratra
ahendratra,hendratra
fihendratana,hendratra
hendratina,hendratra
hendratrendratra,hendratra
ihendratana,hendratra
mihahendratra,hendratra
mihendratra,hendratra
tafahendratra,hendratra
mihendrihendrina,hendrihendrina
manendrihendry,hendrihendry
mifanendrihendry,hendrihendry
hendrinendrina,hendrina
hendrihendrina,hendrina
mihendrina,hendrina
mihendrinendrina,hendrinendrina
ahendry,hendry
hendrena,hendry
ihendrena,hendry
mihendry,hendry
voahendry,hendry
fahendrena,hendry
hahendrena,hendry
hendrihendry,hendry
mahahendry,hendry
mampahendry,hendry
mangeningenina,heniheny
mangeniheny,heniheny
fanenika,henika
mahahenika,henika
mahenika,henika
manenika,henika
mihenika,henika
ahenikenika,henikenika
fihenikenehana,henikenika
fihenikenika,henikenika
henikenehina,henikenika
ihenikenehana,henikenika
mihenikenika,henikenika
mpihenikenika,henikenika
aneninkenenana,heninkenina
faneninkenina,heninkenina
fiheninkenenana,heninkenina
fiheninkenina,heninkenina
heninkenenina,heninkenina
iheninkenenana,heninkenina
mahaheninkenina,heninkenina
maneninkenina,heninkenina
miheninkenina,heninkenina
mpaneninkenina,heninkenina
mpiheninkenina,heninkenina
tafaheninkenina,heninkenina
voaheninkenina,heninkenina
ahenja,henja
mahahenja,henja
mampañenja,henja
mampihenja,henja
mihahenja,henja
mihenja,henja
pañenja,henja
pihenja,henja
voahenja,henja
ahenjana,henjana
anenjanana,henjana
fanenjana,henjana
fanenjanana,henjana
fihenjana,henjana
fihenjanana,henjana
henjakenjana,henjana
henjanina,henjana
ihenjanana,henjana
mahahenjana,henjana
mahenjana,henjana
mampanenjana,henjana
mampifanenjana,henjana
mampihenjana,henjana
manenjana,henjana
mifampihenjana,henjana
mifanenjana,henjana
mihenjana,henjana
mpanenjana,henjana
mpihenjana,henjana
voahenjana,henjana
mahahenje,henje
mihahenje,henje
fihenjihenjena,henjihenjy
ihenjihenjena,henjihenjy
ahenjihenjy,henjihenjy
fihenjihenjy,henjihenjy
henjihenjena,henjihenjy
mahahenjihenjy,henjihenjy
mihenjihenjy,henjihenjy
mpihenjihenjy,henjihenjy
tafahenjihenjy,henjihenjy
voahenjihenjy,henjihenjy
fihenjena,henjy
fihenjy,henjy
tohenjy,henjy
henjihenjy,henjy
mihenjy,henjy
faheno,heno
fahenoana,heno
henoina,heno
mangentana,hentana
fanentitra,hentitra
ahentitra,hentitra
anenterana,hentitra
fanenterana,hentitra
henterina,hentitra
hentitrentitra,hentitra
mahahentitra,hentitra
manentitra,hentitra
mpanentitra,hentitra
voahentitra,hentitra
anentohentoana,hentohento
fanentohento,hentohento
fanentohentoana,hentohento
fihentohento,hentohento
fihentohentoana,hentohento
hentohentoina,hentohento
ihentohentoana,hentohento
manentohento,hentohento
mihentohento,hentohento
mpanentohento,hentohento
mpihentohento,hentohento
tafahentohento,hentohento
fangentona,hentona
mangentona,hentona
mampihentse,hentse
pihentse,hentse
voahentse,hentse
fihentsina,hentsina
mahahentsina,hentsina
mihentsina,hentsina
mañenty,henty
mpañenty,henty
mifankaheny,heny
henenina,heny
fangeoka,heoka
heokeoka,heoka
mangeoka,heoka
fiheoke,heoke
miheoke,heoke
fangeokeoka,heokeoka
mangeokeoka,heokeoka
fanerahera,herahera
aherahera,herahera
aneraherana,herahera
faneraherana,herahera
heraheraina,herahera
mahaherahera,herahera
manerahera,herahera
mpanerahera,herahera
tafaherahera,herahera
voaherahera,herahera
miherakeraka,herakeraka
ahere,here
ampangere,here
fahere,here
mahere,here
mampahere,here
mampangere,here
mihamahere,here
mihere,here
pahere,here
pangere,here
mahahereke,hereke
mihahereke,hereke
maherihery,herihery
aherika,herika
fiherehana,herika
fiherika,herika
herehina,herika
herikerika,herika
iherehana,herika
mahaherika,herika
miherika,herika
mpiherika,herika
miherikerika,herikerika
mangeriketika,heriketika
atsingerina,herina
tangerina,herina
tsingeringerina,herina
aherina,herina
fiherenana,herina
fiherina,herina
iherenana,herina
mahaherina,herina
miherina,herina
mpiherina,herina
sangerina,herina
tafaherina,herina
tsingerina,herina
voaherina,herina
miheringerina,heringerina
aherohero,herohero
aneroheroana,herohero
fanerohero,herohero
faneroheroana,herohero
fiherohero,herohero
fiheroheroana,herohero
heroheroina,herohero
iheroheroana,herohero
manerohero,herohero
miherohero,herohero
mpanerohero,herohero
mpiherohero,herohero
tafaherohero,herohero
voaherohero,herohero
mangeroka,heroka
herokeroka,heroka
mangerokeroka,herokeroka
aherongerona,herongerona
anerongeronana,herongerona
fanerongerona,herongerona
fanerongeronana,herongerona
fiherongerona,herongerona
fiherongeronana,herongerona
herongeronina,herongerona
iherongeronana,herongerona
mahaherongerona,herongerona
manerongerona,herongerona
miherongerona,herongerona
mpanerongerona,herongerona
mpiherongerona,herongerona
tafaherongerona,herongerona
voaherongerona,herongerona
fanerotra,herotra
herotrerony,herotra
herotrerotra,herotra
manerotra,herotra
mpanerotra,herotra
ahery,hery
mahery,hery
aherezana,hery
ankaherezana,hery
ankaherezina,hery
faherezana,hery
fankaherezana,hery
herezina,hery
herihery,hery
mahahery,hery
mampahery,hery
mankahery,hery
mihahery,hery
mpahery,hery
mpampahery,hery
mpankahery,hery
angerena,hery
fangerena,hery
fangery,hery
mangery,hery
fangetahetana,hetaheta
mampangetaheta,hetaheta
angetahetana,hetaheta
fangetaheta,hetaheta
mangetaheta,hetaheta
mpangetaheta,hetaheta
ampañete,hete
mahahete,hete
mampañete,hete
mampihete,hete
mifampihete,hete
mihete,hete
pañete,hete
pihete,hete
voahete,hete
angetorana,hetotra
fangetorana,hetotra
fangetorina,hetotra
fangetotra,hetotra
mangetotra,hetotra
mpangetotra,hetotra
mampangetotse,hetotse
mangetotse,hetotse
pangetotse,hetotse
fihetra,hetra
fihetrana,hetra
hetrana,hetra
ihetrana,hetra
mahahetra,hetra
mihetra,hetra
fihetrahetra,hetrahetra
fihetrahetrana,hetrahetra
ihetrahetrana,hetrahetra
mihetrahetra,hetrahetra
mpihetrahetra,hetrahetra
tafahetrahetra,hetrahetra
fihetraketraka,hetraketraka
ihetraketrahana,hetraketraka
mihetrakeraka,hetraketraka
mpihetraketraka,hetraketraka
fihetraketrahana,hetraketraka
hetraketrahina,hetraketraka
mihetraketraka,hetraketraka
mangetraketraky,hetraketraky
hetriketrika,hetrika
mangetrika,hetrika
anetriketrehana,hetriketrika
angetriketrehana,hetriketrika
fanetriketrehana,hetriketrika
fanetriketrika,hetriketrika
fangetriketrehana,hetriketrika
manetriketrika,hetriketrika
mangetriketrika,hetriketrika
hetrinketrina,hetrina
fanetrinketrina,hetrinketrina
manetrinketrina,hetrinketrina
fanetsahana,hetsaka
manetsaka,hetsaka
mampahetse,hetse
pahetse,hetse
ahetsike,hetseke
fihetsike,hetseke
mahahetseke,hetseke
mampihetseke,hetseke
mañetsike,hetseke
mifañetsike,hetseke
mihamihetsike,hetseke
mihetseke,hetseke
ahetsika,hetsika
anetsehana,hetsika
fanetsehana,hetsika
fanetsika,hetsika
fihetsehana,hetsika
fihetsika,hetsika
hetsehina,hetsika
hetsiketsika,hetsika
ihetsehana,hetsika
mahahetsika,hetsika
manetsika,hetsika
mihetsika,hetsika
mpanetsika,hetsika
tafahetsika,hetsika
voahetsika,hetsika
pañetsike,hetsike
fanetsiketsehana,hetsiketsika
fihetsiketsehana,hetsiketsika
ahetsiketsika,hetsiketsika
fihetsiketsika,hetsiketsika
manetsiketsika,hetsiketsika
mihetsiketsika,hetsiketsika
mañetsiketsiky,hetsiketsiky
mihetsiketsiky,hetsiketsiky
hetsihetsy,hetsy
anetsiny,hetsy
mahetsy,hetsy
fanety,hety
fañety,hety
ahety,hety
anetezana,hety
fanetezana,hety
fihetezana,hety
fihety,hety
hetezana,hety
ihetezana,hety
mahahety,hety
mihety,hety
mpanety,hety
mpihety,hety
voahety,hety
ihevahevana,heva
mitsingevaheva,heva
faneva,heva
hevaheva,heva
anevahevana,hevaheva
ahevaheva,hevaheva
fanevaheva,hevaheva
fanevahevana,hevaheva
fihevaheva,hevaheva
fihevahevana,hevaheva
hevahevaina,hevaheva
mahahevaheva,hevaheva
manevaheva,hevaheva
mihevaheva,hevaheva
mpanevaheva,hevaheva
mpihevaheva,hevaheva
tafahevaheva,hevaheva
voahevaheva,hevaheva
ahevihevy,hevihevy
fihevihevena,hevihevy
fihevihevezana,hevihevy
fihevihevy,hevihevy
ihevihevena,hevihevy
mahahevihevy,hevihevy
mihevihevy,hevihevy
tafahevihevy,hevihevy
ahevingevina,hevingevina
anevingevenana,hevingevina
fanevingevenana,hevingevina
fanevingevina,hevingevina
fihevingevenana,hevingevina
fihevingevina,hevingevina
hevingevenina,hevingevina
ihevingevenana,hevingevina
mahahevingevina,hevingevina
manevingevina,hevingevina
mihevingevina,hevingevina
mpanevingevina,hevingevina
mpihevingevina,hevingevina
tafahevingevina,hevingevina
voahevingevina,hevingevina
fifampiheverana,hevitra
tsingevitra,hevitra
ahevitra,hevitra
fiheverana,hevitra
fihevitra,hevitra
heverina,hevitra
hevitrevitra,hevitra
iheverana,hevitra
mahahevitra,hevitra
mihevitra,hevitra
mpihevitra,hevitra
voahevitra,hevitra
mampihevitse,hevitse
mihevitse,hevitse
voahevetse,hevitse
ahevo,hevo
fihevo,hevo
fihevoana,hevo
hevoina,hevo
ihevoana,hevo
mahahevo,hevo
mihevo,hevo
mpihevo,hevo
voahevo,hevo
hevihevy,hevy
mañevy,hevy
fiheza,heza
mampieza,heza
manaheza,heza
miheza,heza
aheza,heza
anezana,heza
faneza,heza
fanezana,heza
hezaina,heza
mahaheza,heza
maneza,heza
mpaneza,heza
voaheza,heza
tangezaheza,hezaheza
ahezaheza,hezaheza
fihezaheza,hezaheza
fihezahezana,hezaheza
ihezahezana,hezaheza
mahahezaheza,hezaheza
mangezaheza,hezaheza
mihezaheza,hezaheza
mpihezaheza,hezaheza
tafahezaheza,hezaheza
mihezo,hezo
fahia,hia
fankahiazana,hia
fihahia,hia
pañia,hia
ankahiazana,hia
fahahiazana,hia
fahiazana,hia
fankahia,hia
hahia,hia
hahiazana,hia
mahia,hia
mampahia,hia
mankahia,hia
mpampahia,hia
mpankahia,hia
ankiaka,hiaka
fihiaka,hiaka
hiakiaka,hiaka
mahahiaka,hiaka
mihiaka,hiaka
mpihiaka,hiaka
mangiaka,hiaka
ampihibohana,hiboka
ihibohana,hiboka
mampihiboka,hiboka
ahiboka,hiboka
anibohana,hiboka
fanibohana,hiboka
faniboka,hiboka
fihiboana,hiboka
fihibohana,hiboka
fihiboka,hiboka
hibohana,hiboka
hibokiboka,hiboka
ihiboana,hiboka
mahahiboka,hiboka
maniboka,hiboka
mihiboka,hiboka
mpaniboka,hiboka
mpihiboka,hiboka
tafahiboka,hiboka
voahiboka,hiboka
mañiboke,hiboke
mihiboke,hiboke
fangidihidiana,hidihidy
fangidihidy,hidihidy
mangidihidy,hidihidy
ahidihidy,hidihidy
mangidy,hidy
mihidihidy,hidy
ahidy,hidy
anidiana,hidy
fahidiana,hidy
fanidiana,hidy
fanidy,hidy
fihidiana,hidy
fihidy,hidy
hidiana,hidy
hidihidy,hidy
hinidy,hidy
ihidiana,hidy
kahidy,hidy
mahahidy,hidy
mahidy,hidy
manidy,hidy
mihidy,hidy
mpanidy,hidy
mpihidy,hidy
tafahidy,hidy
voahidy,hidy
mañifatra,hifatra
ahifika,hifika
anifihana,hifika
fanifihana,hifika
fanifika,hifika
fihifihana,hifika
fihifika,hifika
hifikifika,hifika
ihifiana,hifika
ihifihana,hifika
mahahifika,hifika
manifika,hifika
mihifika,hifika
mpanifika,hifika
mpihifika,hifika
tafahifika,hifika
voahifika,hifika
fanifikifihana,hifikifika
manifikifika,hifikifika
mihifikifika,hifikifika
mihifiky,hifiky
ahifotra,hifotra
aniforana,hifotra
faniforana,hifotra
fanifotra,hifotra
fihiforana,hifotra
fihifotra,hifotra
hiforana,hifotra
hifotrifotra,hifotra
mahahifotra,hifotra
manifotra,hifotra
mihifotra,hifotra
mpanifotra,hifotra
mpihifotra,hifotra
voahifotra,hifotra
mihifotrifotra,hifotrifotra
ahihirana,hihitra
fahihirana,hihitra
fahihitra,hihitra
fihihirana,hihitra
fihihitra,hihitra
hihirana,hihitra
hihirina,hihitra
ihihirana,hihitra
kahihitra,hihitra
mahahihitra,hihitra
mahihitra,hihitra
mihihitra,hihitra
mpahihitra,hihitra
mpihihitra,hihitra
tafahihitra,hihitra
mahihitse,hihitse
mampahihitse,hihitse
mihamahihitse,hihitse
pahihitse,hihitse
mampanihy,hihy
pañihy,hihy
ahihy,hihy
anihisana,hihy
fanihisana,hihy
fanihy,hihy
fihihisana,hihy
fihihy,hihy
hihisana,hihy
ihihisana,hihy
mahahihy,hihy
manihy,hihy
mihihy,hihy
mpanihy,hihy
mpihihy,hihy
voahihy,hihy
ahika,hika
fihika,hika
fihikana,hika
ihikana,hika
mahahika,hika
mihika,hika
mpihika,hika
tafahika,hika
mahahike,hike
fahila,hila
mampihila,hila
manilahila,hila
mihamihila,hila
pihila,hila
voahila,hila
hilahila,hila
tsingilahila,hilahila
ahilahila,hilahila
anilahilana,hilahila
fanilahila,hilahila
fanilahilana,hilahila
fihilahila,hilahila
fihilahilana,hilahila
hilahilaina,hilahila
ihilahilana,hilahila
mahahilahila,hilahila
mangilahila,hilahila
mihilahila,hilahila
mpanilahila,hilahila
mpihilahila,hilahila
tafahilahila,hilahila
voahilahila,hilahila
ampihilanana,hilana
ahilana,hilana
anilanana,hilana
fanilana,hilana
fanilanana,hilana
fihilana,hilana
fihilanana,hilana
hilangilana,hilana
ihilanana,hilana
mihilana,hilana
mpanilana,hilana
mpihilana,hilana
tafahilana,hilana
tongilana,hilana
voahilana,hilana
ahilangilana,hilangilana
fanilangilanana,hilangilana
fihilangilanana,hilangilana
hilangilanina,hilangilana
manilangilana,hilangilana
mihilangilana,hilangilana
tafahilangilana,hilangilana
voahilangilana,hilangilana
ahilika,hilika
mañiliky,hiliky
fangilohilo,hilohilo
mangilohilo,hilohilo
ahilontrilona,hilontrilona
fihilontrilona,hilontrilona
mihilontrilona,hilontrilona
mpihilontrilona,hilontrilona
fihilotse,hilotse
mahahilotse,hilotse
mampihilotse,hilotse
mihilotse,hilotse
pihilotse,hilotse
ahily,hily
fahily,hily
fangily,hily
mahahily,hily
mampañily,hily
mangily,hily
mihamihily,hily
mihily,hily
pangily,hily
pañily,hily
pihily,hily
voahily,hily
fihimake,himake
manimake,himake
mihimake,himake
ahimoka,himoka
fihimohana,himoka
fihimoka,himoka
himohina,himoka
himokimoka,himoka
ihimohana,himoka
mahahimoka,himoka
mihimoka,himoka
mpihimoka,himoka
tafahimoka,himoka
takimoka,himoka
mihimokimoka,himokimoka
fihimokimohana,himokimoka
fihimokimoka,himokimoka
himokimohina,himokimoka
ahimpa,himpa
fahimpa,himpa
mahahimpa,himpa
mampañimpa,himpa
mampihimpa,himpa
mihimpa,himpa
pañimpa,himpa
pihimpa,himpa
voahimpa,himpa
manimpona,himpona
mihimpy,himpy
fampihina,hina
mampihina,hina
mihina,hina
hinakinaka,hinaka
faninakinaka,hinakinaka
fihinakinaka,hinakinaka
mihinakinaka,hinakinaka
ahinakinaka,hinakinaka
aninakinahana,hinakinaka
faninakinahana,hinakinaka
hinakinahina,hinakinaka
mahahinakinaka,hinakinaka
maninakinaka,hinakinaka
mpaninakinaka,hinakinaka
voahinakinaka,hinakinaka
fampihinana,hinana
fihinana,hinana
fihinanana,hinana
hinankinana,hinana
ihinanana,hinana
mahahinana,hinana
mampihinana,hinana
mihinana,hinana
mpihinana,hinana
mañindalo,hindalo
ahindrahindra,hindrahindra
anindrahindrana,hindrahindra
fanindrahindra,hindrahindra
fanindrahindrana,hindrahindra
fihindrahindra,hindrahindra
fihindrahindrana,hindrahindra
hindrahindraina,hindrahindra
ihindrahindrana,hindrahindra
mampihindrahindra,hindrahindra
manindrahindra,hindrahindra
mihindrahindra,hindrahindra
mpanindrahindra,hindrahindra
mpihindrahindra,hindrahindra
sahindrahindra,hindrahindra
tafahindrahindra,hindrahindra
voahindrahindra,hindrahindra
tominjaka,hinjaka
ahinjaka,hinjaka
fihinjahana,hinjaka
fihinjaka,hinjaka
hinjahana,hinjaka
hinjahina,hinjaka
hinjakinjaka,hinjaka
ihinjahana,hinjaka
mahahinjaka,hinjaka
mihinjaka,hinjaka
mpihinjaka,hinjaka
tafahinjaka,hinjaka
tohinjaka,hinjaka
mihinjakinjaka,hinjakinjaka
ahinjihinjy,hinjihinjy
fihinjihinjiana,hinjihinjy
fihinjihinjy,hinjihinjy
ihinjihinjiana,hinjihinjy
mahahinjihinjy,hinjihinjy
maninjihinjy,hinjihinjy
mihinjihinjy,hinjihinjy
mpihinjihinjy,hinjihinjy
tafahinjihinjy,hinjihinjy
voahinjihinjy,hinjihinjy
ahinjitra,hinjitra
aninjirana,hinjitra
faninjirana,hinjitra
faninjitra,hinjitra
fihinjirana,hinjitra
fihinjitra,hinjitra
hinjirina,hinjitra
hinjitrinjitra,hinjitra
ihinjirana,hinjitra
mahahinjitra,hinjitra
maninjitra,hinjitra
mañinjitra,hinjitra
mihinjitra,hinjitra
mpaninjitra,hinjitra
mpihinjitra,hinjitra
tafahinjitra,hinjitra
voahinjitra,hinjitra
mihinjitrinjitra,hinjitrinjitra
ahinjoke,hinjoke
fihinjoke,hinjoke
mampañinjoke,hinjoke
mihinjoke,hinjoke
pihinjoke,hinjoke
ahintsa,hintsa
mahahintsa,hintsa
mampañintsa,hintsa
mampihintsa,hintsa
mañintsa,hintsa
mifañintsa,hintsa
mihamihintsa,hintsa
mihintsa,hintsa
pifañintsa,hintsa
pihintsa,hintsa
voahintsa,hintsa
ahintsana,hintsana
anintsanana,hintsana
fanintsana,hintsana
fanintsanana,hintsana
fifanintsanana,hintsana
fihintsana,hintsana
fihintsanana,hintsana
hintsankintsana,hintsana
ihintsanana,hintsana
mahahintsana,hintsana
manintsana,hintsana
mihintsana,hintsana
mpanintsana,hintsana
mpihintsana,hintsana
voahintsana,hintsana
hintsingintsina,hintsina
mangintsina,hintsina
fangintsingintsina,hintsingintsina
mangintsingintsina,hintsingintsina
mangintsy,hintsy
ahipoka,hipoka
fihipoka,hipoka
hipohana,hipoka
mihipoka,hipoka
voahipoka,hipoka
ampihira,hira
fihira,hira
mahahira,hira
mampihira,hira
pihira,hira
voahira,hira
fihirana,hira
hirahira,hira
hiraina,hira
ihirana,hira
mihira,hira
mpihira,hira
mihirahira,hirahira
fangirana,hirana
hirangirana,hirana
mangirana,hirana
fangirangirana,hirangirana
hirangiranina,hirangirana
mangirangirana,hirangirana
mampihiratra,hiratra
ahiratana,hiratra
ahiratra,hiratra
fahiratana,hiratra
fahiratra,hiratra
fihiratana,hiratra
fihiratra,hiratra
hiratriratra,hiratra
ihiratana,hiratra
mahahiratra,hiratra
mahiratra,hiratra
mihiratra,hiratra
mpahiratra,hiratra
tafahiratra,hiratra
voahiratra,hiratra
mihiratriratra,hiratriratra
mihiratry,hiratry
mampangirifire,hirifire
mangirifire,hirifire
angirifiriana,hirifiry
fangirifiriana,hirifiry
fangirifiry,hirifiry
mampangirifiry,hirifiry
mangirifiry,hirifiry
ahirihiry,hirihiry
fihirihiriana,hirihiry
fihirihiry,hirihiry
ihirihiriana,hirihiry
mahahirihiry,hirihiry
mihirihiry,hirihiry
mpihirihiry,hirihiry
tafahirihiry,hirihiry
fangirihirihana,hirika
tangirika,hirika
ahirika,hirika
angirihana,hirika
fangirihana,hirika
fangirika,hirika
fihirifana,hirika
hirifana,hirika
hirihana,hirika
mahahirika,hirika
mangirika,hirika
mpangirika,hirika
voahirika,hirika
ahirike,hirike
mahahirike,hirike
mampañirike,hirike
mangirike,hirike
mihirike,hirike
pañirike,hirike
voahirike,hirike
anirina,hirina
ahirina,hirina
anirinana,hirina
fanirina,hirina
fanirinana,hirina
fihirinana,hirina
hiringirina,hirina
hirinkirina,hirina
ihirinana,hirina
mahahirina,hirina
manirina,hirina
mihirina,hirina
mpanirina,hirina
mpihirina,hirina
tafahirina,hirina
voahirina,hirina
ahiringirina,hiringirina
fangiringirihana,hiringirina
fihiringirina,hiringirina
fihiringirinana,hiringirina
ihiringirinana,hiringirina
mampihiringirina,hiringirina
mifampihiringirina,hiringirina
mihiringirina,hiringirina
mpihiringirina,hiringirina
ahirinkirina,hirinkirina
fihirinkirina,hirinkirina
fihirinkirinana,hirinkirina
ihirinkirinana,hirinkirina
mihirinkirina,hirinkirina
mpihirinkirina,hirinkirina
ahiry,hiry
mampihiry,hiry
mihamihiry,hiry
mihiry,hiry
pihiry,hiry
voahiry,hiry
fampisa,hisa
fihisa,hisa
mampisa,hisa
pisa,hisa
fihisarana,hisatra
ihisarana,hisatra
ahisatra,hisatra
anisarana,hisatra
fanisarana,hisatra
fanisatra,hisatra
fihisatra,hisatra
hisatrisatra,hisatra
mahahisatra,hisatra
manisatra,hisatra
mihisatra,hisatra
mpanisatra,hisatra
mpihisatra,hisatra
tafahisatra,hisatra
hisinkisina,hisina
ampahita,hita
fampahita,hita
fifankahita,hita
fihita,hita
mihamahita,hita
pahita,hita
pifankahita,hita
pihita,hita
ahitana,hita
fahita,hita
fahitana,hita
hitahita,hita
ifankahitana,hita
mahita,hita
mampahita,hita
mampifahita,hita
mampifankahita,hita
mifahita,hita
mifankahita,hita
mpahita,hita
angitakitahana,hitakitaka
fangitakitahana,hitakitaka
fangitakitaka,hitakitaka
mampangitakitaka,hitakitaka
mangitakitaka,hitakitaka
mpangitakitaka,hitakitaka
fihitika,hitika
mihitika,hitika
hitikitika,hitika
mpihitika,hitika
fihitikitihana,hitikitika
fihitikitika,hitikitika
ihitikitihana,hitikitika
mihitikitika,hitikitika
mpanitikitika,hitikitika
ahitikitika,hitikitika
fangitikitika,hitikitika
hitikitihina,hitikitika
mahahitikitika,hitikitika
mangitikitika,hitikitika
mpangitikitika,hitikitika
mpanitikikita,hitikitika
voahitikitika,hitikitika
angitikitihana,hitikitika
mampangitikitike,hitikitike
mangitikitike,hitikitike
pangitikitike,hitikitike
hitokitoka,hitoka
mañitokitoka,hitokitoka
tangitrika,hitrika
hitrikitrika,hitrika
mangitrikitrika,hitrikitrika
ahitrikitrika,hitrikitrika
anitrikitrihana,hitrikitrika
fanitrikitrihana,hitrikitrika
fanitrikitrika,hitrikitrika
fihitrikitrihana,hitrikitrika
fihitrikitrika,hitrikitrika
hitrikitrihana,hitrikitrika
hitrikitrihina,hitrikitrika
ihitrikitrihana,hitrikitrika
mahahitaikitrika,hitrikitrika
manitrikitrika,hitrikitrika
mihitrikitrika,hitrikitrika
mpanitrikitrika,hitrikitrika
mpihitrikitrika,hitrikitrika
tafahitrikitrika,hitrikitrika
voahitrikitrika,hitrikitrika
hinitsaka,hitsaka
ifanitsahana,hitsaka
manitsaka,hitsaka
ahitsaka,hitsaka
anitsahana,hitsaka
fanitsahana,hitsaka
fanitsaka,hitsaka
hitsahina,hitsaka
hitsakitsaka,hitsaka
mahahitsaka,hitsaka
mifanitsaka,hitsaka
mpanitsaka,hitsaka
voahitsaka,hitsaka
ahitsake,hitsake
mahahitsake,hitsake
mampañitsake,hitsake
mifañitsake,hitsake
pañitsake,hitsake
pifañitsake,hitsake
voahitsake,hitsake
anitsakitsahana,hitsakitsaka
fanitsakitsahana,hitsakitsaka
manitsakitsaka,hitsakitsaka
voahitsakitsaka,hitsakitsaka
mihitsihitsy,hitsihitsy
ahitsike,hitsike
mahahitsike,hitsike
mampañitsike,hitsike
mampihitsike,hitsike
mifañitsike,hitsike
mihamihitsike,hitsike
pañitsike,hitsike
pifañitsike,hitsike
pihitsike,hitsike
hitsikitsihana,hitsikitsika
manitsiky,hitsiky
mihitsiky,hitsiky
ahitsoka,hitsoka
fihitsohana,hitsoka
fihitsoka,hitsoka
ihitsohana,hitsoka
mampihitsoka,hitsoka
mihitsoka,hitsoka
mpihitsoka,hitsoka
tafahitsoka,hitsoka
voahitsoka,hitsoka
hitsokitsoka,hitsoka
mangitsokitsoka,hitsokitsoka
mihitsokitsoka,hitsokitsoka
fanitsiana,hitsy
mihitsy,hitsy
ahitsy,hitsy
anitsiana,hitsy
fahitsiana,hitsy
fahitsy,hitsy
fanitsy,hitsy
fihitsiana,hitsy
fihitsy,hitsy
hitsihitsy,hitsy
hitsina,hitsy
ihitsiana,hitsy
mahahitsy,hitsy
mahitsy,hitsy
manitsy,hitsy
mifanitsy,hitsy
mpanitsy,hitsy
mpihitsy,hitsy
ahity,hity
mahahity,hity
mahity,hity
mampahity,hity
mihamahity,hity
pañity,hity
voahity,hity
hivingivina,hivina
ahivingivina,hivingivina
fihivingivina,hivingivina
fihivingivinana,hivingivina
ihivingivinana,hivingivina
mahahivingivina,hivingivina
mihivingivina,hivingivina
mpihivingivina,hivingivina
tafahivingivina,hivingivina
voahivingivina,hivingivina
fanivohana,hivoka
fanivoka,hivoka
manivoka,hivoka
mihivokivoka,hivoka
ahivoka,hivoka
ampihivohana,hivoka
fampihivohana,hivoka
fampihivoka,hivoka
fihivohana,hivoka
fihivoka,hivoka
hivohana,hivoka
hivokivoka,hivoka
ihivohana,hivoka
mahahivoka,hivoka
mampihivoka,hivoka
mihivoka,hivoka
mpampihivoka,hivoka
mpihivoka,hivoka
tafahivoka,hivoka
voahivoka,hivoka
mihizihizy,hizihizy
hizinina,hizina
ihizana,hizina
ihizingizinana,hizina
mifanizina,hizina
mihizingizina,hizina
ahizina,hizina
anizinana,hizina
fanizinana,hizina
fihizina,hizina
fihizinana,hizina
hizinana,hizina
hizinkizina,hizina
ihizinana,hizina
mahahizina,hizina
mihizina,hizina
mitanizina,hizina
mpihizina,hizina
tafahizina,hizina
tangizina,hizina
voahizina,hizina
ahizitra,hizitra
hizirina,hizitra
mihizitra,hizitra
mahiziñy,hiziñy
mihoa,hoa
hoakoaka,hoaka
anoahana,hoaka
fanoahana,hoaka
fanoaka,hoaka
fihoaka,hoaka
mangoaka,hoaka
manoaka,hoaka
mihoaka,hoaka
mpanoaka,hoaka
fanoakoaka,hoakoaka
fihoakoahana,hoakoaka
fihoakoaka,hoakoaka
ihoakoahana,hoakoaka
mangoakoaka,hoakoaka
manoakoaka,hoakoaka
mihoakoaka,hoakoaka
mpanoakoaka,hoakoaka
ahoalahoala,hoalahoala
fihoalahoala,hoalahoala
fihoalahoalana,hoalahoala
ihoalahoalana,hoalahoala
mihoalahoala,hoalahoala
tafahoalahoala,hoalahoala
ahoatra,hoatra
anoarana,hoatra
hoarina,hoatra
ihoarana,hoatra
mahahoatra,hoatra
manoatra,hoatra
mihoatra,hoatra
tafahoatra,hoatra
fanoarana,hoatra
fanoatra,hoatra
fihoarana,hoatra
fihoatra,hoatra
mañobaiña,hobaiña
mifanobaiña,hobaiña
hobakobaka,hobaka
mangobaka,hobaka
mangobakobaka,hobakobaka
hobankobana,hobana
ahobankobana,hobankobana
fihobankobana,hobankobana
fihobankobanana,hobankobana
hobankobanina,hobankobana
ihobankobanana,hobankobana
mihobankobana,hobankobana
anobohoboana,hobohobo
hobohoboina,hobohobo
manobohobo,hobohobo
voahobohobo,hobohobo
fihobena,hoby
fihobiana,hoby
fihoby,hoby
hobena,hoby
hobiana,hoby
hobihoby,hoby
hobina,hoby
ihobena,hoby
ihobiana,hoby
mahahoby,hoby
mihoby,hoby
mpihoby,hoby
voahoby,hoby
fihodahoda,hodahoda
fihodahodana,hodahoda
hodahodaina,hodahoda
ihodahodana,hodahoda
mihodahoda,hodahoda
mpihodahoda,hodahoda
ahodidina,hodidina
anodidinana,hodidina
fanodidina,hodidina
fanodidinana,hodidina
fihodidina,hodidina
fihodidinana,hodidina
hodidindidina,hodidina
hodidinina,hodidina
ihodidinana,hodidina
mahahodidina,hodidina
manodidina,hodidina
mihodidina,hodidina
mpanodidina,hodidina
mpihodidina,hodidina
tafahodidina,hodidina
voahodidina,hodidina
ahodidy,hodidy
mahahodidy,hodidy
mampañodidy,hodidy
mañodidy,hodidy
mihodidy,hodidy
pañodidy,hodidy
pihodidy,hodidy
voahodidy,hodidy
ahodina,hodina
anodinana,hodina
fanodina,hodina
fanodinana,hodina
fihodina,hodina
fihodinana,hodina
hodinkodina,hodina
ihodinana,hodina
mahahodina,hodina
mampihodina,hodina
manodina,hodina
mifampihodina,hodina
mihodina,hodina
mpihodina,hodina
sangodina,hodina
tafahodina,hodina
voahodina,hodina
ahodinkodina,hodinkodina
fihodinkodinana,hodinkodina
manodinkodina,hodinkodina
mihodinkodina,hodinkodina
hodirana,hoditra
takoditra,hoditra
anodirana,hoditra
fanodirana,hoditra
fanoditra,hoditra
fihodirana,hoditra
hodirina,hoditra
hoditroditra,hoditra
mahahoditra,hoditra
manoditra,hoditra
mihoditra,hoditra
mpanoditra,hoditra
ahodivitra,hodivitra
anodivirana,hodivitra
fanodivirana,hodivitra
fanodivitra,hodivitra
fihodivirana,hodivitra
fihodivitra,hodivitra
hodividivitra,hodivitra
hodivirana,hodivitra
hodivirina,hodivitra
ihodivirana,hodivitra
mahahodivitra,hodivitra
manodivitra,hodivitra
mihodivitra,hodivitra
mpanodivitra,hodivitra
mpihodivitra,hodivitra
tafahodivitra,hodivitra
voahodivitra,hodivitra
ahodrahodra,hodrahodra
fihodrahodra,hodrahodra
fihodrahodrana,hodrahodra
ihodrahodrana,hodrahodra
mihodrahodra,hodrahodra
voahodrahodra,hodrahodra
fihodrohodro,hodrohodro
fihodrohodroana,hodrohodro
ihodrohodroana,hodrohodro
mihodrohodro,hodrohodro
mpihodrohodro,hodrohodro
makoesa,hoesa
ahofa,hofa
ampañofa,hofa
anofana,hofa
fahofa,hofa
fampañofa,hofa
fanofa,hofa
fanofana,hofa
hinofa,hofa
hofana,hofa
manofa,hofa
mifanofa,hofa
mpampanofa,hofa
mpanofa,hofa
pañofa,hofa
voahofa,hofa
ampanofaina,hofa
mahofa,hofa
mampanofa,hofa
mihofa,hofa
hofahofa,hofa
hofaina,hofa
mahahofa,hofa
manofahofa,hofahofa
mihofahofa,hofahofa
ahofahofa,hofahofa
hofakofaka,hofaka
ahofakofaka,hofakofaka
fanofakofaka,hofakofaka
fihofakofahana,hofakofaka
fihofakofaka,hofakofaka
ihofakofahana,hofakofaka
mihofakofaka,hofakofaka
mpihofakofaka,hofakofaka
anofakofahana,hofakofaka
fanofakofahana,hofakofaka
hofakofahina,hofakofaka
manofakofaka,hofakofaka
miofakofaka,hofakofaka
mpanofakofaka,hofakofaka
tafahofakofaka,hofakofaka
voahofakofaka,hofakofaka
mañofe,hofe
hofokofoka,hofoka
ahofokofoka,hofokofoka
anofokofohana,hofokofoka
fanofokofohana,hofokofoka
fanofokofoka,hofokofoka
fihofokofohana,hofokofoka
fihofokofoka,hofokofoka
hofokofohina,hofokofoka
ihofokofohana,hofokofoka
mahahofokofoka,hofokofoka
manofokofoka,hofokofoka
mihofokofoka,hofokofoka
mpanofokofoka,hofokofoka
mpihofokofoka,hofokofoka
voahofokofoka,hofokofoka
hofasa,hofy
mañofy,hofy
hogahoga,hoga
fihogahoga,hogahoga
fihogahogana,hogahoga
hogahogaina,hogahoga
ihogahogana,hogahoga
mahahogahoga,hogahoga
mihogahoga,hogahoga
mpihogahoga,hogahoga
fanogo,hogo
ahogo,hogo
anogoana,hogo
fanogoana,hogo
fihogo,hogo
fihogoana,hogo
hogohogo,hogo
hogoina,hogo
ihogoana,hogo
mahahogo,hogo
mampihogo,hogo
manogo,hogo
mifampihogo,hogo
mihogo,hogo
mpanogo,hogo
mpihogo,hogo
voahogo,hogo
fihoha,hoha
fihohana,hoha
fihohazana,hoha
hohahoha,hoha
hohaina,hoha
ihohana,hoha
mahahoha,hoha
mihoha,hoha
mpihoha,hoha
voahoha,hoha
mihohahoha,hohahoha
hohoina,hoho
fifanohoka,hohoka
mampihohoka,hohoka
mpifanohoka,hohoka
ahohoka,hohoka
anankohofana,hohoka
ankohofina,hohoka
ankohoka,hohoka
ankohonkohoka,hohoka
anohofana,hohoka
fanankohofana,hohoka
fanankohoka,hohoka
fiankohofana,hohoka
fiankohoka,hohoka
fihohofana,hohoka
fihohoka,hohoka
hohofana,hohoka
hohokohoka,hohoka
iankohofana,hohoka
ihohofana,hohoka
mahahohoka,hohoka
manankohoka,hohoka
manohoka,hohoka
miankohoka,hohoka
mifanohoka,hohoka
mihohoka,hohoka
mpanankohoka,hohoka
mpanohoka,hohoka
mpiankohoka,hohoka
mpihohoka,hohoka
tafahohoka,hohoka
voahohoka,hohoka
ahohoke,hohoke
fahohoke,hohoke
mampañohoke,hohoke
mampihohoke,hohoke
mihohoke,hohoke
pihohoke,hohoke
voahohoke,hohoke
ahohona,hohona
ahohony,hohona
ankohonana,hohona
anohonana,hohona
fihohona,hohona
fihohonana,hohona
hohonina,hohona
hohonkohona,hohona
ihohonana,hohona
mahahohona,hohona
mihohona,hohona
mpanohona,hohona
mpihohona,hohona
voahohona,hohona
ahohy,hohy
anohazana,hohy
fanohazana,hohy
fihohy,hohy
hohazana,hohy
hohihohy,hohy
ihohazana,hohy
mahahohy,hohy
manohy,hohy
mihohy,hohy
mpanohy,hohy
mpihohy,hohy
voahohy,hohy
mihoika,hoika
aholaña,hola
fiholairana,holaitra
fiholaitra,holaitra
iholairana,holaitra
miholaitra,holaitra
mpiholaitra,holaitra
mañolaky,holaky
fiholantrolana,holantrolana
fiholantrolanana,holantrolana
iholantrolanana,holantrolana
miholantrolana,holantrolana
mpiholantrolana,holantrolana
fanolatra,holatra
manolatra,holatra
mahaholatse,holatse
mampañolatse,holatse
mañolatse,holatse
miholeleake,holeleake
tangolika,holika
fangolehana,holika
mampañolitse,holitse
miholitse,holitse
pañolitse,holitse
voaholitse,holitse
mampiholo,holo
miholo,holo
piholo,holo
fangoloka,holoka
holokoloka,holoka
mangoloka,holoka
mangolokoloka,holokoloka
fihololoike,hololoike
mampihololoike,hololoike
mihololoike,hololoike
pihololoike,hololoike
fiholiana,holy
fiholy,holy
holiholy,holy
iholiana,holy
miholy,holy
mpiholy,holy
fihomake,homake
mihomake,homake
homamiadana,homana
fihomaranantsody,homaranantsody
mihomaranantsody,homaranantsody
fihomarantsody,homarantsody
mihomarantsody,homarantsody
ahombo,hombo
anomboana,hombo
fanomboana,hombo
fihombo,hombo
fihomboana,hombo
homboana,hombo
hombohombo,hombo
ihomboana,hombo
mahahombo,hombo
manombo,hombo
mihombo,hombo
mpanombo,hombo
mpihombo,hombo
tafahombo,hombo
voahombo,hombo
mihombona,hombona
mihomehimehy,homehimehy
fihomehy,homehy
homehimehy,homehy
ihomehezana,homehy
mahahomehy,homehy
mampihomehy,homehy
mihomehy,homehy
mpihomehy,homehy
fanomokomohana,homoka
homohina,homoka
homokomoka,homoka
manomoka,homoka
mihomoka,homoka
mampihomoke,homoke
mihomoke,homoke
pihomoke,homoke
fanomokomoka,homokomoka
fihomokomohana,homokomoka
fihomokomoka,homokomoka
homokomohina,homokomoka
ihomokomohana,homokomoka
mahahomokomoka,homokomoka
manomokomoka,homokomoka
mihomokomoka,homokomoka
mpanomokomoka,homokomoka
mpihomokomoka,homokomoka
voahomokomoka,homokomoka
mañomoky,homoky
homosimosy,homosy
honahona,hona
mangonahona,honahona
inonahana,honaka
ahonaka,honaka
anonahana,honaka
fanonahana,honaka
fanonaka,honaka
fihonaka,honaka
honahina,honaka
honakonaka,honaka
manonaka,honaka
mihonaka,honaka
mpanonaka,honaka
mpihonaka,honaka
sahonaka,honaka
tafahonaka,honaka
voahonaka,honaka
fihonahonahana,honakonaka
ihonahonahana,honakonaka
fihonankonana,honankonana
mihonankonana,honankonana
mpihonankonana,honankonana
sahondrahondra,hondrahondra
ahondrahondra,hondrahondra
mihondrahondra,hondrahondra
voahondrahondra,hondrahondra
fihondrahondra,hondrahondra
fihondrahondrana,hondrahondra
ihondrahondrana,hondrahondra
mpihondrahondra,hondrahondra
fihondratana,hondratra
fihondratra,hondratra
hondratrondratra,hondratra
ihondratana,hondratra
mihondratra,hondratra
anondrokondrohana,hondrokondroka
fanondrokondrohana,hondrokondroka
fanondrokondroka,hondrokondroka
fihondrokondroka,hondrokondroka
hondrokondrohana,hondrokondroka
mahahondrokondroka,hondrokondroka
manondrokondroka,hondrokondroka
mihondrokondroka,hondrokondroka
mpihondrokondroka,hondrokondroka
mañondry,hondry
mifañondry,hondry
mihonikonika,honikonika
ahonikonika,honikonika
fihonikonihana,honikonika
fihonikonika,honikonika
fihonokonika,honikonika
ihonikonihana,honikonika
mihonikokika,honikonika
mpihonikonika,honikonika
mpihoninkonina,honikonina
honinkonina,honina
fihoninkonenana,honinkonina
fihoninkonina,honinkonina
ihoninkonenana,honinkonina
mihoninkonina,honinkonina
fanonkona,honkona
ahonkona,honkona
anonkonana,honkona
fanonkonana,honkona
honkonana,honkona
manonkona,honkona
mihonkona,honkona
mpanonkona,honkona
voahonkona,honkona
honohono,hono
honoina,hono
mihono,hono
mañonofy,honofy
honohonoina,honohono
mihonohono,honohono
fihontihontiana,hontihonty
fihontihonty,hontihonty
ihontihontiana,hontihonty
mihontihonty,hontihonty
mpihontihonty,hontihonty
fihontoke,hontoke
mahahontoke,hontoke
mampihontoke,hontoke
mihontoke,hontoke
pihontoke,hontoke
ahontsa,hontsa
fahontsana,hontsa
hontsahontsa,hontsa
hontsaina,hontsa
hontsana,hontsa
mahahontsa,hontsa
manontsa,hontsa
fanontsana,hontsana
hontsankontsana,hontsana
ahontsana,hontsana
anontsanana,hontsana
fanontsanana,hontsana
fihontsana,hontsana
fihontsanana,hontsana
hontsanana,hontsana
ihontsanana,hontsana
manontsana,hontsana
mihontsana,hontsana
mpanontsana,hontsana
mpihontsana,hontsana
voahontsana,hontsana
ahontsankontsana,hontsankontsana
fihontsankontsanana,hontsankontsana
mihontsankontsana,hontsankontsana
fangontsina,hontsina
fangontsinana,hontsina
mangontsina,hontsina
ahontsina,hontsina
anontsinana,hontsina
fanontsina,hontsina
fanontsinana,hontsina
fihontsina,hontsina
fihontsinana,hontsina
hontsinina,hontsina
hontsinkontsina,hontsina
ihontsinana,hontsina
mahahontsina,hontsina
manontsina,hontsina
mihontsina,hontsina
mpanontsina,hontsina
mpihontsina,hontsina
voahontsina,hontsina
mihontsinkontsina,hontsinkontsina
anontsonana,hontsona
fihontsonana,hontsona
ihontsonana,hontsona
manontsona,hontsona
mpihontsona,hontsona
ahontsona,hontsona
fanontsona,hontsona
fanontsonana,hontsona
fihontsona,hontsona
hontsonina,hontsona
ahopaka,hopaka
fihopahana,hopaka
fihopaka,hopaka
hopakopaka,hopaka
ihopahana,hopaka
mahahopaka,hopaka
mihopaka,hopaka
tangopetaka,hopetaka
fangopetaka,hopetaka
mangopetaka,hopetaka
fangoraka,horaka
horahina,horaka
horakoraka,horaka
fihorahana,horaka
fihoraka,horaka
ihorahana,horaka
mahahoraka,horaka
mahoraka,horaka
mihoraka,horaka
mpihoraka,horaka
voahoraka,horaka
angorahana,horaka
mampangoraka,horaka
mangoraka,horaka
mpangoraka,horaka
horakorahina,horakoraka
manorakoraka,horakoraka
mihorakoraka,horakoraka
fangorakorahana,horakoraka
fihorakorahana,horakoraka
mangorakoraka,horakoraka
mangorangorana,horangorana
fangoratsaka,horatsaka
horatsadratsaka,horatsaka
mangoratsaka,horatsaka
fihoriahana,horiaka
horiadriaka,horiaka
ihoriahana,horiaka
mihoriaka,horiaka
fihorehana,horika
fihorika,horika
horehina,horika
horikorika,horika
ihorehana,horika
mahahorika,horika
mihorika,horika
mpihorika,horika
tafahorika,horika
mihorikorika,horikorika
angorintsinana,horintsina
fangorintsina,horintsina
fangorintsinana,horintsina
horintsindrintsina,horintsina
mangorintsina,horintsina
mpangorintsina,horintsina
fihoripihana,horipika
fihoripika,horipika
horipidripika,horipika
ihoripihana,horipika
mihoripika,horipika
mpihoripika,horipika
tafahoripika,horipika
ahorira,horira
mampihorira,horira
mañorira,horira
mihorira,horira
pihorira,horira
voahorira,horira
ahorirana,horirana
anoriranana,horirana
fanorirana,horirana
fanoriranana,horirana
fihorirana,horirana
fihoriranana,horirana
horirandrirana,horirana
horiranina,horirana
ihoriranana,horirana
mahahorirana,horirana
manorirana,horirana
mihorirana,horirana
mpanorirana,horirana
mpihorirana,horirana
tafahorirana,horirana
voahorirana,horirana
fahoro,horo
fihoro,horo
mahahoro,horo
mampihoro,horo
mihamihoro,horo
mihoro,horo
pangoro,horo
pañoro,horo
pihoro,horo
voahoro,horo
mañorobo,horobo
ahorododo,horododo
fihorododo,horododo
mampihorododo,horododo
ampañorohoro,horohoro
mampañorohoro,horohoro
mañorohoro,horohoro
mifañorohoro,horohoro
pañorohoro,horohoro
voahorohoro,horohoro
fihorohoro,horohoro
fihorohoroana,horohoro
ihorohoroana,horohoro
mampihorohoro,horohoro
mangorohoro,horohoro
mihorohoro,horohoro
mpihorohoro,horohoro
fangorona,horona
manorona,horona
ahorona,horona
angoronana,horona
fangoronana,horona
fihorona,horona
fihoronana,horona
horonana,horona
horongorona,horona
ihoronana,horona
mahahorona,horona
mangorona,horona
mihorona,horona
mpangorona,horona
mpihorona,horona
tafahorona,horona
tangorona,horona
voahorona,horona
mangorontsina,horontsina
mangorontsona,horontsona
mifanororoky,hororoky
mihororoky,hororoky
mangorotsoka,horotsoka
mangorovitsika,horovitsika
horadràka,horàka
mangoràka,horàka
mahahosa,hosa
mampañosa,hosa
mifañosa,hosa
pifañosa,hosa
voahosa,hosa
pañosa,hosa
manosihosy,hosihosy
manakosiky,hosiky
ahosina,hosina
fihosinkosina,hosina
hosinana,hosina
mihosina,hosina
tankosina,hosina
voahosina,hosina
anosenana,hosina
fanosenana,hosina
fanosina,hosina
fihosenana,hosina
fihosina,hosina
hosenana,hosina
ihosenana,hosina
kosina,hosina
mahahosina,hosina
mpanosina,hosina
mpihosina,hosina
tafahosina,hosina
hosinkosina,hosina
mihosinkosina,hosinkosina
takositra,hositra
fanosoka,hosoka
hosokosoka,hosoka
pañosoke,hosoke
ankosotra,hosotra
takosotra,hosotra
ahosotra,hosotra
anosorana,hosotra
fanosorana,hosotra
fanosotra,hosotra
fihosorana,hosotra
fihosotra,hosotra
hosorana,hosotra
hosotrosotra,hosotra
ihosorana,hosotra
mahahosotra,hosotra
mampanosotra,hosotra
mampifanosotra,hosotra
manosotra,hosotra
mifanosotra,hosotra
mihosotra,hosotra
mpanosotra,hosotra
mpihosotra,hosotra
voahosotra,hosotra
ahosotse,hosotse
fahosotse,hosotse
kihosotse,hosotse
mahahosotse,hosotse
mampañosotse,hosotse
mampihosotse,hosotse
mañosotse,hosotse
mifampañosotse,hosotse
mifañosotse,hosotse
mihosotse,hosotse
pañosotse,hosotse
pifañosotse,hosotse
pihosotse,hosotse
voahosotse,hosotse
ahosy,hosy
anosena,hosy
fanosena,hosy
fanosy,hosy
fihosena,hosy
fihosy,hosy
hosena,hosy
hosihosy,hosy
ihosena,hosy
mahahosy,hosy
mampihosy,hosy
manosy,hosy
maosy,hosy
mihosy,hosy
mpampihosy,hosy
mpanosy,hosy
mpihosy,hosy
voahosy,hosy
ampihota,hota
fampihota,hota
fihota,hota
fihotana,hota
hotahota,hota
hotaina,hota
ihotana,hota
kihota,hota
mahahota,hota
mampihota,hota
mihota,hota
mpihota,hota
pihota,hota
voahota,hota
manotahota,hotahota
fihotakotahana,hotakotaka
fihotakotaka,hotakotaka
fikotakotaka,hotakotaka
ihotakotahana,hotakotaka
mangotakotaka,hotakotaka
mihotakotaka,hotakotaka
mpihotakotaka,hotakotaka
tafahotahotaka,hotakotaka
hotankotana,hotana
kotana,hotana
mihotana,hotana
hotikotika,hotika
mangotika,hotika
anotikotehana,hotikotika
hotikotehina,hotikotika
mangotikotika,hotikotika
mpanotikotika,hotikotika
voahotikotika,hotikotika
mihotikotiky,hotikotiky
mihotsikotiky,hotikotiky
mihotiky,hotiky
hotoina,hoto
voahoto,hoto
hotohoto,hoto
fihoto,hoto
fihotoana,hoto
ihotoana,hoto
mahahoto,hoto
mihoto,hoto
mpihoto,hoto
fanotohoto,hotohoto
anotohotoana,hotohoto
fanotohotoana,hotohoto
hotohotoina,hotohoto
mahahotohoto,hotohoto
manotohoto,hotohoto
mifanotohoto,hotohoto
mihotohoto,hotohoto
mpanotohoto,hotohoto
ampangotrahina,hotraka
angotrahana,hotraka
fampangotrahana,hotraka
fangotrahana,hotraka
fangotraka,hotraka
hotrakotraka,hotraka
kotraka,hotraka
mangotraka,hotraka
motraka,hotraka
mpangotraka,hotraka
fanotrahana,hotraka
mihotraka,hotraka
mangotrakotraka,hotrakotraka
fihotro,hotro
fihotroana,hotro
ihotroana,hotro
mihotro,hotro
mpihotro,hotro
hotrokotroka,hotroka
mangotrokotroka,hotrokotroka
ahotsaka,hotsaka
fihotsahana,hotsaka
fihotsaka,hotsaka
hotsahana,hotsaka
ihotsahana,hotsaka
mahahotsaka,hotsaka
mihotsaka,hotsaka
voahotsaka,hotsaka
mangotsohotso,hotsohotso
fangotsohana,hotsoka
mangotsoka,hotsoka
angotsohana,hotsoka
fangotsongotsohana,hotsoka
fangotsoke,hotsoke
mampangotsoke,hotsoke
mampañotsoke,hotsoke
mangotsoke,hotsoke
mihotsoke,hotsoke
pangotsoke,hotsoke
pañotsoke,hotsoke
voahotsoke,hotsoke
fangotsokotsohana,hotsokotsoka
fangotsokotsoka,hotsokotsoka
mangotsokotsoka,hotsokotsoka
angovihoviana,hovihovy
fangovihoviana,hovihovy
fangovihovy,hovihovy
mangovihovy,hovihovy
mihovihovy,hovihovy
mangovingovitra,hovingovitra
hovitrovitra,hovitra
angovitana,hovitra
fangovitana,hovitra
fangovitra,hovitra
fihovitra,hovitra
hovingovitra,hovitra
mangovitra,hovitra
mihovitra,hovitra
mpangovitra,hovitra
ahovitrovitra,hovitrovitra
fihovitrovitra,hovitrovitra
mihovitrovitra,hovitrovitra
hovotrovotra,hovotra
anovotrovotana,hovotrovotra
fanovotrovotana,hovotrovotra
fanovotrovotra,hovotrovotra
fihovotrovotana,hovotrovotra
fihovotrovotra,hovotrovotra
hovotrovotina,hovotrovotra
ihovotrovotana,hovotrovotra
mahahovotrovotra,hovotrovotra
manovotrovotra,hovotrovotra
mihovotrovotra,hovotrovotra
mpanovotrovotra,hovotrovotra
mpihovotrovotra,hovotrovotra
tafahovotrovotra,hovotrovotra
voahovotrovotra,hovotrovotra
mihoy,hoy
mihozana,hozana
fihozangozana,hozangozana
fihozangozanana,hozangozana
mihozangozana,hozangozana
hozatina,hozatra
hozatrozatra,hozatra
mahozatra,hozatra
manozatra,hozatra
mihozatra,hozatra
fihozo,hozo
kihozo,hozo
mampañozo,hozo
mañozo,hozo
mifañozo,hozo
mihozo,hozo
pañozo,hozo
pifañozo,hozo
pihozo,hozo
voahozo,hozo
angozohozoana,hozohozo
fangozohozo,hozohozo
fangozohozoana,hozohozo
fihozohozo,hozohozo
fihozohozoana,hozohozo
ihozohozoana,hozohozo
mangozohozo,hozohozo
mihozohozo,hozohozo
mpangozohozo,hozohozo
mpihozohozo,hozohozo
hozongozona,hozona
ahozongozona,hozongozona
anozongozonana,hozongozona
fanozongozona,hozongozona
fanozongozonana,hozongozona
fihozongozona,hozongozona
fihozongozonana,hozongozona
hozongozonina,hozongozona
ihozongozonana,hozongozona
mahahozongozona,hozongozona
manozongozona,hozongozona
mihozongozona,hozongozona
mpanozongozona,hozongozona
mpihozongozona,hozongozona
voahozongozona,hozongozona
mampihy,hy
mihy,hy
pihy,hy
fialahilahy,ialahilahy
ialahilahiana,ialahilahy
mialahilahy,ialahilahy
mpialahilahy,ialahilahy
mahaialahy,ialahy
ialahilahy,ialahy
mampialahy,ialahy
mialehilahy,ialahy
mifampialahy,ialahy
iangavavy,iangy
miiba,iba
ampidinina,idina
idinidina,idina
tangidingidina,idina
voampidina,idina
aidina,idina
ampidina,idina
anidinana,idina
fanidina,idina
fanidinana,idina
fidinana,idina
idinana,idina
mahidina,idina
mampidina,idina
manidina,idina
midina,idina
mpanidina,idina
mpidina,idina
tafidina,idina
voaidina,idina
fiditra,iditra
fifampiditra,iditra
mampiditra,iditra
mifampiditra,iditra
mpiditra,iditra
mpifampiditra,iditra
aiditra,iditra
ampidirana,iditra
ampidirina,iditra
ampifampidirina,iditra
anidirana,iditra
fampidirana,iditra
fidirana,iditra
idirana,iditra
iditriditra,iditra
maniditra,iditra
mpampiditra,iditra
tafiditra,iditra
voaiditra,iditra
fiditridirana,iditriditra
ifary,ifatry
aifikifike,ifikifike
faifikifike,ifikifike
mampañifikifike,ifikifike
mañifikifike,ifikifike
pañifikifike,ifikifike
voaifikifike,ifikifike
mampaifitse,ifitse
mihamaifitse,ifitse
faike,ike
mampaike,ike
mihamaike,ike
anikorana,ikotra
ikorina,ikotra
manikotra,ikotra
ailany,ila
ampila,ila
atanila,ila
fampila,ila
hila,ila
ifanilanana,ila
mampila,ila
mifampila,ila
pilana,ila
takila,ila
tanila,ila
aila,ila
anila,ila
anilana,ila
anilany,ila
ankilany,ila
fanila,ila
ilaina,ila
itanilàna,ila
manila,ila
mifanila,ila
mpanila,ila
tolila,ila
voaila,ila
fila,ila
filana,ila
ilaila,ila
ilana,ila
mila,ila
mpila,ila
milaila,ilaila
milambaha,ilambaha
manilana,ilana
anilikilihana,ilika
ailika,ilika
anilihana,ilika
fanilihana,ilika
fanilika,ilika
filihana,ilika
filika,ilika
ilihana,ilika
ilikilika,ilika
mahilika,ilika
mampanilika,ilika
mampifanilika,ilika
manilika,ilika
mifanilika,ilika
miilika,ilika
milika,ilika
mpanilika,ilika
mpilika,ilika
tafailika,ilika
voailika,ilika
ailikilika,ilikilika
manilikilika,ilikilika
ailitse,ilitse
fifampilitse,ilitse
mahatafilitse,ilitse
mampañilitse,ilitse
mampilitse,ilitse
mañilitse,ilitse
mifampilitse,ilitse
mihamilitse,ilitse
militse,ilitse
pañilitse,ilitse
tafilitse,ilitse
voailitse,ilitse
ilovina,ilo
ilovy,ilo
mahailo,ilo
mampañilo,ilo
mifañilo,ilo
pañilo,ilo
pifañilo,ilo
voailo,ilo
aily,ily
mahaily,ily
mifampañily,ily
mifañily,ily
miily,ily
pifañily,ily
voaily,ily
fanimbalony,imbalo
manimbalo,imbalo
mampañimbo,imbo
mifañimbo,imbo
mihamaimbo,imbo
pañimbo,imbo
pifañimbo,imbo
voaimbo,imbo
imboina,imbo
maimbo,imbo
manimbo,imbo
imbonana,imbona
mimbona,imbona
fanimpiriny,impiry
fanimpitony,impito
manimpito,impito
fanimpolony,impolo
manimpolo,impolo
fampañina,ina
fifañina,ina
mampañina,ina
pifañina,ina
aninana,ina
inaina,ina
voaina,ina
aninanana,inana
faninana,inana
faninanana,inana
fifaninana,inana
fifaninanana,inana
inanina,inana
mahafaninana,inana
maninana,inana
mifaninana,inana
mpaninana,inana
mpifaninana,inana
voainana,inana
indaozina,indao
anindaosana,indao
fanindao,indao
fanindaosana,indao
indaosina,indao
mahanindao,indao
manindao,indao
mpanindao,indao
indesy,inday
finday,inday
minday,inday
fanindiminy,indimy
manindimy,indimy
mifanindrana,indra
anindra,indra
indraindraotra,indraikindrainky
ampindramina,indrana
fampindramana,indrana
fampindrana,indrana
findrana,indrana
manindrana,indrana
mifampindrana,indrana
mpampindrana,indrana
mpindrana,indrana
voaindrana,indrana
ampindramana,indrana
findramana,indrana
indramana,indrana
indramina,indrana
mampindrana,indrana
mindrana,indrana
tanindrana,indrana
indraindray,indray
anindroasana,indroa
anindroazana,indroa
fanindraosana,indroa
fanindraozana,indroa
fanindroany,indroa
fanindroasana,indroa
fanindroazana,indroa
indraosina,indroa
indraozina,indroa
indroasina,indroa
indroazina,indroa
manindroa,indroa
mpanindroa,indroa
mandroiroy,indroy
indreny,indry
indreto,indry
faninefany,inefatra
maninefatra,inefatra
fanineniny,inenina
maninenina,inenina
mininginingina,inginingina
mingitra,ingitra
mampinja,inja
mifampinja,inja
minja,inja
pifampinja,inja
pinja,inja
mampinje,inje
minje,inje
pinje,inje
fino,ino
inoana,ino
mampañino,ino
mañino,ino
mifampino,ino
mino,ino
pifañino,ino
pino,ino
finoana,ino
inoino,ino
mahaino,ino
mampino,ino
mpino,ino
minomino,inoino
finomana,inona
mahainona,inona
mifampinona,inona
fampinomana,inona
finona,inona
inomana,inona
mampinona,inona
minona,inona
mpinona,inona
aninona,inona
inoninona,inona
mampaninona,inona
maninona,inona
mifaninona,inona
ninoninona,inona
mahamainte,inte
mainte,inte
mihamainte,inte
fanintelony,intelo
manintelo,intelo
fanintsiviny,intsivy
manintsivy,intsivy
mainty,inty
sainty,inty
ireny,iny
izany,iny
ireo,io
izao,io
izaretony,io
iràna,ira
aniràna,ira
fanira,ira
fanirana,ira
mahira,ira
manira,ira
mifanira,ira
mpanira,ira
voaira,ira
fahiraika,iraika
indraikandraika,iraika
anirahana,iraka
fanirahana,iraka
faniraka,iraka
irahina,iraka
irakiraka,iraka
maniraka,iraka
mpaniraka,iraka
voairaka,iraka
mahairake,irake
mampañirake,irake
mañirake,irake
mifañirake,irake
pañirake,irake
pifañirake,irake
voairake,irake
fanirakiraka,irakiraka
ampiraisina,iray
iraika,iray
mampiray,iray
anankiray,iray
firaisana,iray
firay,iray
irairay,iray
iraisana,iray
mahairay,iray
miray,iray
mpiray,iray
tsirairay,iray
indreo,ireo
irerokatra,ireroa
manirery,irery
airitra,iritra
aniritana,iritra
aniritra,iritra
faniritana,iritra
faniritra,iritra
iritriritra,iritra
mahairitra,iritra
maniritra,iritra
miritra,iritra
mpaniritra,iritra
voairitra,iritra
ireroa,iroa
irerony,iroa
irokatra,iroa
irony,iroa
izarerokatra,iroa
izarerony,iroa
izaroa,iroa
izarokatra,iroa
izarony,iroa
akairoana,iroana
airotra,irotra
anirotana,irotra
fanirotana,irotra
fanirotra,irotra
irotrirotra,irotra
mahairotra,irotra
manirotra,irotra
mpanirotra,irotra
voairotra,irotra
mampañiry,iry
mifañiry,iry
nirina,iry
pañiry,iry
pifañiry,iry
aniriana,iry
faniriana,iry
faniry,iry
irina,iry
iriniry,iry
mahairy,iry
maniry,iry
voairy,iry
irerikatra,iry
irerikitra,iry
irerỳ,iry
irikatra,iry
irikitra,iry
izarerikatra,iry
izarerikitra,iry
izarikatra,iry
izarikitra,iry
izarỳ,iry
fisa,isa
misa,isa
mpisa,isa
anisana,isa
fanisa,isa
fanisana,isa
fiisa,isa
fisana,isa
isaina,isa
isaisa,isa
isana,isa
isany,isa
mahisa,isa
manisa,isa
mifanisa,isa
miisa,isa
mpanisa,isa
mpiisa,isa
tanisa,isa
voaisa,isa
manisaisa,isaisa
aisake,isake
mahaisake,isake
mampañisake,isake
mifampañisake,isake
mifañisake,isake
miisake,isake
pañisake,isake
piisake,isake
voaisake,isake
miisalahy,isalahy
misalahy,isalahy
fisese,ise
fiseseavana,ise
iseseavana,ise
mahaise,ise
mampise,ise
mifampise,ise
misese,ise
mpisese,ise
aisina,isina
anisinana,isina
fanisina,isina
fanisinana,isina
isinisina,isina
mahisina,isina
manisina,isina
mpanisina,isina
voaisina,isina
fisirana,isitra
fisitra,isitra
mahaisitra,isitra
mampanisitra,isitra
mampifanisitra,isitra
mampisitra,isitra
mifampisitra,isitra
mifanisitra,isitra
misitra,isitra
mpisitra,isitra
tafaisitra,isitra
anisirana,isitra
fanisirana,isitra
fanisitra,isitra
mahisitra,isitra
manisitra,isitra
mpanisitra,isitra
mañiso,iso
ampisiana,isy
fanisy,isy
fisia,isy
hisy,isy
mahaisy,isy
mifañisy,isy
pañisy,isy
pisy,isy
aisy,isy
anisiana,isy
asiana,isy
faisy,isy
fanisiana,isy
fasiana,isy
fisiana,isy
fisiavana,isy
isiana,isy
mahisy,isy
mampifanisy,isy
mampisy,isy
manisy,isy
misy,isy
mpanisy,isy
mpisy,isy
voaisy,isy
fiita,ita
itana,ita
mpampita,ita
aita,ita
ampitaina,ita
fampita,ita
fita,ita
fitana,ita
ifampitana,ita
itaita,ita
mahaita,ita
mampita,ita
miampita,ita
mita,ita
mpita,ita
tafita,ita
voaita,ita
voampita,ita
aitatra,itatra
anitarana,itatra
fanitarana,itatra
fanitatra,itatra
fitarana,itatra
itarana,itatra
itarina,itatra
itatritatra,itatra
mahitatra,itatra
mampanitatra,itatra
mampifanitatra,itatra
manitatra,itatra
mifanitatra,itatra
miitatra,itatra
mitatra,itatra
mpanitatra,itatra
mpitatra,itatra
tafaitatra,itatra
voaitatra,itatra
itenatena,itena
mahaito,ito
mampaito,ito
mampañito,ito
mifañito,ito
mihamaito,ito
pañito,ito
pifampañito,ito
pifañito,ito
anitoana,ito
fanito,ito
fanitoana,ito
itoito,ito
itosana,ito
mahito,ito
maito,ito
manito,ito
mpanito,ito
otosana,ito
voaito,ito
ireto,ito
izato,ito
izatony,itony
amitsia,itsia
maitso,itso
izatsony,itsony
iretsikitra,itsy
iretsony,itsy
iretsy,itsy
itsikitra,itsy
itsony,itsy
izaretsikitra,itsy
izaretsony,itsy
izatsy,itsy
itikatra,ity
itikitra,ity
izaretikitra,ity
izatỳ,ity
aiva,iva
anivana,iva
fahivana,iva
faniva,iva
fiiva,iva
fiivana,iva
fivana,iva
hahivana,iva
ivaina,iva
ivaiva,iva
ivana,iva
mahiva,iva
mampaiva,iva
manivaiva,iva
mañamaiva,iva
mihamaiva,iva
miiva,iva
miva,iva
mpaniva,iva
mpanivaiva,iva
voaiva,iva
mampifaniva,iva
maniva,iva
mifaniva,iva
anivaivana,ivaiva
fanivaiva,ivaiva
fanivaivana,ivaiva
ivakivaka,ivaka
mahaivaka,ivaka
mampanivaka,ivaka
mampifanivaka,ivaka
manivaka,ivaka
mifanivaka,ivaka
voaivaka,ivaka
aivakivaka,ivakivaka
anivakivahana,ivakivaka
fanivakivahana,ivakivaka
fanivakivaka,ivakivaka
ivakivahina,ivakivaka
mahaivakivaka,ivakivaka
manivakivaka,ivakivaka
mpanivakivaka,ivakivaka
voaivakivaka,ivakivaka
aiviviana,ivivy
faiviviana,ivivy
maivivy,ivivy
mivivy,ivivy
fanivoana,ivo
mpanivo,ivo
anivo,ivo
anivoanana,ivo
anivony,ivo
fanivoanana,ivo
manivo,ivo
manivoana,ivo
mpanivoana,ivo
anivohoana,ivoho
fanivoho,ivoho
fanivohoana,ivoho
manivoho,ivoho
mpanivoho,ivoho
faivivy,ivy
ivivy,ivy
mpaivivy,ivy
izahozaho,izaho
mizaho,izaho
fizahozaho,izahozaho
fizahozahoana,izahozaho
izahozahoana,izahozaho
mizahozaho,izahozaho
mpizahozaho,izahozaho
takizina,izina
aizina,izina
fanizina,izina
izinina,izina
mahizina,izina
manizina,izina
mpanizina,izina
maiziñy,iziñy
jabaina,jaba
jabajaba,jaba
fijabajaba,jabajaba
fijabajabana,jabajaba
ijabajabana,jabajaba
mahajabajaba,jabajaba
mijabajaba,jabajaba
mpijabajaba,jabajaba
mijabaka,jabaka
mijabely,jabely
mpijabely,jabely
ampijabo,jabo
mahajabo,jabo
mampijabo,jabo
pijabo,jabo
mijabo,jabo
fijadina,jadina
fijadinana,jadina
ijadinana,jadina
jadinjadina,jadina
mahajadina,jadina
mampijadina,jadina
mifampijadina,jadina
mijadina,jadina
mpijadina,jadina
ajadona,jadona
ajadony,jadona
anajadonana,jadona
anjadonana,jadona
fanajadona,jadona
fanajadonana,jadona
fanjadona,jadona
fanjadonana,jadona
fijadona,jadona
fijadonana,jadona
ijadonana,jadona
jadonana,jadona
jadonjadona,jadona
jinadona,jadona
mahajadona,jadona
mampanajadona,jadona
mampifanajadona,jadona
manajadona,jadona
manjadona,jadona
mifampijadona,jadona
mifanajadona,jadona
mijadona,jadona
mpanajadona,jadona
mpanjadona,jadona
mpijadona,jadona
tafajadona,jadona
voajadona,jadona
jaradona,jadona
jafajafa,jafa
mampijafa,jafa
mifampijafa,jafa
ajafajafa,jafajafa
fijafajafa,jafajafa
fijafajafana,jafajafa
ijafajafana,jafajafa
mahajafajafa,jafajafa
mampijafajafa,jafajafa
mifampijafajafa,jafajafa
mijafajafa,jafajafa
mpijafajafa,jafajafa
fijahidiana,jahidy
fijahidy,jahidy
ijahidiana,jahidy
jahidihidy,jahidy
mahajahidy,jahidy
mampijahidy,jahidy
mifampijahidy,jahidy
mijahidy,jahidy
mpijahidy,jahidy
fijaijaiana,jaijay
fijaijajana,jaijay
fijaijay,jaijay
ijaijaiana,jaijay
mahajaijay,jaijay
mijaijay,jaijay
mpijaijay,jaijay
fijaiko,jaiko
fijaikoana,jaiko
ijaikoana,jaiko
jaikoina,jaiko
jaikojaiko,jaiko
mahajaiko,jaiko
mampijaiko,jaiko
mifampijaiko,jaiko
mijaiko,jaiko
mpijaiko,jaiko
voajaiko,jaiko
mijaikojaiko,jaikojaiko
fijaingijaingena,jaingijaingy
fijaingijaingy,jaingijaingy
mijaingijaingy,jaingijaingy
fijaingena,jaingy
fijaingy,jaingy
ijaingena,jaingy
jaingijaingy,jaingy
mahajaingy,jaingy
mijaingy,jaingy
mpijaingy,jaingy
jajajaja,jaja
ajajajaja,jajajaja
fijajajaja,jajajaja
fijajajajana,jajajaja
ijajajajana,jajajaja
mahajajajaja,jajajaja
mijajajaja,jajajaja
mpijajajaja,jajajaja
mijajaka,jajaka
ajajirika,jajirika
anajajirihana,jajirika
fanajajirihana,jajirika
fanajajirika,jajirika
fijajirihana,jajirika
fijajirika,jajirika
ijajirihana,jajirika
jajirijirika,jajirika
mahajajirika,jajirika
manajajirika,jajirika
mijajirika,jajirika
mpanajajirika,jajirika
mpijajirika,jajirika
tafajajirika,jajirika
voajajirika,jajirika
ajaka,jaka
anjakana,jaka
fanjaka,jaka
fanjakana,jaka
fijaka,jaka
fijakana,jaka
ijakana,jaka
jakajaka,jaka
jakana,jaka
mahajaka,jaka
mampanjaka,jaka
mampifanjaka,jaka
mampijaka,jaka
manjaka,jaka
mifampijaka,jaka
mijaka,jaka
mpijaka,jaka
mijakajakake,jakake
jakojako,jako
fijakojako,jakojako
fijakojakoana,jakojako
ijakojakoana,jakojako
mijakojako,jakojako
fijakoko,jakoko
fijakokoana,jakoko
ijakokoana,jakoko
jakokokoko,jakoko
mahajakoko,jakoko
mijakoko,jakoko
mpijakoko,jakoko
fijakoretana,jakoretra
fijakoretra,jakoretra
ijakoretana,jakoretra
jakoredretra,jakoretra
mahajakoretra,jakoretra
mijakoretra,jakoretra
mpijakoretra,jakoretra
fijalajala,jalajala
fijalajalana,jalajala
ijalajalana,jalajala
mijalajala,jalajala
mampijale,jale
mihamijale,jale
mijale,jale
pijale,jale
fijalijaliana,jalijaly
ajaly,jaly
ampijaliana,jaly
ampijalina,jaly
fampijaliana,jaly
fijaliana,jaly
fijaly,jaly
ijaliana,jaly
jalijaly,jaly
mahajaly,jaly
mampijaly,jaly
mijaly,jaly
mpampijaly,jaly
mpijaly,jaly
manjamala,jamala
ajamba,jamba
anajambana,jamba
fahajamba,jamba
fahajambana,jamba
fanajamba,jamba
fanajambana,jamba
fanjambana,jamba
hajamba,jamba
hajambaina,jamba
hajambana,jamba
jambaina,jamba
jambajamba,jamba
jambena,jamba
mahajamba,jamba
manajamba,jamba
mpanajamba,jamba
voajamba,jamba
anajambenana,jambena
fahajambena,jambena
fanjambena,jambena
jambembena,jambena
jambenana,jambena
mahajambena,jambena
manajambena,jambena
manjambena,jambena
mpanjambena,jambena
fijamòka,jamoka
jamomòka,jamoka
mahajamòka,jamoka
mijamòka,jamoka
mpijamoka,jamoka
ajananaika,jananaika
fijananaika,jananaika
mahajananaika,jananaika
mijananaika,jananaika
mpijananaika,jananaika
tafajananaika,jananaika
ajananaka,jananaka
fijananaka,jananaka
mahajananaka,jananaka
mijananaka,jananaka
mpijananaka,jananaka
tafajananaka,jananaka
hajanga,janga
mankajanga,janga
mihajanga,janga
jangajanga,janga
mijanga,janga
mpijanga,janga
mijangaholo,jangaholo
fijangajanga,jangajanga
fijangajangana,jangajanga
ijangajangana,jangajanga
mijangajanga,jangajanga
mpijangajanga,jangajanga
hajangobo,jangobo
mahajangobo,jangobo
hajangiana,jangy
mpijangy,jangy
ajanjana,janjana
anjanjanana,janjana
fanjanjana,janjana
fanjanjanana,janjana
janjanana,janjana
janjanjanjana,janjana
jinanjana,janjana
mahajanjana,janjana
majanjana,janjana
mampanjanjana,janjana
mampifanjanjana,janjana
manjanjana,janjana
mifanjanjana,janjana
mpanjanjana,janjana
voajanjana,janjana
fijanje,janje
ajano,jano
fajano,jano
mahajano,jano
mampijano,jano
mañajano,jano
mifampijano,jano
mijano,jano
pijano,jano
voajano,jano
ajanona,janona
ampijanonana,janona
ampijanonina,janona
anajanonana,janona
anjanonana,janona
fanajanona,janona
fanajanonana,janona
fanjanona,janona
fanjanonana,janona
fijanona,janona
fijanonana,janona
ijanonana,janona
janonjanona,janona
mahajanona,janona
mampijanona,janona
manajanona,janona
manjanona,janona
mijanona,janona
mpanajanona,janona
mpanjanona,janona
mpijanona,janona
tafajanona,janona
voajanona,janona
mijanonjanona,janonjanona
janina,jany
mijao,jao
fijapiana,japy
fijapy,japy
ijapiana,japy
japina,japy
mijapy,japy
mpijapy,japy
voajapy,japy
ajaradona,jaradona
anajaradonana,jaradona
fanajaradona,jaradona
fanajaradonana,jaradona
fijaradona,jaradona
fijaradonana,jaradona
ijaradonana,jaradona
jaradondradona,jaradona
mahajaradona,jaradona
manajaradona,jaradona
mijaradona,jaradona
mpanajaradona,jaradona
mpijaradona,jaradona
tafajaradona,jaradona
ajaridina,jaridina
anajaridinana,jaridina
fanajaridina,jaridina
fanajaridinana,jaridina
fijaridina,jaridina
fijaridinana,jaridina
ijaridinana,jaridina
jaridindridina,jaridina
mahajaridina,jaridina
manajaridina,jaridina
mijaridina,jaridina
mpijaridina,jaridina
tafajaridina,jaridina
voajaridina,jaridina
ajarika,jarika
anajarihana,jarika
fanajarihana,jarika
fanajarika,jarika
fijarihana,jarika
fijarika,jarika
ijarihana,jarika
jarijarika,jarika
mahajarika,jarika
manajarika,jarika
mijarika,jarika
mpanajarika,jarika
mpijarika,jarika
tafajarika,jarika
voajarika,jarika
ajaroboka,jaroboka
anajarobohana,jaroboka
fanajarobohana,jaroboka
fanajaroboka,jaroboka
fijarobohana,jaroboka
fijaroboka,jaroboka
ijarobohana,jaroboka
jarobodroboka,jaroboka
mahajaroboka,jaroboka
manajaroboka,jaroboka
mijaroboka,jaroboka
mpanajaroboka,jaroboka
mpijaroboka,jaroboka
tafajaroboka,jaroboka
voajaroboka,jaroboka
fanjava,java
hajava,java
jaijay,jay
mahajebe,jebe
fanjebijeby,jebijeby
manjebijeby,jebijeby
jebena,jeby
ajedaka,jedaka
anajedahana,jedaka
fanajedahana,jedaka
fanajedaka,jedaka
manajedaka,jedaka
mpanajedaka,jedaka
ajedana,jedana
anjedanana,jedana
fanajedana,jedana
fanjedana,jedana
fanjedanana,jedana
jedanjedana,jedana
mahajedana,jedana
manajedana,jedana
manjedana,jedana
voajedana,jedana
jefajefa,jefa
fijefijefena,jefijefy
fijefijefy,jefijefy
ijefijefena,jefijefy
mahajefijefy,jefijefy
mijefijefy,jefijefy
mpijefijefy,jefijefy
tafajefijefy,jefijefy
jefijefy,jefy
jehojeho,jeho
mijeho,jeho
ajehojeho,jehojeho
fijehojeho,jehojeho
fijehojehoana,jehojeho
hajehojeho,jehojeho
hajehojehoko,jehojeho
hajehojehonao,jehojeho
hajehojehonareo,jehojeho
hajehojehonay,jehojeho
hajehojehontsika,jehojeho
hajehojehony,jehojeho
ijehojehoana,jehojeho
mahajehojeho,jehojeho
mijehojeho,jehojeho
mpijehojeho,jehojeho
najehojeho,jehojeho
najehojehoko,jehojeho
najehojehonao,jehojeho
najehojehonareo,jehojeho
najehojehonay,jehojeho
najehojehontsika,jehojeho
najehojehony,jehojeho
tafajehojeho,jehojeho
jejajeja,jeja
jejana,jeja
ajejajeja,jejajeja
fijejajeja,jejajeja
fijejajejana,jejajeja
ijejajejana,jejajeja
jejajejaina,jejajeja
mahajejajeja,jejajeja
mijejajeja,jejajeja
mpijejajeja,jejajeja
fijejaka,jejaka
mijejaka,jejaka
fijejijejy,jejijejy
mijejijejy,jejijejy
fahajejo,jejo
fahajejoana,jejo
hajejo,jejo
hajejoana,jejo
jejojejo,jejo
fijejojejo,jejojejo
fijejojejoana,jejojejo
ijejojejoana,jejojejo
mahajejojejo,jejojejo
mijejojejo,jejojejo
mpijejojejo,jejojejo
jejijejy,jejy
manjeky,jeky
mijeky,jeky
manjelanjelatra,jelajelatra
mpanjelaka,jelaka
anjelarana,jelatra
fanjelarana,jelatra
fanjelatra,jelatra
jelajelatra,jelatra
manjelatra,jelatra
mpanjelatra,jelatra
mahajembijemby,jembijemby
fanjembinjemby,jembijemby
manjembijemby,jembijemby
mpanjembijemby,jembijemby
jembena,jemby
jembijemby,jemby
mahajemby,jemby
mahajenitra,jenitra
mahajenje,jenje
anjenjenana,jenjina
fahajenjenana,jenjina
fahajenjina,jenjina
fanjenjenana,jenjina
fanjenjina,jenjina
hajenjina,jenjina
jenjenana,jenjina
jenjinjenjina,jenjina
mahajenjina,jenjina
manjenjina,jenjina
mpanjenjina,jenjina
voajenjina,jenjina
fijere,jere
mahajere,jere
mampijere,jere
mifampijere,jere
jerijerena,jerijery
jerijery,jery
ajery,jery
fijerena,jery
fijery,jery
ijerena,jery
jerena,jery
jinery,jery
mahajery,jery
mampijery,jery
mifampijery,jery
mijery,jery
mpijery,jery
voajery,jery
jeta,jeter
mampijetsy,jetsy
mijeñoky,jeñoky
mahajia,jia
mahajiake,jiake
mampijiatse,jiake
voajiake,jiake
manjiatse,jiatse
ajidina,jidina
fijidinana,jidina
ijidinana,jidina
mijidina,jidina
fijifajifa,jifa
fijifajifana,jifa
mpijifajifa,jifa
ajifa,jifa
anjifàna,jifa
fanjifa,jifa
fanjifana,jifa
jifaina,jifa
jifajifa,jifa
jinifa,jifa
mahajifa,jifa
majifa,jifa
manjifa,jifa
mpanjifa,jifa
voajifa,jifa
ijifajifana,jifajifa
mahajifajifa,jifajifa
mijifajifa,jifajifa
fijihijihiana,jihijihy
fijihijihy,jihijihy
ijihijihiana,jihijihy
mijihijihy,jihijihy
mpijihijihy,jihijihy
fijihina,jihina
fijihinana,jihina
ijihinana,jihina
mijihina,jihina
mijihinjihina,jihinjihina
jihijihy,jihy
majihy,jihy
fijijijijiana,jijijijy
fijijijijy,jijijijy
hajijijijia,jijijijy
ijijijijiana,jijijijy
mahajijijijy,jijijijy
mijijijijy,jijijijy
mpijijijijy,jijijijy
fijijy,jijy
ijijiana,jijy
mifampijijy,jijy
mijijy,jijy
mpijijy,jijy
voajijy,jijy
fijijiana,jijy
jijina,jijy
mahajijy,jijy
hajike,jike
mahajike,jike
manjike,jike
mihajike,jike
jilajila,jila
fijilajila,jilajila
fijilajilana,jilajila
mijilajila,jilajila
ijilajilana,jilajila
mahajilajila,jilajila
mpijilajila,jilajila
anjilarana,jilatra
fanjilarana,jilatra
fanjilatra,jilatra
jilajilatra,jilatra
jilarina,jilatra
manjilatra,jilatra
jilojilo,jilo
mampijilo,jilo
pijilo,jilo
ajilojilo,jilojilo
fijilojilo,jilojilo
fijilojiloana,jilojilo
mahajilojilo,jilojilo
voajilojilo,jilojilo
jingina,jingy
fijinijiniana,jinijiny
fijinijiny,jinijiny
ijinijiniana,jinijiny
jinijinina,jinijiny
mahajinijiny,jinijiny
mijinijiny,jinijiny
mpijinijiny,jinijiny
majinika,jinika
ajininika,jininika
fijininihana,jininika
fijininika,jininika
ijininihana,jininika
jininihina,jininika
mijininìka,jininika
tafajininika,jininika
voajininika,jininika
ajinja,jinja
fijinja,jinja
fijinjana,jinja
ijinjana,jinja
jininja,jinja
jinjaina,jinja
jinjana,jinja
mahajinja,jinja
mifanjinja,jinja
mijinja,jinja
mpijinja,jinja
voajinja,jinja
jinijiny,jiny
jinina,jiny
jiojio,jio
jiniotse,jiotse
fijirajira,jirajira
mijirajira,jirajira
ajirika,jirika
fijirihana,jirika
fijirika,jirika
ijirihana,jirika
jirihina,jirika
mahajirika,jirika
mijirika,jirika
mpijirika,jirika
voajirika,jirika
fijoaka,joaka
joajoaka,joaka
mijoaka,joaka
joalajoala,joala
fijoalajoalana,joalajoala
ijoalajoalana,joalajoala
mijoalajoala,joalajoala
ajobo,jobo
mampañajobo,jobo
pañajobo,jobo
pijobo,jobo
voajobo,jobo
anajoboana,jobo
fanajobo,jobo
fanajoboana,jobo
joboina,jobo
manajobo,jobo
mpanajobo,jobo
fijobona,jobona
fijobonana,jobona
ijobonana,jobona
jobonina,jobona
mahajobona,jobona
mijobona,jobona
mpijobona,jobona
voajobona,jobona
ajofo,jofo
anjofoana,jofo
fanjofo,jofo
fanjofoana,jofo
fijofo,jofo
fijofoana,jofo
ijofoana,jofo
jofoana,jofo
jofoina,jofo
jofojofo,jofo
mahajofo,jofo
mampijofo,jofo
manjofo,jofo
mifampijofo,jofo
mifanjofo,jofo
mijofo,jofo
mpanjofo,jofo
mpijofo,jofo
tafajofo,jofo
voajofo,jofo
manajohary,johary
fijohijohiana,johijohy
fijohijohy,johijohy
ijohijohiana,johijohy
mijohijohy,johijohy
fijohy,johy
johijohy,johy
mahajohy,johy
mijohy,johy
tafajohy,johy
mijoijoy,joijoy
ajojo,jojo
fijojo,jojo
fijojoana,jojo
ijojoana,jojo
jojojojo,jojo
mijojo,jojo
mpijojo,jojo
tafajojo,jojo
mijojojojo,jojojojo
ajokaiky,jokaiky
fijokaikena,jokaiky
fijokaiky,jokaiky
ijokaikena,jokaiky
mahajokaiky,jokaiky
manjokaiky,jokaiky
mijokaiky,jokaiky
mpijokaiky,jokaiky
tafajokaiky,jokaiky
fijokajoka,jokajoka
majokajoka,jokajoka
mijokajoka,jokajoka
ajoko,joko
anjokoana,joko
fanjoko,joko
fanjokoana,joko
fijoko,joko
fijokoana,joko
ijokoana,joko
jokoina,joko
jokojoko,joko
mahajoko,joko
mampijoko,joko
mifampijoko,joko
mpanjoko,joko
mpijoko,joko
voajoko,joko
manjoko,joko
mihajoko,joko
jokojokoina,jokojoko
manjokojoko,jokojoko
mijokojoko,jokojoko
fijokoke,jokoke
mahajokoke,jokoke
mampijokoke,jokoke
mihajokoke,jokoke
mijokoke,jokoke
pijokoke,jokoke
ajolo,jolo
fijolo,jolo
jolojolo,jolo
mijolo,jolo
ajoloka,joloka
anjolohana,joloka
fanjolohana,joloka
fanjoloka,joloka
fijolohana,joloka
fijoloka,joloka
ijolohana,joloka
jolohana,joloka
jolojoloka,joloka
mahajoloka,joloka
manjoloka,joloka
mijoloka,joloka
mpanjoloka,joloka
mpijoloka,joloka
tafajoloka,joloka
voajoloka,joloka
ajolonjolona,jolonjolona
fijolonjolona,jolonjolona
fijolonjolonana,jolonjolona
ijolonjolonana,jolonjolona
jolonjolonana,jolonjolona
jolonjolonina,jolonjolona
mahajolonjolona,jolonjolona
mampijolonjolona,jolonjolona
mifampijolonjolona,jolonjolona
mijolonjolona,jolonjolona
mpijolonjolona,jolonjolona
tafajolonjolona,jolonjolona
anjombonana,jombona
fanjombona,jombona
jombonjombona,jombona
manjombona,jombona
manjombonjombona,jombonjombona
fijomo,jomo
fijomoana,jomo
ijomoana,jomo
jomoina,jomo
jomojomo,jomo
mahajomo,jomo
mampijomo,jomo
mifampijomo,jomo
mijomojomo,jomo
mpijomo,jomo
voajomo,jomo
fijomojomo,jomojomo
fijomojomoana,jomojomo
jomojomoina,jomojomo
mahajomojomo,jomojomo
mampijomojomo,jomojomo
mifampijomojomo,jomojomo
voajomojomo,jomojomo
manjomotra,jomotra
ajomòka,jomòka
fijomòka,jomòka
jomohina,jomòka
fanjonetra,jonetra
fijonetra,jonetra
manjonetra,jonetra
mijonetra,jonetra
mpanjonetra,jonetra
mpijonetra,jonetra
ajongijongy,jongijongy
fijongijongiana,jongijongy
fijongijongy,jongijongy
ijongijongiana,jongijongy
mahajongijongy,jongijongy
mijongijongy,jongijongy
mpijongijongy,jongijongy
tafajongijongy,jongijongy
fijongojongo,jongojongo
mahajongojongo,jongojongo
mijongojongo,jongojongo
mpijongojongo,jongojongo
ajongy,jongy
anjongiana,jongy
fanjongiana,jongy
fanjongy,jongy
jongina,jongy
mahajongy,jongy
manjongy,jongy
mpanjongy,jongy
voajongy,jongy
manjonina,jonina
fanjonitra,jonitra
jonijonitra,jonitra
manjonitra,jonitra
mpanjonitra,jonitra
ajonjona,jonjona
fanjonjonana,jonjona
fijonjona,jonjona
fijonjonana,jonjona
ijonjonana,jonjona
jonjonjonjona,jonjona
mahajonjona,jonjona
mijonjona,jonjona
tafajonjona,jonjona
ajono,jono
anjonoana,jono
fanjono,jono
fanjonoana,jono
jonoina,jono
jonojono,jono
mahajono,jono
mampanjono,jono
mampifanjono,jono
manjono,jono
mifanjono,jono
mpanjono,jono
voajono,jono
fanjonoke,jonoke
ajononoka,jononoka
fijononohana,jononoka
fijononoka,jononoka
ijononohana,jononoka
jononohina,jononoka
mahajononoka,jononoka
mampijononoka,jononoka
mijononoka,jononoka
tafajononoka,jononoka
anjoniana,jony
fanjoniana,jony
fanjony,jony
jonijony,jony
manjony,jony
mpanjony,jony
fanjopelaka,jopelaka
jopelapelaka,jopelaka
manjopelaka,jopelaka
fanjopelana,jopelana
jopelapelana,jopelana
manjopelana,jopelana
fanjopiaka,jopiaka
jopiapiaka,jopiaka
manjopiaka,jopiaka
mijorefo,jorefo
ajoretra,joretra
fanjoretra,joretra
fijoretra,joretra
mahajoretra,joretra
manjoretra,joretra
mijoretra,joretra
mpanjoretra,joretra
fijoroana,joro
joroana,joro
mijorojoro,joro
mijoro,joro
ajoro,joro
ampijoroina,joro
fampijoroana,joro
fijoro,joro
ijoroana,joro
jorojoro,joro
mahajoro,joro
mampijoro,joro
mpijoro,joro
tafajoro,joro
voajoro,joro
fanajorobohana,joroboka
fanajoroboka,joroboka
mijoroboka,joroboka
ajosy,josy
mahajosy,josy
mampijosy,josy
mañajosy,josy
mijosy,josy
pañajosy,josy
pijosy,josy
voajosy,josy
ajoy,joy
fijoina,joy
fijoy,joy
ijoina,joy
joijoy,joy
mahajoy,joy
mijoy,joy
tafajoy,joy
mijy,jy
mikabaka,kabaka
mpikabaro,kabaro
akabary,kabary
fikabariana,kabary
fikabary,kabary
ikabariana,kabary
kabaribary,kabary
kabarina,kabary
mahakabary,kabary
mampikabary,kabary
mifampikabary,kabary
mikabary,kabary
mpikabary,kabary
pikabary,kabary
voakabary,kabary
fikabedena,kabedy
fikabedesana,kabedy
fikabedy,kabedy
hakabedy,kabedy
ikabedena,kabedy
ikabedesana,kabedy
ikabedibedy,kabedy
kabedesina,kabedy
mahakabedy,kabedy
mampikabedy,kabedy
mifampikabedy,kabedy
mikabedy,kabedy
mpikabedy,kabedy
tafakabedy,kabedy
voakabedy,kabedy
akaboke,kaboke
fakaboke,kaboke
mahakaboke,kaboke
mampañaboke,kaboke
mampikaboke,kaboke
mañakaboke,kaboke
mifampañaboke,kaboke
mifañaboke,kaboke
mikaboke,kaboke
pañaboke,kaboke
pifañaboke,kaboke
pikaboke,kaboke
mikadaha,kadaha
akady,kady
anakadiana,kady
fanakadiana,kady
fanakady,kady
fikadiana,kady
fikady,kady
ikadiana,kady
kadina,kady
kinady,kady
mahakady,kady
manakady,kady
mikady,kady
mpanakady,kady
mpikady,kady
voakady,kady
mampikafana,kafana
mifampikafana,kafana
kafankafana,kafana
mikafana,kafana
akafankafana,kafankafana
fikafankafana,kafankafana
fikafankafanana,kafankafana
ikafankafanana,kafankafana
kafankafanina,kafankafana
mahakafankafana,kafankafana
mampikafankafana,kafankafana
mifampikafankafana,kafankafana
mikafankafana,kafankafana
mpikafankafana,kafankafana
tafakafankafana,kafankafana
mampikafara,kafara
mifampikafara,kafara
fikafara,kafara
fikafarana,kafara
ikafarana,kafara
kafarafara,kafara
mahakafara,kafara
mikafara,kafara
mpikafara,kafara
tafakafara,kafara
mahakafira,kafira
kafirifiry,kafiry
mikafiry,kafiry
fakafitse,kafitse
fikaforo,kaforo
fikaforoana,kaforo
ikaforoana,kaforo
kaforoforo,kaforo
mahakaforo,kaforo
mikaforo,kaforo
mpikaforo,kaforo
mikaforoforo,kaforoforo
kahankahana,kahana
mampikahana,kahana
mifampikahana,kahana
kahankanina,kahankahana
akahankahana,kahankahana
fikahankahana,kahankahana
fikahankahanana,kahankahana
ikahankahanana,kahankahana
kahankahanina,kahankahana
mahakahankahana,kahankahana
mampikahankahana,kahankahana
mifampikahankahana,kahankahana
mikahankahana,kahankahana
mpikahankahana,kahankahana
tafakahankahana,kahankahana
voakahankahana,kahankahana
tsikahonkahona,kahonkahona
fikahonkahona,kahonkahona
fikahonkahonana,kahonkahona
ikahonkahonana,kahonkahona
mahakahonkahona,kahonkahona
mikahonkahona,kahonkahona
mpikahonkahona,kahonkahona
fikaihana,kaika
fikaika,kaika
ikaihana,kaika
kaihina,kaika
kaikaika,kaika
mampikaika,kaika
mifampikaika,kaika
mikaika,kaika
mpikaika,kaika
fikaikaihana,kaikaika
fikaikaika,kaikaika
ikaikaihana,kaikaika
mahakaikaika,kaikaika
mampikaikaika,kaikaika
mikaikaika,kaikaika
mpikaikaika,kaikaika
akaikitra,kaikitra
anaikerana,kaikitra
fanaikerana,kaikitra
fanaikitra,kaikitra
kaikerina,kaikitra
kaikikaikitra,kaikitra
kinaikitra,kaikitra
mahakaikitra,kaikitra
mampankaikitra,kaikitra
manaikitra,kaikitra
mifankaikitra,kaikitra
mpanaikitra,kaikitra
voakaikitra,kaikitra
mikaiky,kaiky
akainkona,kainkona
anakainkonana,kainkona
fanakainkona,kainkona
fanakainkonana,kainkona
fikainkona,kainkona
fikainkonana,kainkona
ikainkonana,kainkona
kainkonkainkona,kainkona
mahakainkona,kainkona
mampikainkona,kainkona
manakainkona,kainkona
mikainkona,kainkona
mpanakainkona,kainkona
tafakainkona,kainkona
voakainkona,kainkona
fikajakaja,kajakaja
fikajakajana,kajakaja
ikajakajana,kajakaja
kajakajaina,kajakaja
kinajakaja,kajakaja
mahakajakaja,kajakaja
mampikajakaja,kajakaja
manajakaja,kajakaja
manakajakaja,kajakaja
mifampikajakaja,kajakaja
mikajakaja,kajakaja
mpikajakaja,kajakaja
voakajakaja,kajakaja
mikajikajy,kajikajy
fikajiana,kajy
fikajy,kajy
ikajiana,kajy
kajikajy,kajy
kajina,kajy
kinajy,kajy
mahakajy,kajy
mampikajy,kajy
mifampikajy,kajy
mikajy,kajy
mpikajy,kajy
voakajy,kajy
fikakana,kaka
makaka,kaka
savalikaka,kaka
akaka,kaka
anakakana,kaka
fanakaka,kaka
fanakakana,kaka
fikaka,kaka
ikakana,kaka
kakakaka,kaka
kakana,kaka
kinaka,kaka
mahakaka,kaka
manakaka,kaka
mikaka,kaka
mpanakaka,kaka
mpikaka,kaka
sokàka,kaka
voakaka,kaka
akakakaka,kakakaka
fikakakaka,kakakaka
fikakakakana,kakakaka
ikakakakana,kakakaka
mahakakakaka,kakakaka
mikakakaka,kakakaka
mpikakakaka,kakakaka
tsikakakaka,kakakaka
makakakaka,kakakaka
fikakàka,kakàka
mikakàka,kakàka
mpikakaka,kakàka
manakalamina,kalamina
mikalamina,kalamina
kalevaina,kaleva
mikaleva,kaleva
fikalita,kalita
fikalitana,kalita
ikalitana,kalita
kalitaina,kalita
kalitalita,kalita
mahakalita,kalita
mikalita,kalita
mpikalita,kalita
tokalo,kalo
fikalo,kalo
fikaloana,kalo
ikaloana,kalo
kaloina,kalo
kalokalo,kalo
kinalo,kalo
mahakalo,kalo
mikalo,kalo
mpikalo,kalo
voakalo,kalo
mikalokalo,kalokalo
fikaliana,kaly
fikaly,kaly
ikaliana,kaly
kalikaly,kaly
kalina,kaly
kinaly,kaly
mahakaly,kaly
mikaly,kaly
mpikaly,kaly
voakaly,kaly
mikama,kama
fikamaosiana,kamaosy
fikamaosy,kamaosy
ikamaosiana,kamaosy
mikamaosy,kamaosy
mpikamaosy,kamaosy
mikambana,kambana
akambana,kambana
anakambanana,kambana
fanakambana,kambana
fanakambanana,kambana
fikambana,kambana
fikambanana,kambana
ikambanana,kambana
kambakambana,kambana
mahakambana,kambana
mampikambana,kambana
manakambana,kambana
mifampikambana,kambana
mpampikambana,kambana
mpanakambana,kambana
mpikambana,kambana
tafakambana,kambana
voakambana,kambana
kamboina,kambo
fahakambotiana,kamboty
fikambotiana,kamboty
fikamboty,kamboty
ikambotiana,kamboty
kambotimboty,kamboty
mahakamboty,kamboty
mikamboty,kamboty
mpikamboty,kamboty
fikamenona,kamenona
fikamenonana,kamenona
ikamenonana,kamenona
kamenonina,kamenona
mahakamenona,kamenona
mampikamenona,kamenona
mifampikamenona,kamenona
mikamenona,kamenona
mpikamenona,kamenona
voakamenona,kamenona
fikamentsona,kamentsona
fikamentsonana,kamentsona
ikamentsonana,kamentsona
kamentsomentsona,kamentsona
kamentsonina,kamentsona
karamentsona,kamentsona
mahakamentsona,kamentsona
mampikamentsona,kamentsona
mifampikamentsona,kamentsona
mikamentsona,kamentsona
mpikamentsona,kamentsona
tafakamentsona,kamentsona
voakamentsona,kamentsona
tsikamokamo,kamo
anakamoana,kamo
fahakamoana,kamo
fanakamo,kamo
fanakamoana,kamo
hakamoana,kamo
kamoina,kamo
kamokamo,kamo
mahakamo,kamo
mampanakamo,kamo
mampifanakamo,kamo
manakamo,kamo
mifanakamo,kamo
mpanakamo,kamo
akamositra,kamositra
anakamoserana,kamositra
fanakamoserana,kamositra
fanakamositra,kamositra
kamoserina,kamositra
manakamositra,kamositra
mpanakamositra,kamositra
voakamositra,kamositra
mikanda,kanda
mahakandikandy,kandikandy
mikandikandy,kandikandy
akandrakandra,kandrakandra
fikandrakandra,kandrakandra
ikandrakandrana,kandrakandra
mampampikandrakandra,kandrakandra
mampikandrakandra,kandrakandra
mikandrakandra,kandrakandra
mpikandrakandra,kandrakandra
kandrankandrana,kandrana
mikandrana,kandrana
manandrankandrana,kandrankandrana
mikandrankandrana,kandrankandrana
kandikandy,kandy
mikandy,kandy
kanevokevoka,kanevoka
mikanevokevoka,kanevokevoka
akanikany,kanikany
fikanikaniana,kanikany
fikanikany,kanikany
ikanikaniana,kanikany
kanikanina,kanikany
mahakanikany,kanikany
mikanikany,kanikany
mpikanikany,kanikany
tafakanikany,kanikany
tsikanina,kanina
mikanja,kanja
kinanjo,kanjo
mikanjy,kanjy
kankanina,kankana
fikanonkanona,kanonkanona
fikanonkanonana,kanonkanona
ikanonkanonana,kanonkanona
mahakanonkanona,kanonkanona
mikanonkanona,kanonkanona
mpikanonkanona,kanonkanona
fahakanosana,kanosa
hakanto,kanto
hakantoana,kanto
mpanakanto,kanto
mpikanto,kanto
akantsana,kantsana
anakantsanana,kantsana
fanakantsana,kantsana
fanakantsanana,kantsana
fikantsana,kantsana
fikantsanana,kantsana
ikantsanana,kantsana
kantsanana,kantsana
kantsankantsana,kantsana
kantsañina,kantsana
kinantsana,kantsana
mahakantsana,kantsana
manakantsana,kantsana
mikantsana,kantsana
mpanakantsana,kantsana
mpikantsana,kantsana
voakantsana,kantsana
fikantsona,kantsona
kantsonkantsona,kantsona
mikantsona,kantsona
fahakaodikaodiana,kaodikaody
fikaodikaodiana,kaodikaody
ikaodikaodiana,kaodikaody
mahakaodikaody,kaodikaody
mikaodikaody,kaodikaody
mpikaodikaody,kaodikaody
fikaodikaody,kaody
kaodikaody,kaody
mampikaody,kaody
mifampikaody,kaody
akaoka,kaoka
fikaohana,kaoka
fikaoka,kaoka
ikaohana,kaoka
kaohina,kaoka
kaokaoka,kaoka
kinaoka,kaoka
mahakaoka,kaoka
mikaoka,kaoka
mpikaoka,kaoka
voakaoka,kaoka
akaoke,kaoke
mahakaoke,kaoke
mampikaoke,kaoke
mikaoke,kaoke
pikaoke,kaoke
voakaoke,kaoke
akaona,kaona
anakaonana,kaona
fanakaona,kaona
fanakaonana,kaona
fikaona,kaona
fikaonana,kaona
ikaonana,kaona
mahakaona,kaona
mampanakaona,kaona
mampifanakaona,kaona
manakaona,kaona
mifanakaona,kaona
mikaona,kaona
mpanakaona,kaona
mpikaona,kaona
tafakaona,kaona
voakaona,kaona
mihakaondrana,kaondrana
fikaonkaona,kaonkaona
fikaonkaonana,kaonkaona
ikaonkaonana,kaonkaona
mahakaonkaona,kaonkaona
mampikaonkaona,kaonkaona
mifampikaonkaona,kaonkaona
mikaonkaona,kaonkaona
mpikaonkaona,kaonkaona
tafakaonkaona,kaonkaona
fikaontiana,kaonty
fikaonty,kaonty
ikaontiana,kaonty
kaontina,kaonty
mikaonty,kaonty
mpikaonty,kaonty
voakaonty,kaonty
kaozatina,kaozatra
mikaozatra,kaozatra
akapa,kapa
fikapa,kapa
kinapa,kapa
mampikapa,kapa
mifampikapa,kapa
mikapa,kapa
pikapa,kapa
voakapa,kapa
fikapana,kapa
ikapana,kapa
kapaina,kapa
kapakapa,kapa
mpikapa,kapa
mihakapaike,kapaike
mikapakapa,kapakapa
akapake,kapake
fikapake,kapake
mahakapake,kapake
mampikapake,kapake
mikapake,kapake
voakapake,kapake
mikapaoty,kapaoty
fikapetoke,kapetoke
mampikapetoke,kapetoke
mikapetoke,kapetoke
fikapetsena,kapetsy
fikapetsy,kapetsy
ikapetsena,kapetsy
mampikapetsy,kapetsy
mifampikapetsy,kapetsy
mikapetsy,kapetsy
mpikapetsy,kapetsy
akapike,kapike
fakapike,kapike
mikapike,kapike
pikapike,kapike
voakapike,kapike
fikapilipiliana,kapilipily
ikapilipiliana,kapilipily
mahakapilipily,kapilipily
mikapilipily,kapilipily
fikapilipily,kapily
fikapily,kapily
kapilipily,kapily
mikapily,kapily
mpikapilipily,kapily
mpikapily,kapily
fikapoake,kapoake
mampañapoake,kapoake
mañapoake,kapoake
mikapoake,kapoake
pañapoake,kapoake
voakapoake,kapoake
fikapohana,kapoka
fikapoka,kapoka
akapoka,kapoka
anakapohana,kapoka
fanakapohana,kapoka
fanakapoka,kapoka
fiankapohana,kapoka
fiankapoka,kapoka
fifampikapohana,kapoka
iankapohana,kapoka
ikapohana,kapoka
kapohina,kapoka
kapokapoka,kapoka
karapoka,kapoka
kinapoka,kapoka
mahakapoka,kapoka
mampanakapoka,kapoka
mampifanakapoka,kapoka
mampikapoka,kapoka
manakapoka,kapoka
miankapoka,kapoka
mifampikapoka,kapoka
mifanakapoka,kapoka
mikapoka,kapoka
mpanakapoka,kapoka
mpiankapoka,kapoka
mpikapoka,kapoka
tafakapoka,kapoka
voakapoka,kapoka
akapokapoka,kapokapoka
akapoke,kapoke
mampikapoke,kapoke
mifampikapoke,kapoke
mikapoke,kapoke
pifampikapoke,kapoke
pikapoke,kapoke
voakapoke,kapoke
kapikapy,kapy
ampikara,kara
fampikara,kara
fifampikara,kara
fikara,kara
mahakara,kara
mampikara,kara
pikara,kara
voakara,kara
mikaraboka,karaboka
fikaraingo,karaingo
mahakaraingo,karaingo
mikaraingo,karaingo
anakarainkonana,karainkona
fanakarainkona,karainkona
fanakarainkonana,karainkona
fikarainkona,karainkona
fikarainkonana,karainkona
ikarainkonana,karainkona
karainkondrainkona,karainkona
mahakarainkona,karainkona
mampikarainkona,karainkona
manakarainkona,karainkona
mikarainkona,karainkona
mpanakarainkona,karainkona
mpikarainkona,karainkona
fikaraka,karaka
mikaràka,karaka
mampikarakadisake,karakadisake
mikarakadisake,karakadisake
fikarakara,karakara
fahakarakarana,karakara
fikarakarana,karakara
ikarakarana,karakara
karakaraina,karakara
kinarakara,karakara
mahakarakara,karakara
makarakara,karakara
mampikarakara,karakara
mifampikarakara,karakara
mikarakara,karakara
mpikarakara,karakara
voakarakara,karakara
akarama,karama
ampañarama,karama
anakaramana,karama
anaramana,karama
fampañarama,karama
fanakarama,karama
fanakaramana,karama
fanarama,karama
fanaramana,karama
fikarama,karama
fikaramana,karama
ikaramana,karama
karamaina,karama
karamarama,karama
mahakarama,karama
mampanakarama,karama
mampañarama,karama
mampifanakarama,karama
manakarama,karama
manarama,karama
mifanakarama,karama
mifañarama,karama
mikarama,karama
mpanakarama,karama
mpanarama,karama
mpikarama,karama
pañarama,karama
pikarama,karama
voakarama,karama
karamentsonina,karamentsona
mikaramentsona,karamentsona
fikarantsanana,karantsana
fikarantsana,karantsana
ikarantsanana,karantsana
karantsandrantsana,karantsana
mikarantsana,karantsana
mpikarantsana,karantsana
fikaraoka,karaoka
karaodraoka,karaoka
mikaraoka,karaoka
mpikaraoka,karaoka
karapahy,karapaky
mikarapaka,karapaky
mikarapaky,karapaky
fiankarapoka,karapoka
fikarapohana,karapoka
fikarapoka,karapoka
ikarapohana,karapoka
karapodrapoka,karapoka
mahakarapoka,karapoka
miankarapoka,karapoka
mikarapoka,karapoka
mpiankarapoka,karapoka
mpikarapoka,karapoka
akararana,kararana
anakararanana,kararana
fanakararana,kararana
fanakararanana,kararana
fikararana,kararana
kararanana,kararana
mahakararana,kararana
mampanakararana,kararana
mampifanakararana,kararana
manakararàna,kararana
mifanakararana,kararana
mpanakararana,kararana
mpikararana,kararana
voakararana,kararana
mikarariana,karariana
akaratake,karatake
fikaratake,karatake
mahakaratake,karatake
mampikaratake,karatake
mihamikaratake,karatake
mikaratake,karatake
pikaratake,karatake
voakaratake,karatake
manakaratona,karatona
fikaratsahana,karatsaka
fikaratsaka,karatsaka
ikaratsahana,karatsaka
karatsadratsaka,karatsaka
mikaratadrataka,karatsaka
mikaratsaka,karatsaka
mpikaratsaka,karatsaka
mikaratsake,karatsake
karavasina,karavasy
mikaravasy,karavasy
voakaravasy,karavasy
mahakareñatse,karenatse
mikareñatse,karenatse
akarenjy,karenjy
anakarenjena,karenjy
fanakarenjena,karenjy
fanakarenjy,karenjy
fikarenjena,karenjy
fikarenjy,karenjy
ikarenjena,karenjy
karenjena,karenjy
karenjirenjy,karenjy
mahakarenjy,karenjy
mampanakarenjy,karenjy
manakarenjy,karenjy
mifanakarenjy,karenjy
mikarenjy,karenjy
mpanakarenjy,karenjy
mpikarenjy,karenjy
tafakarenjy,karenjy
voakarenjy,karenjy
akarepoka,karepoka
fikarepohana,karepoka
fikarepoka,karepoka
ikarepohana,karepoka
karepodrepoka,karepoka
karepohina,karepoka
mahakarepoka,karepoka
manakarepoka,karepoka
mikarepoka,karepoka
mpikarepoka,karepoka
voakarepoka,karepoka
akarepoke,karepoke
fikarepoke,karepoke
mampikarepoke,karepoke
mikarepoke,karepoke
pikarepoke,karepoke
voakarepoke,karepoke
akaretoka,karetoka
fikaretohana,karetoka
fikaretoka,karetoka
ikaretohana,karetoka
karetodretoka,karetoka
karetohina,karetoka
mahakaretoka,karetoka
manakaretoka,karetoka
mikaretoka,karetoka
mpikaretoka,karetoka
tafakaretoka,karetoka
voakaretoka,karetoka
mpifanaretsaka,karetsaka
akaretsaka,karetsaka
fifanaretsahana,karetsaka
fifanaretsaka,karetsaka
fikaretsahana,karetsaka
fikaretsaka,karetsaka
ifanaretsahana,karetsaka
ikaretsahana,karetsaka
karetsadretsaka,karetsaka
karetsahina,karetsaka
mahakaretsaka,karetsaka
mifanaretsaka,karetsaka
mikaretsaka,karetsaka
mpikaretsaka,karetsaka
tafakaretsaka,karetsaka
voakaretsaka,karetsaka
mikaretsika,karetsika
akarikarike,karikarike
fikarikarike,karikarike
mampikarikarike,karikarike
mikarikarike,karikarike
pikarikarike,karikarike
akarioke,karioke
mampikarioke,karioke
pikarioke,karioke
voakarioke,karioke
fikaroka,karoka
kinaroka,karoka
akaroka,karoka
fikarohana,karoka
ikarohana,karoka
karofana,karoka
karohina,karoka
karokaroka,karoka
mahakaroka,karoka
mampikaroka,karoka
mifampikaroka,karoka
mikaroka,karoka
mpikaroka,karoka
tafakaroka,karoka
tsikaroka,karoka
voakaroka,karoka
fikasa,kasa
akasa,kasa
fikasana,kasa
ikasana,kasa
kasaina,kasa
kasakasa,kasa
kinasa,kasa
mahakasa,kasa
mikasa,kasa
mpikasa,kasa
voakasa,kasa
mikasaotsaoka,kasaoka
akasaoka,kasaoka
fikasaoka,kasaoka
kasaosaoka,kasaoka
kasaotsaoka,kasaoka
makasaoka,kasaoka
mikasaoka,kasaoka
fikasihana,kasika
fikasika,kasika
akasika,kasika
ifampikasihana,kasika
ikasihana,kasika
kasihina,kasika
kasikasika,kasika
kinasika,kasika
mahakasika,kasika
mifampikasika,kasika
mikasika,kasika
mpikasika,kasika
tafakasika,kasika
voakasika,kasika
mikasikasika,kasikasika
akasikasy,kasikasy
fahakasikasiana,kasikasy
fikasikasiana,kasikasy
fikasikasy,kasikasy
ikasikasiana,kasikasy
mahakasikasy,kasikasy
mikasikasy,kasikasy
mpikasikasy,kasikasy
akasike,kasike
mahakasike,kasike
mampikasike,kasike
mifampikasike,kasike
mihamikasike,kasike
mikasike,kasike
pikasike,kasike
voakasike,kasike
mikasikety,kasikety
fikasokasoka,kasoka
ifampikasohana,kasoka
mifampikasoka,kasoka
mikasokasoka,kasoka
akasoka,kasoka
ampifampikasohina,kasoka
anakasohana,kasoka
fanakasohana,kasoka
fanakasoka,kasoka
fifampikasohana,kasoka
fikasohana,kasoka
fikasoka,kasoka
ikasohana,kasoka
kasohina,kasoka
kasokasoka,kasoka
kinasoka,kasoka
mahakasoka,kasoka
mampanakasoka,kasoka
mampifanakasoka,kasoka
mampikasoka,kasoka
manakasoka,kasoka
mifanakasoka,kasoka
mikasoka,kasoka
mpanakasoka,kasoka
mpikasoka,kasoka
voakasoka,kasoka
mifampikasokasoka,kasokasoka
akasy,kasy
kasikasy,kasy
mahakasy,kasy
katitatita,katita
akatoke,katoke
mahakatoke,katoke
mampikatoke,katoke
mañakatoke,katoke
mikatoke,katoke
pikatoke,katoke
voakatoke,katoke
akatona,katona
anakatonana,katona
fanakatona,katona
fanakatonana,katona
fikatona,katona
fikatonana,katona
ikatonana,katona
katonkatona,katona
mahakatona,katona
mampanakatona,katona
mampifanakatona,katona
mampikatona,katona
manakatona,katona
mifampikatona,katona
mifanakatona,katona
mikatona,katona
mpanakatona,katona
mpikatona,katona
tafakatona,katona
voakatona,katona
mikatrafaina,katrafaina
mikatrafay,katrafay
fikatrakatraka,katraka
akatraka,katraka
anakatrahana,katraka
fanakatrahana,katraka
fanakatraka,katraka
fikatrahana,katraka
fikatraka,katraka
ikatrahana,katraka
katrahana,katraka
katrakatraka,katraka
mahakatraka,katraka
manakatraka,katraka
mikatraka,katraka
mpanakatraka,katraka
mpikatraka,katraka
voakatraka,katraka
mikatrakatraka,katrakatraka
akatraoka,katraoka
fikatraoka,katraoka
katraotraoka,katraoka
mahakatraoka,katraoka
mikatraoka,katraoka
katrokatroka,katroka
akatroka,katroka
fikatrohana,katroka
fikatroka,katroka
ikatrohana,katroka
katrohana,katroka
mikatroka,katroka
mpikatroka,katroka
tafakatroka,katroka
voakatroka,katroka
anakatrokatrohana,katrokatroka
fanakatrokatrohana,katrokatroka
fikatrokatroka,katrokatroka
mikatrokatroka,katrokatroka
mikatroky,katroky
akatsaka,katsaka
fikatsahana,katsaka
fikatsaka,katsaka
ikatsahana,katsaka
katsahina,katsaka
katsakatsaka,katsaka
kinatsaka,katsaka
mahakatsaka,katsaka
mampikatsaka,katsaka
mifampikatsaka,katsaka
mikatsaka,katsaka
mpikatsaka,katsaka
voakatsaka,katsaka
fikatsakatsahana,katsakatsaka
fikatsakatsaka,katsakatsaka
ikatsakatsahana,katsakatsaka
mahakatsakatsaka,katsakatsaka
mikatsakatsaka,katsakatsaka
mpikatsakatsaka,katsakatsaka
mikatsamo,katsamo
mikatsañake,katsanake
pikatsañake,katsanake
fikatsaoka,katsaoka
katsaotsaoka,katsaoka
mikatsaoka,katsaoka
akatsapoke,katsapoke
fikatsapoke,katsapoke
mampikatsapoke,katsapoke
mikatsapoke,katsapoke
akatseke,katseke
fikatseke,katseke
mampikatseke,katseke
mikatseke,katseke
pikatseke,katseke
mahakatsike,katsike
mikatso,katso
fikatso,katso
katsokatso,katso
fikatsokatso,katsokatso
mikatsokatso,katsokatso
fikatsoha,katsoke
mahakatsoke,katsoke
mampañatsoke,katsoke
mañatsoke,katsoke
mifañatsoke,katsoke
mihakatsoke,katsoke
pañatsoke,katsoke
pifañatsoke,katsoke
voakatsoke,katsoke
fikatsovoke,katsovoke
mampikatsovoke,katsovoke
mikatsovoke,katsovoke
fikaviavia,kaviavia
fikaviavianana,kaviavia
ikaviavianana,kaviavia
mikaviavia,kaviavia
mpikaviavia,kaviavia
anakavinana,kavina
fanakavina,kavina
fanakavinana,kavina
fikavina,kavina
fikavinana,kavina
ikavinana,kavina
mahakavina,kavina
manakavina,kavina
mikavina,kavina
mpanakavina,kavina
mpikavina,kavina
voakavina,kavina
akavitse,kavitse
mampikavitse,kavitse
mikavitse,kavitse
pikavitse,kavitse
voakavitse,kavitse
mikebaka,kebaka
ankebakebaka,kebakebaka
anakebonana,kebona
fanakebona,kebona
fanakebonana,kebona
kebonina,kebona
kebonkebona,kebona
mahakebona,kebona
mampanakebona,kebona
mampifanakebona,kebona
manakebona,kebona
mifanakebona,kebona
mpanakebona,kebona
tsikebona,kebona
voakebona,kebona
kefikefika,kefika
akefona,kefona
fikefona,kefona
fikefonana,kefona
ikefonana,kefona
kefonkefona,kefona
mahakefona,kefona
mampikefona,kefona
mifampikefona,kefona
mikefona,kefona
mpikefona,kefona
mahakehaka,kehaka
fikehana,kehana
kehankehana,kehana
mahakehana,kehana
mampikehana,kehana
mifampikehana,kehana
mikehana,kehana
fikehankehana,kehankehana
fikehankehanana,kehankehana
ikehankehanana,kehankehana
mikehankehana,kehankehana
fikehenkehe,kehenkehe
mampikehenkehe,kehenkehe
mikehenkehe,kehenkehe
tsikehina,kehina
akehina,kehina
fikehenana,kehina
fikehina,kehina
ikehenana,kehina
kehinkehina,kehina
mahakehina,kehina
mikehina,kehina
mpikehina,kehina
tafakehina,kehina
kejokejo,kejo
mampankejo,kejo
mampifankejo,kejo
mifankejo,kejo
kinejokejo,kejokejo
akejokejo,kejokejo
anejokejoana,kejokejo
fanejokejo,kejokejo
fanejokejoana,kejokejo
kejokejoina,kejokejo
mahakejokejo,kejokejo
manejokejo,kejokejo
mpanejokejo,kejokejo
voakejokejo,kejokejo
kekerina,kekitra
mikeky,keky
hakele,kele
mahakele,kele
mañakele,kele
mihakele,kele
hakelena,kelena
mahakelikely,kelikely
ikelezana,kely
mikely,kely
anakelezana,kely
fahakelezana,kely
fahakely,kely
fanakelezana,kely
fanakely,kely
fikelezana,kely
hakelezana,kely
hakelezina,kely
kelikely,kely
mahakely,kely
mampanakely,kely
mampifanakely,kely
manakely,kely
mifanakely,kely
mihakely,kely
mpanakely,kely
tsikelikely,kely
voakely,kely
anakemana,kema
fanakema,kema
fanakemana,kema
kemaina,kema
kemakema,kema
manakema,kema
voakema,kema
akemakema,kemakema
fikemakema,kemakema
fikemakemana,kemakema
ikemakemana,kemakema
mikemakema,kemakema
mpikemakema,kemakema
akemo,kemo
fikemo,kemo
fikemoana,kemo
ikemoana,kemo
kemokemo,kemo
mahakemo,kemo
mampikemo,kemo
mifampikemo,kemo
mikemo,kemo
mpikemo,kemo
tafakemo,kemo
voakemo,kemo
fikenakena,kenakena
fikenakenana,kenakena
ikenakenana,kenakena
kenakenaina,kenakena
manenakena,kenakena
mikenakena,kenakena
mpikenakena,kenakena
voakenakena,kenakena
mpanenda,kenda
akenda,kenda
ampikenda,kenda
anakendana,kenda
anendana,kenda
fanakenda,kenda
fanakendana,kenda
fanendana,kenda
kendaina,kenda
kendakenda,kenda
kinenda,kenda
mahakenda,kenda
mampankenda,kenda
mampifankenda,kenda
manakenda,kenda
manenda,kenda
mifankenda,kenda
mifañakenda,kenda
mihakenda,kenda
mikenda,kenda
mpanakenda,kenda
pañakenda,kenda
voakenda,kenda
mihakendakenda,kendakenda
mikendakenda,kendakenda
fikendry,kendry
akendry,kendry
fikendrena,kendry
ikendrena,kendry
kendrena,kendry
kendrikendry,kendry
kinendry,kendry
mahakendry,kendry
mampikendry,kendry
mifampikendry,kendry
mikendry,kendry
mpikendry,kendry
voakendry,kendry
faneninkenenana,keninkenina
fikeninkenenana,keninkenina
fikeninkenina,keninkenina
ikeninkenenana,keninkenina
keninkenenina,keninkenina
mikeninkenina,keninkenina
mpikeninkenina,keninkenina
ampikenje,kenje
mahakenje,kenje
mampikenje,kenje
mikenje,kenje
pikenje,kenje
voakenje,kenje
fikenona,kenona
kenonkenona,kenona
fikenonkenona,kenonkenona
fikenonkenonana,kenonkenona
ikenonkenonana,kenonkenona
kenonkenonina,kenonkenona
mahakenonkenona,kenonkenona
mampikenonkenona,kenonkenona
mifampikenonkenona,kenonkenona
mikenonkenona,kenonkenona
mpikenonkenona,kenonkenona
mikentrona,kentrona
akentso,kentso
fikentso,kentso
mampikentso,kentso
mangentso,kentso
pikentso,kentso
akentsona,kentsona
fikentsona,kentsona
fikentsonana,kentsona
ikentsonana,kentsona
kentsonina,kentsona
kentsonkentsona,kentsona
mahakentsona,kentsona
mikentsona,kentsona
mpikentsona,kentsona
mahakeo,keo
fikeokeohana,keokeoka
fikeokeoka,keokeoka
keokeohina,keokeoka
mahakeokeoka,keokeoka
maneokeoka,keokeoka
mikeokeoka,keokeoka
mpikeokeoka,keokeoka
voakeokeoka,keokeoka
akepakepaka,kepakepaka
fikepakepahana,kepakepaka
fikepakepaka,kepakepaka
ikepakepahana,kepakepaka
mahakepakepaka,kepakepaka
mikapekepaka,kepakepaka
mikepakepaka,kepakepaka
mpikepakepaka,kepakepaka
voakepakepaka,kepakepaka
mampikepika,kepika
kepikepika,kepika
akepikepika,kepikepika
fikepikepehana,kepikepika
fikepikepika,kepikepika
ikepikepehana,kepikepika
mahakepikepika,kepikepika
mikepikepika,kepikepika
mpikepikepika,kepikepika
voakepikepika,kepikepika
fikepoka,kepoka
manepoka,kepoka
manepokepoka,kepoka
mikepokepoka,kepoka
akepoka,kepoka
fikepohana,kepoka
ikepohana,kepoka
karepoka,kepoka
kepohina,kepoka
kepokepoka,kepoka
kinepoka,kepoka
mahakepoka,kepoka
mikepoka,kepoka
mpikepoka,kepoka
voakepoka,kepoka
akepoke,kepoke
mahakepoke,kepoke
voakepoke,kepoke
mikepoky,kepoky
kerakera,kera
makera,kera
mikera,kera
tsikera,kera
anerakerana,kerakera
fanerakera,kerakera
fanerakerana,kerakera
kerakeraina,kerakera
makerakera,kerakera
manerakera,kerakera
mpanerakera,kerakera
voakerakera,kerakera
mikerotra,kerotra
manesokesoka,kesokesoka
mikesokesoka,kesokesoka
fika,kesona
fikesona,kesona
fikesonana,kesona
ikesonana,kesona
kesonkesona,kesona
mahakesona,kesona
mikesona,kesona
mpikesona,kesona
mikesonkesona,kesonkesona
fiketaketa,ketaketa
fiketaketana,ketaketa
iketaketana,ketaketa
mahaketaketa,ketaketa
miketaketa,ketaketa
mpiketaketa,ketaketa
fiketohana,ketoka
fiketoka,ketoka
aketoka,ketoka
anetohana,ketoka
fanetohana,ketoka
fanetoka,ketoka
karetoka,ketoka
ketohina,ketoka
ketoketoka,ketoka
kinetoka,ketoka
mahaketoka,ketoka
mampanketoka,ketoka
mampifanketoka,ketoka
manaketoka,ketoka
manetoka,ketoka
mifanketoka,ketoka
miketoka,ketoka
mpanetoka,ketoka
voaketoka,ketoka
mampiketoke,ketoke
miketoke,ketoke
piketoke,ketoke
voaketoke,ketoke
manetoketoka,ketoketoka
fampanaketraka,ketraka
fiketrahana,ketraka
mampanaketraka,ketraka
aketraka,ketraka
anaketrahana,ketraka
fanaketrahana,ketraka
fanaketraka,ketraka
fiketraka,ketraka
iketrahana,ketraka
ketrahina,ketraka
ketraketraka,ketraka
kinetraka,ketraka
mahaketraka,ketraka
mampiketraka,ketraka
manaketraka,ketraka
miketraka,ketraka
mpanaketraka,ketraka
mpiketraka,ketraka
soketraka,ketraka
voaketraka,ketraka
fahaketraketrahana,ketraketraka
fiketrehana,ketrika
fiketrika,ketrika
iketrehana,ketrika
ketrehina,ketrika
ketriketrika,ketrika
kinetrika,ketrika
mahaketrika,ketrika
mampiketrika,ketrika
mifampiketrika,ketrika
miketrika,ketrika
mpiketrika,ketrika
voaketrika,ketrika
mpiketriketrika,ketriketrika
fiketriketrehana,ketriketrika
fiketriketrika,ketriketrika
miketriketrika,ketriketrika
haketrehana,ketrina
fahaketrehana,ketrina
fahaketrenana,ketrina
fahaketrina,ketrina
haketrenana,ketrina
haketrina,ketrina
ketrohy,ketroky
aketrona,ketrona
anaketronana,ketrona
fanaketrona,ketrona
fanaketronana,ketrona
fiketrona,ketrona
fiketronana,ketrona
iketronana,ketrona
ketronketrona,ketrona
mahaketrona,ketrona
mampanaketrona,ketrona
mampifanaketrona,ketrona
mampiketrona,ketrona
manaketrona,ketrona
mifanaketrona,ketrona
miketrona,ketrona
mpanaketrona,ketrona
mpiketrona,ketrona
tafaketrona,ketrona
voaketrona,ketrona
ampañetsa,ketsa
fampañetsa,ketsa
ketsaketsa,ketsa
mampañetsa,ketsa
pañetsa,ketsa
aketsa,ketsa
anetsana,ketsa
fanetsa,ketsa
fanetsana,ketsa
ketsaina,ketsa
ketsana,ketsa
kinetsa,ketsa
mahaketsa,ketsa
manetsa,ketsa
mpanetsa,ketsa
voaketsa,ketsa
aketsake,ketsake
mahaketsake,ketsake
mihaketsake,ketsake
manetsaketsa,ketsaketsa
ketsaketsaina,ketsaketsa
aketseke,ketseke
mahaketseke,ketseke
mampiketseke,ketseke
miketseke,ketseke
piketseke,ketseke
voaketseke,ketseke
karetsika,ketsika
ketsiketsika,ketsika
mampiketso,ketso
mifampiketso,ketso
ketsoketso,ketso
fiketsoketso,ketsoketso
fiketsoketsoana,ketsoketso
iketsoketsoana,ketsoketso
mahaketsoketso,ketsoketso
miketsoketso,ketsoketso
mpiketsoketso,ketsoketso
fahakevohana,kevoka
fahakevoka,kevoka
fikevohana,kevoka
fikevoka,kevoka
hakevohana,kevoka
hakevoka,kevoka
ikevohana,kevoka
kanevoka,kevoka
kevohina,kevoka
kevokevoka,kevoka
mahakevoka,kevoka
mikevoka,kevoka
mpikevoka,kevoka
akezaka,kezaka
anakezahana,kezaka
fanakezahana,kezaka
fanakezaka,kezaka
fikezahana,kezaka
fikezaka,kezaka
ikezahana,kezaka
kezahina,kezaka
kezakezaka,kezaka
mahakezaka,kezaka
mampikezaka,kezaka
manakezaka,kezaka
mifampikezaka,kezaka
mikezaka,kezaka
mpanakezaka,kezaka
mpikezaka,kezaka
tafakezaka,kezaka
voakezaka,kezaka
akiaka,kiaka
anakiahana,kiaka
fanakiahana,kiaka
fanakiaka,kiaka
fikiahana,kiaka
ikiakiahana,kiaka
kiahina,kiaka
kiakiaka,kiaka
manakiaka,kiaka
mpanakiaka,kiaka
voakiaka,kiaka
fikiaka,kiaka
ikiahana,kiaka
mahakiaka,kiaka
makiaka,kiaka
mampanakiaka,kiaka
mampifanakiaka,kiaka
mifanakiaka,kiaka
mikiaka,kiaka
mpikiaka,kiaka
akiakiaka,kiakiaka
fikiakiahana,kiakiaka
fikiakiaka,kiakiaka
kiakiahina,kiakiaka
mikiakiaka,kiakiaka
makiankiana,kiana
anakianana,kiana
fanakiana,kiana
fanakianana,kiana
kianina,kiana
kiankiana,kiana
manakiana,kiana
mpanakiana,kiana
voakiana,kiana
hakiana,kiana
makiana,kiana
mikianja,kianja
kiankianina,kiankiana
fanakiany,kiany
kiankiany,kiany
mahakiany,kiany
mampanakiany,kiany
mampifanakiany,kiany
manakiany,kiany
mifanakiany,kiany
voakiany,kiany
fanakibo,kibo
kibotaina,kibo
akibo,kibo
anakiboana,kibo
fanakiboana,kibo
faniboana,kibo
kiboina,kibo
kibokibo,kibo
kinibo,kibo
mahakibo,kibo
mampanakibo,kibo
mampifanakibo,kibo
manakibo,kibo
manibo,kibo
mifanakibo,kibo
mpanakibo,kibo
voakibo,kibo
takiboka,kiboka
anakibokiboana,kibokibo
kibokiboina,kibokibo
manakibokibo,kibokibo
mikibontana,kibontana
manakiboribory,kiboribory
kiboriborina,kiboribory
fikidanodanohana,kidanodanoka
ikidanodanohana,kidanodanoka
mikidanodanoka,kidanodanoka
mihakidiky,kidiky
anakidingidingiana,kidingidingy
fanakidingidingiana,kidingidingy
fanakidingidingy,kidingidingy
fikidingidingiana,kidingidingy
fikidingidingy,kidingidingy
ikidingidingiana,kidingidingy
manakidingidingy,kidingidingy
mikidingidingy,kidingidingy
mpanakidingidingy,kidingidingy
mpikidingidingy,kidingidingy
akidingy,kidingy
kidingidingy,kidingy
tafakidingy,kidingy
voakidingy,kidingy
mikidona,kidona
fikidona,kidona
fikidondona,kidondona
fikidondonana,kidondona
ikidondonana,kidondona
mikidondona,kidondona
kifakifaka,kifaka
manakifaka,kifaka
kifakifahina,kifakifa
kifakifaina,kifakifa
mampifankifakifa,kifakifa
mampànkifakifa,kifakifa
mifankifakifa,kifakifa
manakifakifaka,kifakifaka
akifakifaka,kifakifaka
anifakifahana,kifakifaka
fanifakifahana,kifakifaka
fanifakifaka,kifakifaka
fikifakifahana,kifakifaka
fikifakifaka,kifakifaka
ikifakifahana,kifakifaka
mahakifakifaka,kifakifaka
manifakifaka,kifakifaka
mikifakifaka,kifakifaka
mpanifakifaka,kifakifaka
mpikifakifaka,kifakifaka
voakifakifaka,kifakifaka
akifika,kifika
anakifihana,kifika
fanakifihana,kifika
fanakifika,kifika
fikifihana,kifika
fikifika,kifika
ikifihana,kifika
kifikifika,kifika
mampanakifika,kifika
manakifika,kifika
mifanakifika,kifika
mikifika,kifika
mpanakifika,kifika
mpikifika,kifika
voakifika,kifika
akifikifika,kifikifika
akifina,kifina
fikifina,kifina
fikifinana,kifina
ikifinana,kifina
kifinina,kifina
kifinkifina,kifina
mahakifina,kifina
mikifina,kifina
mpikifina,kifina
voakifina,kifina
fikihaihaizana,kihaihay
fikihaihay,kihaihay
ikihaihaizana,kihaihay
mahakihaihay,kihaihay
mikihaihay,kihaihay
mpikihaihay,kihaihay
akiho,kiho
anakihoana,kiho
fanakiho,kiho
fanakihoana,kiho
kihoina,kiho
kihokiho,kiho
kiniho,kiho
mahakiho,kiho
mampanakiho,kiho
manakiho,kiho
maniho,kiho
mifanakiho,kiho
mikiho,kiho
mpanakiho,kiho
voakiho,kiho
akija,kija
ikijana,kija
mahakija,kija
voakija,kija
fikija,kija
fikijana,kija
mikija,kija
mpikija,kija
mahakike,kike
mikike,kike
pikike,kike
voakike,kike
fikikikiana,kikikiky
fikikikikiana,kikikiky
fikikikiky,kikikiky
ikikikiana,kikikiky
ikikikikiana,kikikiky
mahakikikiky,kikikiky
mikikikiky,kikikiky
mpikikikiky,kikikiky
tsikikikiky,kikikiky
akikitra,kikitra
fikikirana,kikitra
fikikitra,kikitra
ikikirana,kikitra
kikikikitra,kikitra
kikirina,kikitra
mahakikitra,kikitra
makikitra,kikitra
mikikitra,kikitra
mpikikitra,kikitra
tafakikitra,kikitra
voakikitra,kikitra
hikiky,kiky
mampikiky,kiky
mifampikiky,kiky
pifampikiky,kiky
pikiky,kiky
takiky,kiky
akiky,kiky
anakikisana,kiky
fanakikisana,kiky
fanakiky,kiky
fikikisana,kiky
fikiky,kiky
ikikisana,kiky
kikisana,kiky
kiniky,kiky
mahakiky,kiky
makiky,kiky
mampifanakiky,kiky
manakiky,kiky
mifanakiky,kiky
mikiky,kiky
mpanakiky,kiky
mpikiky,kiky
voakiky,kiky
anakilana,kila
fanakila,kila
fanakilana,kila
kilaina,kila
kinila,kila
mahakila,kila
manakila,kila
mpanakila,kila
voakila,kila
anilakilana,kilakila
fanilakila,kilakila
fanilakilana,kilakila
kilakilaina,kilakila
kinilakila,kilakila
mahakilakila,kilakila
mampankilakila,kilakila
mampifankilakila,kilakila
manilakila,kilakila
mifankilakila,kilakila
mpanilakila,kilakila
voakilakila,kilakila
kilambolamboina,kilambolambo
anakilemana,kilema
anilemana,kilema
fanakilema,kilema
fanakilemana,kilema
fanilema,kilema
fanilemana,kilema
kilemaina,kilema
manakilema,kilema
manilema,kilema
mpanakilema,kilema
mpanilema,kilema
kiliolio,kilio
akiliolio,kiliolio
fikiliolio,kiliolio
fikilioliovana,kiliolio
ikilioliovana,kiliolio
mahakiliolio,kiliolio
mikiliolio,kiliolio
mpikiliolio,kiliolio
mahakimbake,kimbake
mañimbake,kimbake
fikimbalimbaly,kimbalimbaly
mikimbalimbaly,kimbalimbaly
fikimbato,kimbato
mahakimbato,kimbato
mikimbato,kimbato
mpikimbato,kimbato
fikimoka,kimoka
kimokimoka,kimoka
mahakimoka,kimoka
mikimoka,kimoka
mpikimoka,kimoka
tafakimoka,kimoka
voakimoka,kimoka
mikimokimo,kimokimo
fikimokimohana,kimokimoka
fikimokimoka,kimokimoka
ikimokimohana,kimokimoka
mikimokimoka,kimokimoka
mpikimokimoka,kimokimoka
tafakimokimoka,kimokimoka
voakimokimoka,kimokimoka
fikimonkimonana,kimonkimona
ikimonkimonana,kimonkimona
kimonkimonina,kimonkimona
akimpa,kimpa
mañimpa,kimpa
voakimpa,kimpa
akimpikimpy,kimpikimpy
akimpy,kimpy
anakimpiana,kimpy
fanakimpiana,kimpy
fanakimpy,kimpy
fikimpiana,kimpy
fikimpy,kimpy
ikimpiana,kimpy
kimpikimpy,kimpy
mahakimpy,kimpy
mampanakimpy,kimpy
mampifanakimpy,kimpy
mampikimpy,kimpy
manakimpy,kimpy
mifanakimpy,kimpy
mikimpy,kimpy
mpanakimpy,kimpy
mpikimpy,kimpy
voakimpy,kimpy
fahakinga,kinga
fahakingana,kinga
hakinga,kinga
hakingana,kinga
kingakinga,kinga
mahakinga,kinga
mahakingakinga,kingakinga
fikinianiavana,kinia
kiniania,kinia
fikiniania,kiniania
ikinianiavana,kiniania
kinianiavina,kiniania
mahakiniania,kiniania
mikiniania,kiniania
mpikiniania,kiniania
tafakiniania,kiniania
mikinifinify,kinifinify
akininike,kininike
fikininike,kininike
mampikininike,kininike
mihamikininike,kininike
mikininike,kininike
mikinioky,kinioky
pindikinioky,kinioky
mahakino,kino
mikino,kino
pikino,kino
voakino,kino
mahakinte,kinte
mihakinte,kinte
mikinte,kinte
kintokinto,kinto
fikintona,kintona
fikintonana,kintona
ikintonana,kintona
kintokintona,kintona
mahakintona,kintona
mikintona,kintona
mpikintona,kintona
mikiokioke,kiokioke
kipakipa,kipa
akipaka,kipaka
anakipahana,kipaka
fanakipahana,kipaka
fanakipaka,kipaka
fikipahana,kipaka
fikipaka,kipaka
ikipahana,kipaka
kipakipaka,kipaka
mahakipaka,kipaka
mampifanakipaka,kipaka
manakipaka,kipaka
mifanakipaka,kipaka
mikipaka,kipaka
mpanakipaka,kipaka
tafakipaka,kipaka
voakipaka,kipaka
fanipakipana,kipakipa
akipakipa,kipakipa
fanipakipa,kipakipa
mahakipakipa,kipakipa
manipakipa,kipakipa
mpanipakipa,kipakipa
anipakipahana,kipakipaka
fanipakipahana,kipakipaka
akipakipaka,kipakipaka
fanakipakipaka,kipakipaka
fanipakipaka,kipakipaka
mahakipakipaka,kipakipaka
mampanakipaka,kipakipaka
manakipakipaka,kipakipaka
manipakipaka,kipakipaka
mpanakipakipaka,kipakipaka
mpanipakipaka,kipakipaka
akipika,kipika
anakipihana,kipika
fanakipihana,kipika
fanakipika,kipika
fikipihana,kipika
fikipika,kipika
ikipihana,kipika
kipikipika,kipika
mahakipika,kipika
mampanakipika,kipika
mampifanakipika,kipika
manakipika,kipika
mifanakipika,kipika
mikipika,kipika
mpanakipika,kipika
mpikipika,kipika
tafakipika,kipika
voakipika,kipika
akipikipy,kipikipy
anipikipiana,kipikipy
fanipikipiana,kipikipy
fanipikipy,kipikipy
mahakipikipy,kipikipy
manipikipy,kipikipy
mpanipikipy,kipikipy
voakipikipy,kipikipy
akipilipily,kipilipily
mikipilipily,kipilipily
akipily,kipily
anakipilizana,kipily
fanakipilizana,kipily
fanakipily,kipily
fikipilizana,kipily
fikipily,kipily
ikipilizana,kipily
kipilipily,kipily
kipilizana,kipily
kipipily,kipily
mahakipily,kipily
mampanakipily,kipily
manakipily,kipily
mifanakipily,kipily
mikipily,kipily
mpanakipily,kipily
tafakipily,kipily
voakipily,kipily
fanakira,kira
fikirakira,kira
kirakira,kira
mahakirakira,kira
mikira,kira
mpanirakira,kira
anakirana,kira
fanakirana,kira
fikira,kira
fikirana,kira
ikirana,kira
kiraina,kira
mahakira,kira
manakira,kira
mpanakira,kira
mpikira,kira
voakira,kira
fanirakirana,kirakira
anirakirana,kirakira
fanirakira,kirakira
kinirakira,kirakira
kirakiraina,kirakira
manirakira,kirakira
mikirakira,kirakira
voakirakira,kirakira
akiramborambo,kiramborambo
anakiramboramboana,kiramborambo
fanakiramborambo,kiramborambo
fanakiramboramboana,kiramborambo
fikiramborambo,kiramborambo
fikiramboramboana,kiramborambo
ikiramboramboana,kiramborambo
manakiramborambo,kiramborambo
mikiramborambo,kiramborambo
mpanakiramborambo,kiramborambo
mpikiramborambo,kiramborambo
tafakiramborambo,kiramborambo
akiraro,kiraro
ampikiraro,kiraro
anakiraroana,kiraro
fanakiraro,kiraro
fanakiraroana,kiraro
fikiraro,kiraro
fikiraroana,kiraro
ikiraroana,kiraro
kiraroana,kiraro
kiraroraro,kiraro
mahakiraro,kiraro
mampikiraro,kiraro
manakiraro,kiraro
mikiraro,kiraro
mpanakiraro,kiraro
mpikiraro,kiraro
pikiraro,kiraro
voakiraro,kiraro
fanakiraviravy,kiraviravy
akiraviravy,kiraviravy
anakiraviravezana,kiraviravy
fanakiraviravezana,kiraviravy
fikiraviravezana,kiraviravy
fikiraviravy,kiraviravy
ikiraviravazana,kiraviravy
ikiraviravezana,kiraviravy
kiraviravezana,kiraviravy
mahakiraviravy,kiraviravy
manakiraviravy,kiraviravy
mikiraviravy,kiraviravy
mpanakiraviravy,kiraviravy
tafakiraviravy,kiraviravy
voakiraviravy,kiraviravy
akirazorazo,kirazorazo
anakirazorazoana,kirazorazo
fanakirazorazo,kirazorazo
fanakirazorazoana,kirazorazo
fikirazorazo,kirazorazo
fikirazorazoana,kirazorazo
ikirazorazoana,kirazorazo
mahakirazorazo,kirazorazo
manakirazorazo,kirazorazo
mikirazorazo,kirazorazo
mpanakirazorazo,kirazorazo
mpikirazorazo,kirazorazo
tafakirazorazo,kirazorazo
voakirazorazo,kirazorazo
fikiribibiana,kiribiby
fikiribiby,kiribiby
ikiribibiana,kiribiby
mahakiribiby,kiribiby
mampikiribiby,kiribiby
mifampikiribiby,kiribiby
mikiribiby,kiribiby
mpikiribiby,kiribiby
fanakirikirizana,kirikiry
fanirikirizana,kirikiry
manirikiry,kirikiry
anakirikiriana,kirikiry
anirikiriana,kirikiry
fanakirikiriana,kirikiry
fanakirikiry,kirikiry
fanirikiriana,kirikiry
fanirikiry,kirikiry
fikirikiriana,kirikiry
fikirikiry,kirikiry
kirikirina,kirikiry
mahakirikirina,kirikiry
mahakirikiry,kirikiry
mampankirikiry,kirikiry
mampifankirikiry,kirikiry
manakirikiry,kirikiry
mifankirikiry,kirikiry
mikirikiry,kirikiry
mpanakirikiry,kirikiry
mpanirikiry,kirikiry
mpikirikiry,kirikiry
akirindro,kirindro
fikirindro,kirindro
fikirindroana,kirindro
ikirindroana,kirindro
mikirindro,kirindro
mpikirindro,kirindro
tafakirindro,kirindro
akiririoka,kiririoka
anakiririohana,kiririoka
fanakiririohana,kiririoka
fanakiririoka,kiririoka
fikiririohana,kiririoka
fikiririoka,kiririoka
ikiririohana,kiririoka
kiririohina,kiririoka
mahakiririoka,kiririoka
mampanakiririoka,kiririoka
mampifanakiririoka,kiririoka
manakiririoka,kiririoka
mifanakiririoka,kiririoka
mikiririoka,kiririoka
mpanakiririoka,kiririoka
mpikiririoka,kiririoka
voakiririoka,kiririoka
mikirotra,kirotra
mikirozaroza,kirozaroza
mikiry,kiry
fikirizana,kiry
fikiry,kiry
ikirizana,kiry
kirìna,kiry
mahakiry,kiry
mampikiry,kiry
mifampikiry,kiry
mpikiry,kiry
mahakirìna,kirìna
fikisahana,kisaka
akisaka,kisaka
anakisahana,kisaka
fanakisahana,kisaka
fanakisaka,kisaka
fikisaka,kisaka
ikisahana,kisaka
kisakisaka,kisaka
mahakisaka,kisaka
mampanakisaka,kisaka
mampifanakisaka,kisaka
manakisaka,kisaka
mifanakisaka,kisaka
mikisaka,kisaka
mpanakisaka,kisaka
mpikisaka,kisaka
tafakisaka,kisaka
voakisaka,kisaka
akisake,kisake
mahakisake,kisake
mampañakisake,kisake
mampikisake,kisake
mañakisake,kisake
mikisake,kisake
pañakisake,kisake
pikisake,kisake
voakisake,kisake
kisinkisina,kisina
fikisina,kisina
fikisinana,kisina
ikisinana,kisina
kisinina,kisina
mahakisina,kisina
mikisina,kisina
mpikisina,kisina
ikisinkisinana,kisinkisina
mikisinkisina,kisinkisina
mampañisitse,kisitse
mañisitse,kisitse
mifañisitse,kisitse
pañisitse,kisitse
voakisitse,kisitse
kisokiso,kiso
kisokisoina,kiso
fikisoka,kisoka
akisoka,kisoka
fikisohana,kisoka
ikisohana,kisoka
kinisoka,kisoka
kisohina,kisoka
mahakisoka,kisoka
mikisoka,kisoka
mpikisoka,kisoka
voakisoka,kisoka
mahakisokiso,kisokiso
fikisokiso,kisokiso
fikisokisoana,kisokiso
ikisokisoana,kisokiso
mikisokiso,kisokiso
mpikisokiso,kisokiso
anakisolosoloana,kisolosolo
fanakisolosolo,kisolosolo
fanakisolosoloana,kisolosolo
fikisolosolo,kisolosolo
fikisolosoloana,kisolosolo
ikisolosoloana,kisolosolo
kisolosoloina,kisolosolo
mahakisolosolo,kisolosolo
manakisolosolo,kisolosolo
mikisolosolo,kisolosolo
mpanakisolosolo,kisolosolo
mpikisolosolo,kisolosolo
voakisolosolo,kisolosolo
makita,kita
manitakita,kitakita
akitakita,kitakita
anakitakitana,kitakita
anitakitana,kitakita
fanakitakita,kitakita
fanakitakitana,kitakita
fanitakita,kitakita
fanitakitana,kitakita
fikitakita,kitakita
fikitakitana,kitakita
ikitakitana,kitakita
kinitakita,kitakita
kitakitaina,kitakita
mampankitakita,kitakita
mampifankitakita,kitakita
mampikitakita,kitakita
manakitakita,kitakita
mifampikitakita,kitakita
mifankitakita,kitakita
mikitakita,kitakita
mpanakitakita,kitakita
mpanitakita,kitakita
mpikitakita,kitakita
voakitakita,kitakita
akitakitaka,kitakitaka
anitakitahana,kitakitaka
fanakitakitahana,kitakitaka
fanakitakitaka,kitakitaka
fanitakitahana,kitakitaka
fikitakitahana,kitakitaka
fikitakitaka,kitakitaka
ikitakitahana,kitakitaka
kitakitahina,kitakitaka
manakitakitaka,kitakitaka
manitakitaka,kitakitaka
mikitakitaka,kitakitaka
mpanakitakitaka,kitakitaka
mpanitakitaka,kitakitaka
mpikitakitaka,kitakitaka
voakitakitaka,kitakitaka
mampikitambe,kitambe
mikitambe,kitambe
pikitambe,kitambe
akitamby,kitamby
anakitambiana,kitamby
fanakitambiana,kitamby
fanakitamby,kitamby
fikitambiana,kitamby
fikitamby,kitamby
hakitamby,kitamby
ikitambiana,kitamby
kitambina,kitamby
mahakitamby,kitamby
manakitamby,kitamby
mikitamby,kitamby
mpanakitamby,kitamby
mpikitamby,kitamby
voakitamby,kitamby
fikitihana,kitika
fikitika,kitika
ikitihana,kitika
kijitika,kitika
kiritika,kitika
kitihina,kitika
kitikitika,kitika
mampankitika,kitika
mampifankitika,kitika
mifankitika,kitika
mikitika,kitika
mpikitika,kitika
voakitika,kitika
akitika,kitika
mahakitika,kitika
akitike,kitike
mahakitike,kitike
mampikitike,kitike
mifampikitike,kitike
mihamikitike,kitike
mikitike,kitike
pikitike,kitike
voakitike,kitike
kinitikitika,kitikitika
akitikitika,kitikitika
anitikitihana,kitikitika
fanitikitihana,kitikitika
fanitikitika,kitikitika
fikitikitihana,kitikitika
kitikitihina,kitikitika
mahakitikitika,kitikitika
manitikitika,kitikitika
mikito,kito
fikitoantoana,kitoantoana
mikitoantoana,kitoantoana
akitoatoa,kitoatoa
fikitoatoa,kitoatoa
fikitoatoavana,kitoatoa
ikitoatoavana,kitoatoa
kitoatoavina,kitoatoa
mikitoatoa,kitoatoa
mpikitoatoa,kitoatoa
voakitoatoa,kitoatoa
kitokitoina,kitoina
mahakitoina,kitoina
kitokitoka,kitoka
mikitoka,kitoka
mahakitokitoina,kitokitoina
fikitokitohana,kitokitoka
fikitokitoka,kitokitoka
ikitokitohana,kitokitoka
kinitokitoka,kitokitoka
kitokitohina,kitokitoka
mahakitokitoka,kitokitoka
mikitokitoka,kitokitoka
mpikitokitoka,kitokitoka
voakitokitoka,kitokitoka
fikitokitona,kitokitona
fikitokitonana,kitokitona
ikitokitonana,kitokitona
mahakitokitona,kitokitona
mikitokitona,kitokitona
fikitongatonga,kitongatonga
mikitongatonga,kitongatonga
anakitozana,kitoza
fanakitoza,kitoza
fanakitozana,kitoza
kitozaina,kitoza
kitozatoza,kitoza
manakitoza,kitoza
mpanakitoza,kitoza
voakitoza,kitoza
mikitra,kitra
akitra,kitra
anakitrana,kitra
fanakitra,kitra
fanakitrana,kitra
fikitra,kitra
fikitrana,kitra
ikitrana,kitra
kitraina,kitra
kitrakitra,kitra
mahakitra,kitra
mampanakitra,kitra
mampifanakitra,kitra
mampikitra,kitra
manakitra,kitra
mifampikitra,kitra
mifanakitra,kitra
mpanakitra,kitra
mpikitra,kitra
voakitra,kitra
akitrana,kitrana
anakitranana,kitrana
fanakitranana,kitrana
fikitranana,kitrana
ikitranana,kitrana
kitranina,kitrana
kitrankitrana,kitrana
mahakitrana,kitrana
mampanakitrana,kitrana
mampifanakitrana,kitrana
manakitrana,kitrana
mifanakitrana,kitrana
mikitrana,kitrana
mpanakitrana,kitrana
mpikitrana,kitrana
tafakitrana,kitrana
voakitrana,kitrana
mikitrankitrana,kitrankitrana
kitroana,kitro
kitroina,kitro
fikitro,kitro
fikitroana,kitro
ikitroana,kitro
mahakitro,kitro
mikitro,kitro
mpikitro,kitro
voakitro,kitro
mikitsoka,kitroka
akitroka,kitroka
anakitrohana,kitroka
fanakitrohana,kitroka
fanakitroka,kitroka
fikitrohana,kitroka
fikitroka,kitroka
hakitroka,kitroka
ikitrohana,kitroka
kitrokitroka,kitroka
mahakitroka,kitroka
manakitroka,kitroka
mikitroka,kitroka
mpikitroka,kitroka
tafakitroka,kitroka
voakitroka,kitroka
mikitsantsona,kitsantsona
mikitsaotsao,kitsaotsao
kitsitsika,kitsika
kitsoina,kitso
mikitsoloha,kitsoloha
kivazaina,kivaza
manakivazivazy,kivazivazy
mahakivikivy,kivikivy
akivilivily,kivilivily
anakiviliviliana,kivilivily
fikivilivily,kivilivily
ikiviliviliana,kivilivily
mahakivilivily,kivilivily
mampanakivilivily,kivilivily
mampifanakivilivily,kivilivily
manakivilivily,kivilivily
mifanakivilivily,kivilivily
mikivilivily,kivilivily
mpanakivilivily,kivilivily
mpikivilivily,kivilivily
tafakivilivily,kivilivily
voakivilivily,kivilivily
mikiviro,kiviro
manakivorivory,kivorivory
akivy,kivy
anakiviana,kivy
fahakiviana,kivy
fanakiviana,kivy
fanakivy,kivy
kinivy,kivy
kivikivy,kivy
kivina,kivy
mahakivy,kivy
mampanakivy,kivy
manakivy,kivy
mifanakivy,kivy
mpanakivy,kivy
voakivy,kivy
kizakiza,kiza
akizaka,kizaka
fikizahana,kizaka
fikizaka,kizaka
ikizahana,kizaka
kinizaka,kizaka
kizahina,kizaka
kizakizaka,kizaka
mahakizaka,kizaka
mampikizaka,kizaka
mifampikizaka,kizaka
mikizaka,kizaka
mpikizaka,kizaka
voakizaka,kizaka
akizake,kizake
mahakizake,kizake
mampikizake,kizake
mifampikizake,kizake
pikizake,kizake
voakizake,kizake
anizakizana,kizakiza
fanizakiza,kizakiza
fanizakizana,kizakiza
kinizakiza,kizakiza
kizakizaina,kizakiza
mampankizakiza,kizakiza
mampifankizakiza,kizakiza
manakizakiza,kizakiza
manizakiza,kizakiza
mifankizakiza,kizakiza
mpanizakiza,kizakiza
voakizakiza,kizakiza
manizakizaka,kizakizaka
fikizo,kizo
fikizoana,kizo
ikizoana,kizo
mahakizo,kizo
mikizo,kizo
mpikizo,kizo
fikoavana,koa
akoa,koa
anakoavana,koa
fanakoa,koa
fanakoavana,koa
fikoa,koa
koakoa,koa
mahakoa,koa
manakoa,koa
mikoa,koa
mpanakoa,koa
mpikoa,koa
voakoa,koa
mikoaike,koaike
anakobana,koba
fanakoba,koba
fanakobàna,koba
kobaina,koba
kobakoba,koba
mahakoba,koba
manakoba,koba
mpanakoba,koba
fikobaba,kobaba
fikobabana,kobaba
ikobabana,kobaba
kobabababa,kobaba
kobabaina,kobaba
korababa,kobaba
mahakobaba,kobaba
mikobaba,kobaba
mpikobaba,kobaba
voakobaba,kobaba
fikobabahana,kobabaka
fikobabaka,kobabaka
ikobabahana,kobabaka
kobabahina,kobabaka
mikobabaka,kobabaka
mpikobabaka,kobabaka
takobaka,kobaka
akobaka,kobaka
anakobahana,kobaka
fanakobahana,kobaka
fanakobaka,kobaka
fikobahana,kobaka
fikobaka,kobaka
ikobahana,kobaka
kobahina,kobaka
kobakobaka,kobaka
mahakobaka,kobaka
manakobaka,kobaka
mikobaka,kobaka
mpanakobaka,kobaka
mpikobaka,kobaka
voakobaka,kobaka
akobake,kobake
mahakobake,kobake
mampañobake,kobake
mampikobake,kobake
mañobake,kobake
pañobake,kobake
voakobake,kobake
anakobanana,kobana
akobana,kobana
fanakobana,kobana
fanakobanana,kobana
fikobana,kobana
fikobanana,kobana
ikobanana,kobana
kinobana,kobana
kobanina,kobana
kobankobana,kobana
mahakobana,kobana
manakobana,kobana
mikobana,kobana
mpanakobana,kobana
mpikobana,kobana
voakobana,kobana
fikobankobana,kobankobana
fikobankobanana,kobankobana
akobila,kobila
anakobilana,kobila
fanakobila,kobila
fanakobilana,kobila
fikobila,kobila
fikobilana,kobila
ikobilana,kobila
kobilaina,kobila
mahakobila,kobila
mampanakobila,kobila
mampifanakobila,kobila
manakobila,kobila
mifanakobila,kobila
mikobila,kobila
mpanakobila,kobila
mpikobila,kobila
tafakobila,kobila
voakobila,kobila
mikobilabila,kobilabila
mikobilabilaka,kobilabilaka
akobo,kobo
fikobo,kobo
mampikobo,kobo
akoboke,koboke
mahakoboke,koboke
mampañoboke,koboke
mampikoboke,koboke
mifampikoboke,koboke
mifañoboke,koboke
mikoboke,koboke
pañoboke,koboke
pikoboke,koboke
voakoboke,koboke
akobona,kobona
anakobonana,kobona
fanakobona,kobona
fanakobonana,kobona
fikobona,kobona
fikobonana,kobona
ikobonana,kobona
kobonina,kobona
kobonkobona,kobona
mahakobona,kobona
manakobona,kobona
mikobona,kobona
mpanakobona,kobona
mpikobona,kobona
sakobona,kobona
tafakobona,kobona
voakobona,kobona
mikoda,koda
kodadahina,kodada
kodadaina,kodada
koradada,kodada
mahakodada,kodada
akodadaka,kodadaka
fikodadahana,kodadaka
fikodadaka,kodadaka
ikodadahana,kodadaka
kodadadadaka,kodadaka
mikodadaka,kodadaka
mpikodadaka,kodadaka
mikodakoda,kodakoda
mikodedidedika,kodedidedika
kodedidedika,kodedika
fikodedehana,kodedika
fikodedika,kodedika
kodedehina,kodedika
mikodedika,kodedika
ikodedehana,kodedy
fikodedena,kodedy
fikodedy,kodedy
kodedena,kodedy
mikodedy,kodedy
anakodiana,kodia
ikodiadiavana,kodia
akodia,kodia
anakodiavana,kodia
fanakodia,kodia
fanakodiavana,kodia
fikodia,kodia
fikodiavana,kodia
ikodiavana,kodia
kodiadia,kodia
kodiarana,kodia
kodiavana,kodia
mahakodia,kodia
mampanakodia,kodia
manakodia,kodia
mikodia,kodia
mpanakodia,kodia
mpikodia,kodia
tafakodia,kodia
voakodia,kodia
akodiadia,kodiadia
manakodiadia,kodiadia
mikodiadia,kodiadia
mikodingidingy,kodingidingy
akodingy,kodingy
anakodingiana,kodingy
fanakodingiana,kodingy
fanakodingy,kodingy
fikodingiana,kodingy
fikodingy,kodingy
ikodingiana,kodingy
kodingidingy,kodingy
mahakodingy,kodingy
mampanakodingy,kodingy
mampifanakodingy,kodingy
mampikodingy,kodingy
manakodingy,kodingy
mifanakodingy,kodingy
mikodingy,kodingy
mpanakodingy,kodingy
mpikodingy,kodingy
tafakodingy,kodingy
voakodingy,kodingy
anakododohana,kododoka
fanakododohana,kododoka
fanakododoka,kododoka
fikododohana,kododoka
fikododoka,kododoka
ikododohana,kododoka
kododododoka,kododoka
kododohina,kododoka
mahakododoka,kododoka
mampanakododoka,kododoka
mampifanakododoka,kododoka
manakododoka,kododoka
mifanakododoka,kododoka
mikododoka,kododoka
mpanakododoka,kododoka
mpikododoka,kododoka
mikodradraka,kodradraka
fikodàna,kodàna
kodanadana,kodàna
mikodàna,kodàna
mpikodàna,kodàna
kofinkofina,kofina
fikofo,kofo
fikofoana,kofo
ikofoana,kofo
kofoina,kofo
kofokofo,kofo
mahakofo,kofo
mikofo,kofo
mpikofo,kofo
voakofo,kofo
kofokofoka,kofoka
korofoka,kofoka
tsikofokofoka,kofoka
akofoka,kofoka
anakofohana,kofoka
fanakofohana,kofoka
fanakofoka,kofoka
fikofohana,kofoka
fikofoka,kofoka
ikofohana,kofoka
kofohina,kofoka
mahakofoka,kofoka
mampanakofoka,kofoka
mampifanakofoka,kofoka
manakofoka,kofoka
mikofoka,kofoka
mpanakofoka,kofoka
mpikofoka,kofoka
tafakofoka,kofoka
voakofoka,kofoka
mahakofoke,kofoke
mampikofoke,kofoke
mikofoke,kofoke
pikofoke,kofoke
mikofokofoka,kofokofoka
akofokofoka,kofokofoka
fikofokofohana,kofokofoka
fikofokofoka,kofokofoka
mahakofona,kofona
mikofona,kofona
akohaka,kohaka
anakohafana,kohaka
fanakohafana,kohaka
fanakohaka,kohaka
fikohafana,kohaka
fikohaka,kohaka
ikohafana,kohaka
kohafina,kohaka
kohakohaka,kohaka
mahakohaka,kohaka
mampikohaka,kohaka
manakohaka,kohaka
mifampikohaka,kohaka
mikohaka,kohaka
mpanakohaka,kohaka
mpikohaka,kohaka
voakohaka,kohaka
mahakohake,kohake
mampikohake,kohake
mikohake,kohake
pikohake,kohake
mikohakohaka,kohakohaka
mikohiky,kohiky
anakohokohoana,kohokoho
manakohokoho,kohokoho
fikohokoho,kohokoho
fikohokohoana,kohokoho
ikohokohoana,kohokoho
kohokohoina,kohokoho
mahakohokoho,kohokoho
mampikohokoho,kohokoho
mifampikohokoho,kohokoho
mikohokoho,kohokoho
mpikohokoho,kohokoho
voakohokoho,kohokoho
fikohona,kohona
fikohonana,kohona
ikohonana,kohona
kohonkohona,kohona
mahakohona,kohona
mikohona,kohona
mpikohona,kohona
mikoika,koika
akoike,koike
fikoike,koike
mahakoike,koike
mampikoike,koike
mikoike,koike
pikoike,koike
fikoinkoina,koinkoina
fikoinkoinana,koinkoina
ikoinkoinana,koinkoina
mahakoinkoina,koinkoina
mikoinkoina,koinkoina
mpikoinkoina,koinkoina
fikoitsake,koitsake
mahakoitsake,koitsake
mampikoitsake,koitsake
mikoitsake,koitsake
pikoitsake,koitsake
kojakoja,koja
mampikoja,koja
mifampikoja,koja
mampikojakoja,kojakoja
mifampikojakoja,kojakoja
fikojakoja,kojakoja
fikojakojana,kojakoja
ikojakojana,kojakoja
kinojakoja,kojakoja
kojakojaina,kojakoja
mahakojakoja,kojakoja
mikojakoja,kojakoja
mpikojakoja,kojakoja
voakojakoja,kojakoja
akojijake,kojijake
mikojijake,kojijake
fanojikojena,kojikojy
fanojikojiana,kojikojy
manakojikojy,kojikojy
akojy,kojy
anakojena,kojy
fanakojena,kojy
fanakojy,kojy
kinojy,kojy
kojena,kojy
kojikojy,kojy
mahakojy,kojy
mampanakojy,kojy
mampifanakojy,kojy
manakojy,kojy
mifanakojy,kojy
mpanakojy,kojy
voakojy,kojy
fikohana,koka
mikoka,koka
takoka,koka
mokoko,koko
mikoko,koko
tsikoko,koko
fikokokoko,kokokoko
fikokokokoana,kokokoko
ikokokokoana,kokokoko
mikokokoko,kokokoko
mpikokokoko,kokokoko
ikokorana,kokotra
mikokotra,kokotra
mikoky,koky
mikolahy,kolahy
fikolatsike,kolatsike
mampikolatsike,kolatsike
mikolatsike,kolatsike
pikolatsike,kolatsike
mikolay,kolay
fikolelafana,kolelaka
fikolelahana,kolelaka
fikolelaka,kolelaka
ikolelahana,kolelaka
koleladelaka,kolelaka
mahakolelaka,kolelaka
mikolelaka,kolelaka
mpikolelaka,kolelaka
mikolepadepaka,kolepadepaka
ikolepahana,kolepaka
kolepadepaka,kolepaka
mikolepaka,kolepaka
akolepaka,kolepaka
fikolepahana,kolepaka
fikolepaka,kolepaka
mahakolepaka,kolepaka
mpikolepaka,kolepaka
tafakolepaka,kolepaka
akolepake,kolepake
fikolepake,kolepake
mikolepake,kolepake
pikolepake,kolepake
fikolialia,kolialia
fikolialiavana,kolialia
ikolialiavana,kolialia
mahakolialia,kolialia
mikolialia,kolialia
mpikolialia,kolialia
anakolikolena,kolikoly
fanolikoly,kolikoly
manolikoly,kolikoly
mikolikoly,kolikoly
akolikoly,kolikoly
anolikolena,kolikoly
fanakolikoly,kolikoly
fanolikolena,kolikoly
kinolikoly,kolikoly
kolikolena,kolikoly
mahakolikoly,kolikoly
manakolikoly,kolikoly
mpanakolikoly,kolikoly
voakolikoly,kolikoly
mikolitsaka,kolitsaka
fikoloana,kolo
koloina,kolo
mikolo,kolo
fanakolokoloana,kolokolo
fanolokoloanana,kolokolo
fikolokoloana,kolokolo
kolokoloina,kolokolo
anolokoloana,kolokolo
fahakolokoloana,kolokolo
fanolokolo,kolokolo
fanolokoloana,kolokolo
manakolokolo,kolokolo
manolokolo,kolokolo
mpanolokolo,kolokolo
voakolokolo,kolokolo
fikolokolo,kolokolo
ikolokoloana,kolokolo
mahakolokolo,kolokolo
mikolokolo,kolokolo
mpikolokolo,kolokolo
akolontake,kolontake
mampikolontake,kolontake
mañolontake,kolontake
mikolontake,kolontake
mampankoly,koly
mampifankoly,koly
mifankoly,koly
mikomaky,komaky
mampikomba,komba
mikomba,komba
pikomba,komba
akombo,kombo
mahakombo,kombo
mampikombo,kombo
mañakombo,kombo
pañakombo,kombo
pikombo,kombo
voakombo,kombo
akombona,kombona
anakombonana,kombona
fanakombona,kombona
fanakombonana,kombona
fikombona,kombona
fikombonana,kombona
ikombonana,kombona
kombonkombona,kombona
mahakombona,kombona
mampanakombona,kombona
mampifanakombona,kombona
mampikombona,kombona
manakombona,kombona
mifanakombona,kombona
mikombona,kombona
mpanakombona,kombona
mpikombona,kombona
tafakombona,kombona
voakombona,kombona
mikombonkombona,kombonkombona
akomby,komby
fikombiana,komby
fikomby,komby
ikombiana,komby
kinomby,komby
kombiana,komby
kombikomby,komby
kombina,komby
mahakomby,komby
mikomby,komby
voakomby,komby
akome,kome
ampikome,kome
mahakome,kome
mampikome,kome
mifampikome,kome
mikome,kome
pikome,kome
voakome,kome
fikomokomoke,komokomoke
mampikomokomoke,komokomoke
mikomokomoke,komokomoke
pikomokomoke,komokomoke
mahakomonjo,komonjo
mañomonjo,komonjo
mifañomonjo,komonjo
mikomonjo,komonjo
pañomonjo,komonjo
voakomonjo,komonjo
mampikompo,kompo
mikompo,kompo
voakompo,kompo
kompaina,kompà
manakompà,kompà
voakompà,kompà
fikomiana,komy
fikomy,komy
ikomiana,komy
komikomy,komy
mahakomy,komy
mikomy,komy
tafakomy,komy
konainaika,konaika
fikonaina,konaina
fikonainana,konaina
mikonaina,konaina
fikonainaihana,konainaika
fikonainaika,konainaika
ikonainaihana,konainaika
mahakonainaika,konainaika
mikonainaika,konainaika
mpikonainaika,konainaika
fikonainaina,konainaina
fikonainainana,konainaina
ikonainainana,konainaina
mahakonainaina,konainaina
mikonainaina,konainaina
mpikonainaina,konainaina
fikonanterana,konantitra
fikonantitra,konantitra
ikonanterana,konantitra
mikonantitra,konantitra
mpikonantitra,konantitra
fikondendena,kondendina
ikondendena,kondendy
fikondendenana,kondendy
fikondendina,kondendy
fikondendy,kondendy
kondendina,kondendy
kondendindendy,kondendy
mahakondendy,kondendy
mikondendy,kondendy
mpikondendy,kondendy
akonesa,konesa
fikonesa,konesa
fikonesana,konesa
ikonesana,konesa
konesanesa,konesa
mahakonesa,konesa
mikonesa,konesa
mpikonesa,konesa
akonetaka,konetaka
fikonetahana,konetaka
fikonetaka,konetaka
ikonetahana,konetaka
konetanetaka,konetaka
mahakonetaka,konetaka
mikonetaka,konetaka
mpikonetaka,konetaka
tafakonetaka,konetaka
fikonfesena,konfesy
fikonfesy,konfesy
ikonfesena,konfesy
mahakonfesy,konfesy
mampikonfesy,konfesy
mikonfesy,konfesy
mpikonfesy,konfesy
mikonga,konga
kongonina,kongona
akonjay,konjay
fikonjay,konjay
mampikonjay,konjay
mikonjay,konjay
pikonjay,konjay
konjokonjo,konjo
mikonjo,konjo
mampikonko,konko
anononkononana,kononkonona
fanononkonona,kononkonona
fanononkononana,kononkonona
fikononkonona,kononkonona
fikononkononana,kononkonona
ikononkononana,kononkonona
kononkononina,kononkonona
mahakononkonona,kononkonona
manononkonona,kononkonona
mikononkonona,kononkonona
mpanononkonona,kononkonona
mpikononkonona,kononkonona
voakononkonona,kononkonona
fangonotse,konotse
mahakonotse,konotse
mampangonotse,konotse
mangonotse,konotse
akontsa,kontsa
mahakontsa,kontsa
mampikontsa,kontsa
mañakontsa,kontsa
mikontsa,kontsa
pañakontsa,kontsa
pikontsa,kontsa
voakontsa,kontsa
fikopaike,kopaike
akopaka,kopaka
fikopahana,kopaka
fikopaka,kopaka
ikopahana,kopaka
kopahina,kopaka
kopakopaka,kopaka
mahakopaka,kopaka
mampikopaka,kopaka
mifampikopaka,kopaka
mikopaka,kopaka
mpikopaka,kopaka
tafakopaka,kopaka
voakopaka,kopaka
akopake,kopake
mahakopake,kopake
mampañopake,kopake
manopake,kopake
mifañopake,kopake
mihakopake,kopake
mikopake,kopake
pañopake,kopake
voakopake,kopake
akopakopaka,kopakopaka
mikopakopaka,kopakopaka
mampañopakopake,kopakopake
mañopakopake,kopakopake
mifañopakopake,kopakopake
mikopakopake,kopakopake
pañopakopake,kopakopake
voakopakopake,kopakopake
mikopandry,kopandry
akopapaka,kopapaka
mikopapaka,kopapaka
ikopeana,kope
fikopetaka,kopetaka
mikopetaka,kopetaka
ikopiana,kopia
fikopia,kopia
fikopiazana,kopia
ikopiazana,kopia
kopiazina,kopia
mahakopia,kopia
mikopia,kopia
mpikopia,kopia
voakopia,kopia
fikopike,kopike
mampikopike,kopike
mikopike,kopike
fikopilapila,kopilapila
fikopilapilana,kopilapila
ikopilapilana,kopilapila
mikopilapila,kopilapila
mpikopilapila,kopilapila
fanakopoka,kopoka
akopoka,kopoka
anakopohana,kopoka
fanakopohana,kopoka
fikopohana,kopoka
fikopoka,kopoka
ikopohana,kopoka
kopohina,kopoka
kopokopoka,kopoka
mahakopoka,kopoka
manakopoka,kopoka
mikopoka,kopoka
mpanakopoka,kopoka
mpikopoka,kopoka
tafakopoka,kopoka
voakopoka,kopoka
mikopokopoka,kopokopoka
mikoraika,koraika
akoràka,koraka
fikorahana,koraka
fikoraka,koraka
ikorahana,koraka
koradrahina,koraka
koradràka,koraka
mahakoràka,koraka
mikoràka,koraka
mpikoràka,koraka
tafakoraka,koraka
mahakorake,korake
mampikorake,korake
manoraka,korake
mifampikorake,korake
pikorake,korake
voakorake,korake
mikoraky,koraky
akorana,korana
fikorana,korana
fikoranana,korana
ikoranana,korana
korandrana,korana
koranina,korana
mahakorana,korana
mampikorana,korana
mifampikorana,korana
mikorana,korana
mpikorana,korana
tafakorana,korana
akorandendy,korandendy
fikorandendena,korandendy
fikorandendy,korandendy
ikorandendena,korandendy
mahakorandendy,korandendy
mikorandendy,korandendy
mpikorandendy,korandendy
tafakorandendy,korandendy
mikorapadrapaka,korapadrapaka
fanakorapaka,korapaka
mpanakorapaka,korapaka
akorapaka,korapaka
anakorapahana,korapaka
fanakorapahana,korapaka
fikorapahana,korapaka
fikorapaka,korapaka
ikorapahana,korapaka
korapahina,korapaka
mahakorapaka,korapaka
mampanakorapaka,korapaka
mampifanakorapaka,korapaka
manakorapaka,korapaka
mifanakorapaka,korapaka
mikorapaka,korapaka
mpikorapaka,korapaka
tafakorapaka,korapaka
voakorapaka,korapaka
akoraraika,koraraika
fikoraraihana,koraraika
fikoraraika,koraraika
ikoraraihana,koraraika
mahakoraraika,koraraika
mikoraraika,koraraika
mpikoraraika,koraraika
akorataba,korataba
anakoratabana,korataba
fanakorataba,korataba
fanakoratabana,korataba
fikorataba,korataba
fikoratabana,korataba
ikoratabana,korataba
mahakorataba,korataba
mampanakorataba,korataba
mampifanakorataba,korataba
manakorataba,korataba
mifanakorataba,korataba
mikorataba,korataba
mpanakorataba,korataba
mpikorataba,korataba
voakorataba,korataba
fikoratata,koratata
mikoratata,koratata
akorefa,korefa
anakorefana,korefa
fanakorefa,korefa
fanakorefana,korefa
fikorefa,korefa
fikorefana,korefa
ikorefana,korefa
korefaina,korefa
mahakorefa,korefa
manakorefa,korefa
mikorefa,korefa
mpanakorefa,korefa
mpikorefa,korefa
voakorefa,korefa
akoretika,koretika
anakoretehana,koretika
fanakoretehana,koretika
fanakoretika,koretika
fikoretehana,koretika
fikoretika,koretika
ikoretehana,koretika
koretehina,koretika
koretidretika,koretika
mahakoretika,koretika
mampanakoretika,koretika
mampifanakoretika,koretika
manakoretika,koretika
mifanakoretika,koretika
mikoretika,koretika
mpanakoretika,koretika
mpikoretika,koretika
tafakoretika,koretika
voakoretika,koretika
fikoretsehana,koretsika
fikoretsika,koretsika
ikoretsehana,koretsika
mikoretsika,koretsika
mpikoretsika,koretsika
tafakoretsika,koretsika
anakoriavana,koriana
ikoriavana,koriana
akoriana,koriana
anakorianana,koriana
fanakoriana,koriana
fanakorianana,koriana
fikoriana,koriana
fikorianana,koriana
ikorianana,koriana
korianana,koriana
koriandriana,koriana
mahakoriana,koriana
mampanakoriana,koriana
mampifanakoriana,koriana
mampikoriana,koriana
manakoriana,koriana
mifampikoriana,koriana
mifanakoriana,koriana
mikoriana,koriana
mpanakoriana,koriana
mpikoriana,koriana
tafakoriana,koriana
voakoriana,koriana
akoriandriana,koriandriana
akorintsana,korintsana
anakorintsanana,korintsana
fanakorintsana,korintsana
fanakorintsanana,korintsana
fikorintsana,korintsana
fikorintsanana,korintsana
ikorintsanana,korintsana
korintsandrintsana,korintsana
korintsanina,korintsana
mahakorintsana,korintsana
manakorintsana,korintsana
mikorintsana,korintsana
mpanakorintsana,korintsana
mpikorintsana,korintsana
tafakorintsana,korintsana
voakorintsana,korintsana
korirarira,korira
mampikorira,korira
mifampikorira,korira
fanakorirarirana,korirarira
fikorirarirana,korirarira
akorirarira,korirarira
anakorirarirana,korirarira
fanakorirarira,korirarira
fikorirarira,korirarira
ikorirarirana,korirarira
korirariraina,korirarira
mahakorirarira,korirarira
manakorirarira,korirarira
mikorirarira,korirarira
mpikorirarira,korirarira
tafakorirarira,korirarira
voakorirarira,korirarira
ikorisanana,korisa
akorisa,korisa
anakorisana,korisa
fanakorisa,korisa
fanakorisana,korisa
fikorisa,korisa
fikorisana,korisa
ikorisana,korisa
korisaina,korisa
kororisa,korisa
mahakorisa,korisa
mampikorisa,korisa
manakorisa,korisa
mikorisa,korisa
mpanakorisa,korisa
mpikorisa,korisa
pañakorisa,korisa
tafakorisa,korisa
voakorisa,korisa
fanorokoro,koro
fanorokoroana,koro
mikorokoro,koro
anakoroana,koro
fanakoro,koro
fanakoroana,koro
koroana,koro
koroina,koro
mahakoro,koro
manakoro,koro
mpanakoro,koro
akoro,koro
fikoro,koro
fikoroana,koro
ikoroana,koro
korokoro,koro
mikoro,koro
mpikoro,koro
tafakoro,koro
voakoro,koro
akorobobo,korobobo
anakoroboboana,korobobo
fanakorobobo,korobobo
fanakoroboboana,korobobo
fikorobobo,korobobo
fikoroboboana,korobobo
ikoroboboana,korobobo
koroboboina,korobobo
mahakorobobo,korobobo
manakorobobo,korobobo
mikorobobo,korobobo
mpanakorobobo,korobobo
mpikorobobo,korobobo
tafakorobobo,korobobo
voakorobobo,korobobo
akorododo,korododo
anakorododoana,korododo
fanakorododo,korododo
fanakorododoana,korododo
fikorododo,korododo
fikorododoana,korododo
ikorododoana,korododo
korododoina,korododo
korododosina,korododo
mahakorododo,korododo
mampanakorododo,korododo
mampifanakorododo,korododo
manakorododo,korododo
mifanakorododo,korododo
mikorododo,korododo
mpanakorododo,korododo
mpikorododo,korododo
tafakorododo,korododo
voakorododo,korododo
anakorodonana,korodona
fanakorodona,korodona
fanakorodonana,korodona
fikorodona,korodona
fikorodonana,korodona
ikorodonana,korodona
korodonina,korodona
mahakorodona,korodona
manakorodona,korodona
mikorodona,korodona
mpanakorodona,korodona
mpikorodona,korodona
voakorodona,korodona
akorodorodo,korodorodo
korodondrodoina,korodorodo
korodorodoina,korodorodo
mikorodorodo,korodorodo
mikorofodrofoka,korofodrofoka
mifanakorofoka,korofoka
akorofoka,korofoka
anakorofohana,korofoka
fanakorofohana,korofoka
fanakorofoka,korofoka
fikorofohana,korofoka
fikorofoka,korofoka
ikorofohana,korofoka
korofodrofoka,korofoka
korofohina,korofoka
korofoina,korofoka
mahakorofoka,korofoka
mampanakorofoka,korofoka
mampifanakorofoka,korofoka
manakorofoka,korofoka
mikorofoka,korofoka
mpanakorofoka,korofoka
mpikorofoka,korofoka
tafakorofoka,korofoka
voakorofoka,korofoka
fikorofoke,korofoke
mikorofoke,korofoke
pikorofoke,korofoke
akorokoro,korokoro
anakorokoroana,korokoro
korokoroina,korokoro
mampikorokoro,korokoro
manakorokoro,korokoro
manorokoro,korokoro
akoromake,koromake
mahakoromake,koromake
mampañoromake,koromake
mampikoromake,koromake
mikoromake,koromake
pañoromake,koromake
pikoromake,koromake
voakoromake,koromake
ikorombibiana,korombimby
fikorombimbiana,korombimby
fikorombimby,korombimby
korombimbina,korombimby
mahakorombimby,korombimby
mikorombimby,korombimby
mpikorombimby,korombimby
fanakorongoana,koromby
akoromby,koromby
anakorombiana,koromby
fanakorombiana,koromby
fanakoromby,koromby
fikorombiana,koromby
fikoromby,koromby
ikorombiana,koromby
korombina,koromby
mahakoromby,koromby
manakoromby,koromby
mikoromby,koromby
mpanakoromby,koromby
mpikoromby,koromby
tafakoromby,koromby
voakoromby,koromby
tafakorondendy,korondendy
akorongo,korongo
anakorongoana,korongo
fanakorongo,korongo
fikorongo,korongo
fikorongoana,korongo
ikorongoana,korongo
mahakorongo,korongo
manakorongo,korongo
mikorongo,korongo
mpanakorongo,korongo
mpikorongo,korongo
tafakorongo,korongo
voakorongo,korongo
akoronta,koronta
mampikoronta,koronta
mañakoronta,koronta
mikoronta,koronta
pañakoronta,koronta
pikoronta,koronta
voakoronta,koronta
akorontana,korontana
anakorontanana,korontana
fanakorontana,korontana
fanakorontanana,korontana
fikorontana,korontana
fikorontanana,korontana
ikorontanana,korontana
korontandrontana,korontana
korontanina,korontana
mahakorontana,korontana
mampanakorontana,korontana
mampifanakorontana,korontana
mampikorontana,korontana
manakorontana,korontana
mifanakorontana,korontana
mikorontana,korontana
mpanakorontana,korontana
mpikorontana,korontana
tafakorontana,korontana
voakorontana,korontana
fikoropahana,koropaka
fikoropaka,koropaka
ikoropahana,koropaka
mikoropaka,koropaka
mpikoropaka,koropaka
mahakoropake,koropake
mampikoropake,koropake
mikoropake,koropake
pikoropake,koropake
mikoropapa,koropapa
mikoropoka,koropoka
mikoropoke,koropoke
anakororohana,kororoka
akororoka,kororoka
fikororohana,kororoka
fikororoka,kororoka
ikororohana,kororoka
kororodroka,kororoka
kororohina,kororoka
mahakororoka,kororoka
mampikororoka,kororoka
mifampikororoka,kororoka
mikororoka,kororoka
mpikororoka,kororoka
voakororoka,kororoka
akororoke,kororoke
mahakororoke,kororoke
mampañororoke,kororoke
mifañororoke,kororoke
mikororoke,kororoke
pañororoke,kororoke
voakororoke,kororoke
akororosy,kororosy
ankororosy,kororosy
fikororosiana,kororosy
fikororosy,kororosy
ikororosiana,kororosy
mahakororosy,kororosy
mikororosy,kororosy
mpikororosy,kororosy
tafakororosy,kororosy
voakororosy,kororosy
akorosy,korosy
anakorosiana,korosy
fanakorosiana,korosy
fanakorosy,korosy
fikorosiana,korosy
fikorosy,korosy
ikorosiana,korosy
korosina,korosy
korosirosy,korosy
mahakorosy,korosy
manakorosy,korosy
mikorosy,korosy
mpanakorosy,korosy
mpikorosy,korosy
tafakorosy,korosy
voakorosy,korosy
anakorotehana,korotika
fanakorotehana,korotika
fanakorotika,korotika
fikorotehana,korotika
fikorotika,korotika
ikorotehana,korotika
korotehina,korotika
korotidrotika,korotika
mahakorotika,korotika
mampanakorotika,korotika
mampifanakorotika,korotika
manakorotika,korotika
mifanakorotika,korotika
mikorotika,korotika
mpanakorotika,korotika
mpikorotika,korotika
tafakorotika,korotika
voakorotika,korotika
akorotsaka,korotsaka
anakorotsahana,korotsaka
fanakorotsahana,korotsaka
fanakorotsaka,korotsaka
fikorotsahana,korotsaka
fikorotsaka,korotsaka
ikorotsahana,korotsaka
korotsadrotsaka,korotsaka
korotsahana,korotsaka
mahakorotsaka,korotsaka
manakorotsaka,korotsaka
mikorotsaka,korotsaka
mpanakorotsaka,korotsaka
mpikorotsaka,korotsaka
tafakorotsaka,korotsaka
voakorotsaka,korotsaka
akosesy,kosesy
anakosesena,kosesy
fanakosesena,kosesy
fanakosesy,kosesy
fikosesena,kosesy
fikosesy,kosesy
ikosesena,kosesy
kosesisesy,kosesy
mahakosesy,kosesy
manakosesy,kosesy
mikosesy,kosesy
mpanakosesy,kosesy
mpikosesy,kosesy
tafakosesy,kosesy
voakosesy,kosesy
fikosehana,kosika
fikosika,kosika
ikosehana,kosika
kosehina,kosika
kosikosika,kosika
mahakosika,kosika
mikosika,kosika
mpikosika,kosika
voakosika,kosika
fikosike,kosike
mahakosike,kosike
mampikosike,kosike
mikosike,kosike
voakosike,kosike
takosehy,kosiky
anakosenana,kosina
fanakosenana,kosina
takosina,kosina
akosina,kosina
anakosehana,kosina
fanakosehana,kosina
fanakosina,kosina
fikosenana,kosina
fikosina,kosina
ikosenana,kosina
kosinkosina,kosina
mahakosina,kosina
mampanakosina,kosina
mampifanakosina,kosina
manakosina,kosina
mifanakosina,kosina
mikosina,kosina
mpanakosina,kosina
mpikosina,kosina
tafakosina,kosina
voakosina,kosina
akositra,kositra
anakoserana,kositra
fanakoserana,kositra
fanakositra,kositra
koserina,kositra
kosikositra,kositra
kosirina,kositra
mahakositra,kositra
manakositra,kositra
mpanakositra,kositra
voakositra,kositra
mahakoso,koso
fikosoka,kosoka
akosoka,kosoka
anakosohana,kosoka
fanakosohana,kosoka
fanakosoka,kosoka
fikosohana,kosoka
ikosohana,kosoka
kinosoka,kosoka
kosohina,kosoka
mahakosoka,kosoka
manakosoka,kosoka
mikosoka,kosoka
mpanakosoka,kosoka
mpikosoka,kosoka
voakosoka,kosoka
akotaba,kotaba
anakotabana,kotaba
fanakotaba,kotaba
fanakotabana,kotaba
fikotaba,kotaba
fikotabana,kotaba
ikotabana,kotaba
korataba,kotaba
kotabaina,kotaba
mahakotaba,kotaba
manakotaba,kotaba
mañotaba,kotaba
mifañotaba,kotaba
mpanakotaba,kotaba
mpikotaba,kotaba
pañotaba,kotaba
pifañotaba,kotaba
pikotaba,kotaba
voakotaba,kotaba
kotakotaka,kotaka
akotana,kotana
anakotanana,kotana
fanakotana,kotana
fanakotanana,kotana
fikotana,kotana
fikotanana,kotana
ikotanana,kotana
kotanina,kotana
kotankotana,kotana
mahakotana,kotana
mampanakotana,kotana
mampifanakotana,kotana
manakotana,kotana
mifanakotana,kotana
mikotana,kotana
mpanakotana,kotana
mpikotana,kotana
tafakotana,kotana
voakotana,kotana
fikotehana,kotika
fikotika,kotika
manakotikotika,kotika
mifanakotika,kotika
mikotika,kotika
kotikotika,kotika
manakotika,kotika
manotikotika,kotikotika
anakotikotehana,kotikotika
fanakotikotehana,kotikotika
fanakotikotika,kotikotika
fanotikotehana,kotikotika
fanotikotika,kotikotika
fikotikotehana,kotikotika
fikotikotika,kotikotika
ikotikotehana,kotikotika
kotikotehina,kotikotika
mahakotikotika,kotikotika
mikotikotika,kotikotika
mpanakotikotika,kotikotika
mpikotikotika,kotikotika
voakotikotika,kotikotika
mahakotoke,kotoke
mihakotoke,kotoke
fikotona,kotona
fikotonana,kotona
ikotonana,kotona
mikotona,kotona
mpikotona,kotona
tafakotona,kotona
fikotra,kotra
anakotrana,kotra
fanakotrana,kotra
kotraina,kotra
mahakotra,kotra
manakòtra,kotra
mifanakotra,kotra
kotrakotraka,kotraka
fikotrakotrahana,kotrakotraka
ikotrakotrahana,kotrakotraka
kotrakotrahina,kotrakotraka
mikotrakotraka,kotrakotraka
voakotrakotraka,kotrakotraka
akotrana,kotrana
anakotranana,kotrana
fanakotranana,kotrana
fikotrana,kotrana
fikotranana,kotrana
ikotranana,kotrana
kotranina,kotrana
kotrankotrana,kotrana
mahakotrana,kotrana
mampikotrana,kotrana
manakotrana,kotrana
mifampikotrana,kotrana
mikotrana,kotrana
mpanakotrana,kotrana
mpikotrana,kotrana
tafakotrana,kotrana
voakotrana,kotrana
mikotrefa,kotrefa
akotrefaka,kotrefaka
fikotrefahana,kotrefaka
fikotrefaka,kotrefaka
ikotrefahana,kotrefaka
kotrefatrefaka,kotrefaka
mahakotrefaka,kotrefaka
mikotrefaka,kotrefaka
mpikotrefaka,kotrefaka
fikotretrahana,kotretraka
ikotretrahana,kotretraka
akotretrika,kotretrika
fikotretrehana,kotretrika
fikotretrika,kotretrika
ikotretrehana,kotretrika
kotretritretrika,kotretrika
mahakotretrika,kotretrika
mikotretrika,kotretrika
mpikotretrika,kotretrika
mikotrifa,kotrifa
akotrifana,kotrifana
anakotrifanana,kotrifana
fanakotrifana,kotrifana
fanakotrifanana,kotrifana
fikotrifana,kotrifana
fikotrifanana,kotrifana
ikotrifanana,kotrifana
kotrifanina,kotrifana
mahakotrifana,kotrifana
manakotrifana,kotrifana
mikotrifana,kotrifana
mpanakotrifana,kotrifana
mpikotrifana,kotrifana
mikotrifantrifana,kotrifantrifana
mikotrifatrifa,kotrifatrifa
fanakotrika,kotrika
manotrika,kotrika
akotrika,kotrika
anakotrehana,kotrika
fanakotrehana,kotrika
fikotrehana,kotrika
fikotrika,kotrika
ikotrehana,kotrika
kotrehina,kotrika
kotrikotrika,kotrika
mahakotrika,kotrika
manakotrika,kotrika
mikotrika,kotrika
mpanakotrika,kotrika
mpikotrika,kotrika
tafakotrika,kotrika
voakotrika,kotrika
akotringa,kotringa
fikotringa,kotringa
fikotringana,kotringa
ikotringana,kotringa
mahakotringa,kotringa
mikotringa,kotringa
mpikotringa,kotringa
mikotringatringa,kotringatringa
mikotritratritra,kotritratritra
akotroka,kotroka
fikotrohana,kotroka
fikotroka,kotroka
hakotroka,kotroka
ikotrohana,kotroka
kotrohina,kotroka
kotrokotroka,kotroka
mahakotroka,kotroka
makotroka,kotroka
mikotroka,kotroka
mpikotroka,kotroka
tafakotroka,kotroka
takotroka,kotroka
voakotroka,kotroka
akotrokotroka,kotrokotroka
fikotrokotroka,kotrokotroka
manakotrokotroka,kotrokotroka
mikotrokotroka,kotrokotroka
mikotroky,kotroky
akotsa,kotsa
anakotsana,kotsa
fanakotsa,kotsa
fanakotsana,kotsa
kinotsa,kotsa
kotsaina,kotsa
kotsakotsa,kotsa
kotsana,kotsa
mahakotsa,kotsa
manakotsa,kotsa
mihakotsa,kotsa
mpanakotsa,kotsa
voakotsa,kotsa
akotsaba,kotsaba
fikotsaba,kotsaba
fikotsabana,kotsaba
ikotsabana,kotsaba
kotsabaina,kotsaba
kotsabatsaba,kotsaba
mahakotsaba,kotsaba
mikotsaba,kotsaba
mpikotsaba,kotsaba
tafakotsaba,kotsaba
voakotsaba,kotsaba
fikotseke,kotseke
mampikotseke,kotseke
mikotseke,kotseke
mahakotsekotseke,kotsekotseke
mampañotsikotsike,kotsekotseke
mañotsekotseke,kotsekotseke
mifañotsikotsike,kotsekotseke
mikotsekotseke,kotsekotseke
pañotsikotsike,kotsekotseke
pifañotsikotsike,kotsekotseke
voakotsikotsike,kotsekotseke
akotsetsa,kotsetsa
fikotsetsa,kotsetsa
fikotsetsana,kotsetsa
ikotsetsana,kotsetsa
kotsetsatsetsa,kotsetsa
mahakotsetsa,kotsetsa
mampikotsetsa,kotsetsa
mifampikotsetsa,kotsetsa
mikotsetsa,kotsetsa
mpikotsetsa,kotsetsa
mikotsetsotsetso,kotsetsotsetso
akotsokotsoka,kotsokotsoka
anotsokotsohana,kotsokotsoka
fanotsokotsohana,kotsokotsoka
fanotsokotsoka,kotsokotsoka
kotsokotsohana,kotsokotsoka
manotsokotsoka,kotsokotsoka
voakotsokotsoka,kotsokotsoka
akotsovoke,kotsovoke
mampikotsovoke,kotsovoke
mikotsovoke,kotsovoke
pikotsovoke,kotsovoke
voakotsovoke,kotsovoke
akovavake,kovavake
mampikovavake,kovavake
mikovavake,kovavake
akovavy,kovavy
fikovaviana,kovavy
fikovavy,kovavy
ikovaviana,kovavy
mahakovavy,kovavy
mikovavy,kovavy
mpikovavy,kovavy
mikoviaviaka,koviaviaka
akovilavila,kovilavila
anakovilavilana,kovilavila
fanakovilavila,kovilavila
fanakovilavilana,kovilavila
fikovilavila,kovilavila
fikovilavilana,kovilavila
ikovilavilana,kovilavila
kovilavilaina,kovilavila
mahakovilavila,kovilavila
manakovilavila,kovilavila
mikovilavila,kovilavila
mpanakovilavila,kovilavila
mpikovilavila,kovilavila
tafakovilavila,kovilavila
voakovilavila,kovilavila
akovotsake,kovotsake
mampikovotsake,kovotsake
mañakovotsake,kovotsake
mikovotsake,kovotsake
pikovotsake,kovotsake
fikovovoke,kovovoke
mampikovovoke,kovovoke
mikovovoke,kovovoke
pikovovoke,kovovoke
fikoizana,koy
fikoy,koy
ikoizana,koy
mikoy,koy
mpikoy,koy
mikozy,kozy
andana,la
handà,la
alà,la
andavana,la
andavany,la
fandavana,la
fandà,la
laneñe,la
lavina,la
mahalà,la
mandandà,la
mandà,la
mpandà,la
tafalà,la
voalà,la
filadiladiana,ladilady
maladilady,ladilady
fandadilady,ladilady
filadilady,ladilady
iladiladiana,ladilady
mahaladilady,ladilady
mandadilady,ladilady
miladilady,ladilady
mpiladilady,ladilady
andadinana,ladina
fandadina,ladina
fandadinana,ladina
ladindadina,ladina
ladinina,ladina
mahaladina,ladina
mandadina,ladina
mifandadina,ladina
mpandadina,ladina
voaladina,ladina
filadirana,laditra
filaditra,laditra
iladirana,laditra
ladidaditra,laditra
ladirina,laditra
mahaladitra,laditra
miladitra,laditra
mpiladitra,laditra
voaladitra,laditra
mampalady,lady
fahalady,lady
halady,lady
mahalady,lady
malady,lady
ampandadiana,lady
andadiana,lady
fandadiana,lady
fandady,lady
ladilady,lady
ladina,lady
mandady,lady
mpandady,lady
tafalady,lady
alafatra,lafatra
andafarana,lafatra
fandafarana,lafatra
fandafatra,lafatra
fifandafarana,lafatra
filafarana,lafatra
filafatra,lafatra
ifandafarana,lafatra
ilafarana,lafatra
lafadafatra,lafatra
lafarana,lafatra
mahalafatra,lafatra
mandafatra,lafatra
mifandafatra,lafatra
milafatra,lafatra
mpandafatra,lafatra
mpilafatra,lafatra
voalafatra,lafatra
alafika,lafika
andafihana,lafika
fandafihana,lafika
fandafika,lafika
filafihana,lafika
filafika,lafika
ilafihana,lafika
lafidafika,lafika
lafihana,lafika
mahalafika,lafika
mandafika,lafika
milafika,lafika
mpandafika,lafika
mpilafika,lafika
tafalafika,lafika
voalafika,lafika
alafike,lafike
mahalafike,lafike
mampandafike,lafike
mandafike,lafike
milafike,lafike
pandafike,lafike
voalafike,lafike
lafiha,lafiky
mandafiky,lafiky
lafarina,lafitra
holafitra,lafitra
andofoana,lafo
fahalafo,lafo
fahalafosana,lafo
halafo,lafo
halafosana,lafo
lafolafo,lafo
mahalafo,lafo
mandafo,lafo
mihalafo,lafo
mpandafo,lafo
filafolafo,lafolafo
filafolafoana,lafolafo
ilafolafoana,lafolafo
milafolafo,lafolafo
mpilafolafo,lafolafo
andafy,lafy
alafy,lafy
andafasana,lafy
andafiana,lafy
fandafisana,lafy
fandafy,lafy
lafasana,lafy
lafilafy,lafy
mahalafy,lafy
mandafy,lafy
mpandafy,lafy
voalafy,lafy
mandaginy,laginy
alahadahatra,lahadahatra
tandahadahatra,lahadahatra
voalahadahatra,lahadahatra
mandahasa,lahasa
filahasa,lahasa
lahasaina,lahasa
milahasa,lahasa
mpilahasa,lahasa
voalahasa,lahasa
mandahateny,lahateny
alahatra,lahatra
andaharana,lahatra
fandaharana,lahatra
fandahatra,lahatra
filaharana,lahatra
filahatra,lahatra
ilaharana,lahatra
lahadahatra,lahatra
laharana,lahatra
mahalahatra,lahatra
mandahatra,lahatra
mifandahatra,lahatra
milahatra,lahatra
mpampifandahatra,lahatra
mpandahatra,lahatra
mpilahatra,lahatra
tafalahatra,lahatra
tandahatra,lahatra
voalahatra,lahatra
alahatse,lahatse
falahatse,lahatse
mahalahatse,lahatse
mampandahatse,lahatse
mampilahatse,lahatse
mandahatse,lahatse
mifandahatse,lahatse
milahatse,lahatse
pandahatse,lahatse
pifandahatse,lahatse
pilahatse,lahatse
voalahatse,lahatse
andahilahiana,lahilahy
fandahilahiana,lahilahy
fandahilahy,lahilahy
fialahilahiana,lahilahy
lahilahina,lahilahy
mahalahilahy,lahilahy
mandahilahy,lahilahy
mampandahina,lahina
mampifandahina,lahina
mifandahina,lahina
milaho,laho
laholaho,laho
malaho,laho
lahoina,laho
laholahoina,laholaho
malaholaho,laholaho
mianadahy,lahy
mpandahilahy,lahy
zalahy,lahy
ambavy,lahy
andahy,lahy
filahiana,lahy
kandahy,lahy
lahilahy,lahy
mahalahy,lahy
miandahy,lahy
alaika,laika
filaika,laika
filaikana,laika
ilaikana,laika
laikaina,laika
laikalaika,laika
mahalaika,laika
milaika,laika
mpilaika,laika
tafalaika,laika
milaikalaika,laikalaika
laikoina,laiko
laikolaiko,laiko
milaiko,laiko
mpilaiko,laiko
tsilaikolaiko,laiko
filaikolaiko,laikolaiko
filaikolaikoana,laikolaiko
ilaikolaikoana,laikolaiko
mihalaikolaiko,laikolaiko
milaikolaiko,laikolaiko
fahalailay,lailay
halailay,lailay
mahalailay,lailay
malailay,lailay
halainana,laina
ahalainana,laina
fahalainana,laina
kalaina,laina
lainalaina,laina
mahalaina,laina
malaina,laina
lainalainaina,lainalaina
mandainalaina,lainalaina
andaingana,lainga
fandainga,lainga
fandaingana,lainga
kilaingalainga,lainga
laingalainga,lainga
mahalainga,lainga
mandainga,lainga
mpandainga,lainga
tsilaingalainga,lainga
voalainga,lainga
ilaingoana,laingo
andaingosana,laingo
fandaingo,laingo
fandaingosana,laingo
laingolaingo,laingo
laingosana,laingo
mahalaingo,laingo
mandaingo,laingo
mpandaingo,laingo
voalaingo,laingo
filaingo,laingo
filaingoana,laingo
laingoana,laingo
laingoina,laingo
milaingo,laingo
ahalairana,laitra
ilairana,laitra
andairana,laitra
fahalaitra,laitra
fandairana,laitra
fandaitra,laitra
mahalaitra,laitra
mandaitra,laitra
mpahalaitra,laitra
mpandaitra,laitra
voalaitra,laitra
mihalaitse,laitse
alàka,laka
lakaina,laka
voalaka,laka
lakamoina,lakamo
mandakana,lakana
andakanana,lakana
fandakana,lakana
fandakanana,lakana
lakanina,lakana
mahalakana,lakana
miandakana,lakana
mpandakana,lakana
voalakana,lakana
falake,lake
malake,lake
malakilaky,lakilaky
lakitambe,lakintana
lakoina,lako
lakolako,lako
milako,lako
malako,lako
lakolakoina,lakolako
milakolako,lakolako
malakolako,lakolako
fanalakiana,laky
halaky,laky
lakilaky,laky
malaky,laky
andalana,lala
fandala,lala
fifankahalala,lala
mpandala,lala
mpifankahalala,lala
voalala,lala
ahalalana,lala
fahalala,lala
fahalalana,lala
fampahalalana,lala
lalaina,lala
mahalala,lala
malala,lala
mampahalala,lala
mandala,lala
mifankahalala,lala
mifankalala,lala
mpahalala,lala
fandalàna,lala
andalahana,lalaka
alalaka,lalaka
analalahana,lalaka
ankalalahana,lalaka
fahalalahana,lalaka
fanalalahana,lalaka
fanalalaka,lalaka
halalahana,lalaka
halalahina,lalaka
halalaka,lalaka
laladalaka,lalaka
mahalalaka,lalaka
malalaka,lalaka
manalalaka,lalaka
mandalaka,lalaka
mpanalalaka,lalaka
voalalaka,lalaka
falalake,lalake
halalake,lalake
malalake,lalake
mampandalake,lalake
mandalake,lalake
milalake,lalake
palalake,lalake
pilalalake,lalake
voalalake,lalake
ilalana,lalana
filalao,lalao
filalaovana,lalao
ilalaovana,lalao
kilalao,lalao
lalaolao,lalao
lalaovina,lalao
mahalalao,lalao
milalao,lalao
mpilalao,lalao
tafalalao,lalao
tsilalao,lalao
andalarana,lalatra
alalatra,lalatra
fandalarana,lalatra
fandalatra,lalatra
laladalatra,lalatra
lalarana,lalatra
lalarina,lalatra
mandalatra,lalatra
mpandalatra,lalatra
voalalatra,lalatra
halale,lale
mahalale,lale
mampandale,lale
mampilale,lale
mandale,lale
mihalale,lale
milale,lale
milaletra,laletra
halalina,lalina
alalina,lalina
andalinana,lalina
fahalalina,lalina
fandalina,lalina
fandalinana,lalina
halalinana,lalina
halalinina,lalina
lalindalina,lalina
lalinina,lalina
mahalalina,lalina
manalalina,lalina
mandalina,lalina
mankalalina,lalina
mpandalina,lalina
voalalina,lalina
lalerina,lalitra
andalovana,lalo
fandalo,lalo
fandalovana,lalo
lalovana,lalo
mampandalo,lalo
mandalo,lalo
mifandalo,lalo
milalo,lalo
mpandalo,lalo
pandalo,lalo
voalalo,lalo
filanonana,lalona
lalorana,lalotra
milalotra,lalotra
alalotra,lalotra
andalorana,lalotra
fandalorana,lalotra
fandalotra,lalotra
filalorana,lalotra
filalotra,lalotra
ilalorana,lalotra
lalodalotra,lalotra
lalorina,lalotra
mahalalotra,lalotra
mandalotra,lalotra
mpandalotra,lalotra
mpilalotra,lalotra
voalalotra,lalotra
mandalotse,lalotse
pandalotse,lalotse
lalodalovana,lalovana
analamana,lama
andamana,lama
fanalamana,lama
fandama,lama
fandamana,lama
halamaina,lama
lamaina,lama
lamalama,lama
mahalama,lama
malama,lama
manalama,lama
mandama,lama
mpandama,lama
voalama,lama
ampandama,lama
fampandama,lama
palama,lama
pandama,lama
alamadamaka,lamadamaka
lamahina,lamaka
alamaka,lamaka
andamahana,lamaka
fandamahana,lamaka
fandamaka,lamaka
filamahana,lamaka
filamaka,lamaka
ilamahana,lamaka
lamadamaka,lamaka
mahalamaka,lamaka
mandamaka,lamaka
milamaka,lamaka
mpandamaka,lamaka
mpilamaka,lamaka
tafalamaka,lamaka
voalamaka,lamaka
alamake,lamake
falamake,lamake
mampandamake,lamake
milamake,lamake
pandamake,lamake
pilamake,lamake
voalamake,lamake
fandamako,lamako
mandamako,lamako
mpandamako,lamako
lamahy,lamaky
mandamaky,lamaky
malamalama,lamalama
alamba,lamba
andambana,lamba
fandamba,lamba
lambahoany,lamba
lambaina,lamba
lambanana,lamba
mandamba,lamba
mpandamba,lamba
voalamba,lamba
alambana,lambana
fandambanana,lambana
mahalambana,lambana
mandambana,lambana
mpandambana,lambana
voalambana,lambana
andambanana,lambana
fandambana,lambana
filambana,lambana
lambanina,lambana
mampandambana,lambana
mampifandambana,lambana
mifandambana,lambana
milambana,lambana
lambandambana,lambana
andambilamboana,lambo
lambolambo,lambo
malambo,lambo
mandambo,lambo
mampandambo,lambo
mampifandambo,lambo
mifandambo,lambo
voalambo,lambo
fandambolambo,lambolambo
malambolambo,lambolambo
milambolambo,lambolambo
andambolamboana,lambolambo
fanalambolamboana,lambolambo
fandambolamboana,lambolambo
lambolamboina,lambolambo
mahalambolambo,lambolambo
mampandambolambo,lambolambo
mampifandambolambo,lambolambo
mandambolambo,lambolambo
mifandambolambo,lambolambo
mpandambolambo,lambolambo
voalambolambo,lambolambo
filambotra,lambotra
milame,lame
fandamina,lamina
fifandamina,lamina
ilaminana,lamina
mampilamina,lamina
mpifandamina,lamina
alamina,lamina
andamina,lamina
andaminana,lamina
fandaminana,lamina
filamina,lamina
filaminana,lamina
ifandaminana,lamina
lamindamina,lamina
laminina,lamina
mahalamina,lamina
mampandamina,lamina
mampifandamina,lamina
mandamina,lamina
mifandamina,lamina
milamina,lamina
mpandamina,lamina
mpilamina,lamina
tafalamina,lamina
voalamina,lamina
alamindamina,lamindamina
milamindamina,lamindamina
voalamindamina,lamindamina
fandamoka,lamoka
ilamohana,lamoka
tsilamodamoka,lamoka
alamoka,lamoka
andamohana,lamoka
fandamohana,lamoka
lamodamoka,lamoka
lamohina,lamoka
mandamoka,lamoka
milamoka,lamoka
mpandamoka,lamoka
voalamoka,lamoka
andamosina,lamosina
alampatra,lampatra
andamparana,lampatra
fandamparana,lampatra
fandampatra,lampatra
filamparana,lampatra
filampatra,lampatra
ilamparana,lampatra
lampadampatra,lampatra
mahalampatra,lampatra
mandampatra,lampatra
milampatra,lampatra
mpandampatra,lampatra
mpilampatra,lampatra
tafalampatra,lampatra
valampatra,lampatra
voalampatra,lampatra
mampandampo,lampo
pandampo,lampo
kokolampy,lampy
milampy,lampy
lanahana,lanaka
mahalanaka,lanaka
mahalañake,lanake
andandanana,landana
alandana,landana
mandandana,landana
malandilandy,landilandy
milandilandy,landilandy
filandy,landy
landilandy,landy
mahalandy,landy
malandy,landy
milandy,landy
mpilandy,landy
malañe,lane
mampalañe,lane
mampandane,lane
mandane,lane
mihalane,lane
pandane,lane
malanga,langa
mampalanga,langa
kalanga,langa
filanga,langa
langalanga,langa
milanga,langa
mpilanga,langa
solanga,langa
milangalanga,langalanga
alangalanga,langalanga
filangalanga,langalanga
filangalangana,langalanga
ilangalangana,langalanga
tafalangalanga,langalanga
langolangoina,lango
mandango,lango
milango,lango
andangoana,lango
fandango,lango
fandangoana,lango
langoina,lango
langolango,lango
mahalango,lango
mpandango,lango
voalango,lango
mandangolango,langolango
mandanilany,lanilany
ampifandanjaina,lanja
lanjana,lanja
ampandanja,lanja
ampilanja,lanja
andanjana,lanja
fampandanja,lanja
fampilanja,lanja
fandanja,lanja
fandanjana,lanja
fifandanja,lanja
fifandanjana,lanja
filanja,lanja
filanjana,lanja
ilanjana,lanja
kilanjalanja,lanja
lanjaina,lanja
lanjalanja,lanja
mahalanja,lanja
mampandanja,lanja
mampifandanja,lanja
mampilanja,lanja
mandanja,lanja
mifampilanja,lanja
mifandanja,lanja
milanja,lanja
mpandanja,lanja
mpilanja,lanja
pandanja,lanja
pifandanja,lanja
pilanja,lanja
mpandanjalanja,lanjalanja
lanjalanjaina,lanjalanja
mahalanjalanja,lanjalanja
halanjonana,lanjona
talanjona,lanjona
mahalanjona,lanjona
kilanjy,lanjy
lankaina,lanka
malanka,lanka
andanosana,lano
lañosy,lano
mandano,lano
lanosina,lano
lomano,lano
mahalaño,lano
mampandaño,lano
mampilaño,lano
pandaño,lano
pilaño,lano
mahalanoka,lanoka
andanonana,lanona
fandanonana,lanona
ilalonana,lanona
ilanonana,lanona
milanona,lanona
voalanona,lanona
alanona,lanona
fandanona,lanona
filanona,lanona
lalondanona,lanona
mahalanona,lanona
mandanona,lanona
mpandanona,lanona
mpilanona,lanona
lanonina,lanona
alanto,lanto
andantoana,lanto
fandanto,lanto
fandantoana,lanto
filanto,lanto
filantoana,lanto
ilantoana,lanto
lantoina,lanto
lantolanto,lanto
mahalanto,lanto
mandanto,lanto
milanto,lanto
mpandanto,lanto
voalanto,lanto
alantolanto,lantolanto
voalantolanto,lantolanto
fandantolantoana,lantolanto
filantolanto,lantolanto
milantolanto,lantolanto
tolantsika,lantsika
alantsika,lantsika
filantsihana,lantsika
filantsika,lantsika
ilantsihana,lantsika
lantsidantsika,lantsika
mahalantsika,lantsika
milantsika,lantsika
tafalantsika,lantsika
voalantsika,lantsika
andaniny,lany
andany,lany
ifampiandaniana,lany
mifampiandany,lany
mihalany,lany
fahalaniana,lany
fandaniana,lany
fiandaniana,lany
fiandany,lany
mpiandany,lany
malany,lany
ahalaniana,lany
andaniana,lany
fandany,lany
lanilany,lany
lanina,lany
mahalany,lany
mandany,lany
mpandany,lany
fandavoana,lao
mampalao,lao
milao,lao
palao,lao
andaozana,lao
fandao,lao
fandaozana,lao
ilaozana,lao
mahalao,lao
mampandao,lao
mampifandao,lao
mandao,lao
mifandao,lao
mpandao,lao
alaoka,laoka
ilaohana,laoka
laohina,laoka
mandaoka,laoka
andaohana,laoka
filaofana,laoka
filaoka,laoka
ilaofana,laoka
mahalaoka,laoka
milaoka,laoka
mpilaoka,laoka
voalaoka,laoka
mahalaoke,laoke
mampilaoke,laoke
milaoke,laoke
pilaoke,laoke
filaolao,laolao
mampilaolao,laolao
milaolao,laolao
pilaolao,laolao
andaosana,laosa
mandaosa,laosa
andapaina,lapa
fifandapana,lapa
fifandapa,lapa
filapa,lapa
filapana,lapa
ilapana,lapa
mifandapa,lapa
milapa,lapa
tandapa,lapa
mampandapoake,lapoake
mandapoake,lapoake
mifandapoake,lapoake
pandapoake,lapoake
pifandapoake,lapoake
voalapoake,lapoake
ampandaro,laro
pandaro,laro
alaro,laro
andaroana,laro
fandaro,laro
fandaroana,laro
filaro,laro
filaroana,laro
ilaroana,laro
laroana,laro
mahalaro,laro
mandaro,laro
milaro,laro
mpandaro,laro
mpilaro,laro
voalaro,laro
halasanana,lasa
lasalasa,lasa
nahalasanana,lasa
mahalasa,lasa
mandasa,lasa
mahalasalasa,lasalasa
ahalasanana,lasana
fahalasanana,lasana
mahalasana,lasana
ilasilasiana,lasilasy
tsilasilasy,lasilasy
lasilasina,lasilasy
mahalasilasy,lasilasy
milasilasy,lasilasy
tafalasilasy,lasilasy
alasitra,lasitra
andasirana,lasitra
fandasitra,lasitra
lasidasitra,lasitra
lasirina,lasitra
mahalasitra,lasitra
mandasitra,lasitra
mpandasitra,lasitra
voalasitra,lasitra
filasilasiana,lasy
filasilasy,lasy
mandasy,lasy
mpilasilasy,lasy
pilasy,lasy
filasiana,lasy
filasy,lasy
ilasiana,lasy
lasilasy,lasy
milasy,lasy
mpilasy,lasy
alatsa,latsa
andatsana,latsa
fandatsa,latsa
fandatsana,latsa
fifandatsa,latsa
ifandatsana,latsa
latsaina,latsa
latsalatsa,latsa
mahalatsa,latsa
mampandatsa,latsa
mampifandatsa,latsa
mandatsa,latsa
mifandatsa,latsa
mihalatsa,latsa
mpandatsa,latsa
pandatsa,latsa
voalatsa,latsa
latsafana,latsaka
ahalatsahana,latsaka
alatsaka,latsaka
andatsahana,latsaka
fandatsahana,latsaka
fandatsaka,latsaka
filatsahana,latsaka
filatsaka,latsaka
ilatsahana,latsaka
latsadatsaka,latsaka
latsahana,latsaka
mahalatsaka,latsaka
mandatsaka,latsaka
milatsaka,latsaka
mpandatsaka,latsaka
mpilatsaka,latsaka
tafalatsaka,latsaka
tandatsaka,latsaka
voalatsaka,latsaka
alatsake,latsake
falatsake,latsake
mahalatsake,latsake
mampandatsake,latsake
mihalatsake,latsake
milatsake,latsake
pandatsake,latsake
pilatsake,latsake
latsalatsaina,latsalatsa
alatsy,latsy
andatsiana,latsy
fandatsiana,latsy
fandatsy,latsy
filatsiana,latsy
filatsy,latsy
handatsy,latsy
iletsiana,latsy
latsiana,latsy
latsina,latsy
mahalatsy,latsy
mandatsy,latsy
milatsy,latsy
mpandatsy,latsy
mpilatsy,latsy
voalatsy,latsy
fahalatsana,latsà
halatsà,latsà
halavany,lava
lavalalana,lava
pañalava,lava
sandavany,lava
analavana,lava
fahalava,lava
fahalavana,lava
fanalava,lava
fanalavana,lava
halava,lava
halavaina,lava
halavana,lava
lavalava,lava
mahalava,lava
manalava,lava
mihalava,lava
mpanalava,lava
milavaka,lavaka
andavahana,lavaka
fandavahana,lavaka
fandavaka,lavaka
lavadavaka,lavaka
lavahana,lavaka
mahalavaka,lavaka
mandavaka,lavaka
mifandavaka,lavaka
mpandavaka,lavaka
voalavaka,lavaka
mampandavake,lavake
mandavake,lavake
mihalavake,lavake
pandavake,lavake
alavalava,lavalava
kilavalava,lavalava
lavalavaina,lavalava
milavana,lavana
mandavenona,lavenona
fandaviana,laviana
mandaviana,laviana
alavirina,lavitra
analavitana,lavitra
fahalavitra,lavitra
fampanalavitra,lavitra
fanalavitana,lavitra
fifanalavirana,lavitra
halavirana,lavitra
halavitana,lavitra
halavitra,lavitra
mampanalavitra,lavitra
mpampanalavitra,lavitra
alavitina,lavitra
analavirana,lavitra
fahalavirana,lavitra
fanalavirana,lavitra
fanalavitra,lavitra
halavirina,lavitra
lavidavitra,lavitra
mahalavitra,lavitra
mampifanalavitra,lavitra
manalavitra,lavitra
mihalavitra,lavitra
mpanalavitra,lavitra
mahalavitse,lavitse
mañalavitse,lavitse
mifankalavitse,lavitse
mifañalavitse,lavitse
mihalavitse,lavitse
milavitse,lavitse
pañalavitse,lavitse
pifankalavitse,lavitse
halavoana,lavo
kilavo,lavo
mampandavo,lavo
mifandavo,lavo
mihalavo,lavo
milavo,lavo
pandavo,lavo
pilavo,lavo
alavo,lavo
andavoana,lavo
fahalavoana,lavo
fandavo,lavo
lavolavo,lavo
mahalavo,lavo
mandavo,lavo
mpandavo,lavo
voalavo,lavo
alavorary,lavorary
andavorariana,lavorary
fahalavorariana,lavorary
fahalavorary,lavorary
fandavorariana,lavorary
fandavorary,lavorary
halavorariana,lavorary
halavorary,lavorary
lavorarina,lavorary
mahalavorary,lavorary
mandavorary,lavorary
mampalay,lay
mampanday,lay
mampilay,lay
manday,lay
mankalay,lay
milay,lay
palay,lay
panday,lay
pifankalay,lay
pilay,lay
fanday,lay
lailay,lay
filaizana,lay
filay,lay
ilaizana,lay
mahalay,lay
mpilay,lay
laizina,lay
lomay,lay
alaza,laza
ampankalazaina,laza
ampilazaina,laza
lazalaza,laza
mampankalaza,laza
mampilaza,laza
mpampankalaza,laza
mpankalaza,laza
mpifampilaza,laza
ampalaza,laza
ankalazaina,laza
ankalazana,laza
fampankalaza,laza
fampilaza,laza
fankalaza,laza
fankalazana,laza
fifampilaza,laza
filaza,laza
filazana,laza
halaza,laza
ilazana,laza
kalaza,laza
lazaina,laza
mahalaza,laza
malaza,laza
mampalaza,laza
mandaza,laza
mankalaza,laza
mifampilaza,laza
mifankalaza,laza
milaza,laza
mpilaza,laza
palaza,laza
voalaza,laza
filazalazana,lazalaza
kilazalaza,lazalaza
lazalazaina,lazalaza
malazalaza,lazalaza
milazalaza,lazalaza
falazo,lazo
mampalazo,lazo
mihamalazo,lazo
alazo,lazo
andazoana,lazo
fandazo,lazo
fandazoana,lazo
lazoina,lazo
lazolazo,lazo
malazo,lazo
mandazo,lazo
mpandazo,lazo
voalazo,lazo
malazolazo,lazolazo
haleñaleña,lañaleña
haleake,leake
mahaleake,leake
mileake,leake
alealea,lealea
filealea,lealea
mampilealea,lealea
milealea,lealea
lebolebo,lebo
milebolebo,lebolebo
salebolebo,lebolebo
fileda,leda
ledaleda,leda
mileda,leda
falefa,lefa
mampandefa,lefa
mifandefa,lefa
pandefa,lefa
pifandefa,lefa
alefa,lefa
andefana,lefa
andefasana,lefa
fandefa,lefa
fandefana,lefa
fandefasana,lefa
filefa,lefa
filefana,lefa
filefasana,lefa
ifandefasana,lefa
ilefana,lefa
ilefasana,lefa
lefalefa,lefa
lefasana,lefa
mahalefa,lefa
mampilefa,lefa
mandefa,lefa
milefa,lefa
mpandefa,lefa
mpilefa,lefa
voalefa,lefa
malefadefaka,lefadefaka
fahalefadefahana,lefadefaka
fahalefahana,lefaka
fahalefaka,lefaka
halefahana,lefaka
halefaka,lefaka
lefahina,lefaka
mahalefaka,lefaka
alefaka,lefaka
analefahana,lefaka
fanalefahana,lefaka
fanalefaka,lefaka
fihalefahana,lefaka
lefadefaka,lefaka
malefaka,lefaka
manalefaka,lefaka
voalefaka,lefaka
alefalefa,lefalefa
mahalefe,lefe
mandefe,lefe
milefe,lefe
mahalefetse,lefetse
fileferana,lefitra
ileferana,lefitra
alefitra,lefitra
ampandeferana,lefitra
ampandeferina,lefitra
andeferana,lefitra
fandeferana,lefitra
fandefitra,lefitra
filefitra,lefitra
leferina,lefitra
lefidefitra,lefitra
mahalefitra,lefitra
mampandefitra,lefitra
mampifandefitra,lefitra
mandefitra,lefitra
mifandefitra,lefitra
milefitra,lefitra
mpandefitra,lefitra
mpilefitra,lefitra
voalefitra,lefitra
lefolefoina,lefo
lefolefo,lefo
alefolefo,lefolefo
filefolefo,lefolefo
filefolefoana,lefolefo
ilefolefoana,lefolefo
malefolefo,lefolefo
milefolefo,lefolefo
mpilefolefo,lefolefo
alefona,lefona
andefonana,lefona
fandefona,lefona
fandefonana,lefona
ilefonana,lefona
lefonina,lefona
mandefona,lefona
milefona,lefona
mpandefona,lefona
voalefona,lefona
alefy,lefy
fahalefena,lefy
fahalefy,lefy
halefena,lefy
mahalefy,lefy
mandefy,lefy
mihalefy,lefy
faleha,leha
pandeha,leha
aleha,leha
andehanana,leha
fampandehanana,leha
fandeha,leha
fandehanana,leha
mahaleha,leha
mampandeha,leha
mandeha,leha
mandehandeha,leha
mpandeha,leha
fanalehihe,lehibe
halehibeazina,lehibe
analehibiazana,lehibe
fahalehibe,lehibe
fahalehibeazana,lehibe
fahalehibiazana,lehibe
fanalehibeazana,lehibe
fanalehibiazana,lehibe
halehibe,lehibe
halehibeazana,lehibe
halehibiazana,lehibe
halehibiazina,lehibe
manalehibe,lehibe
mihalehibe,lehibe
mahalehilahy,lehilahy
voalehilahy,lehilahy
salehotra,lehotra
mahalejo,lejo
lejolejo,lejo
filejolejo,lejolejo
filejolejoana,lejolejo
ilejolejoana,lejolejo
mahalejolejo,lejolejo
milejolejo,lejolejo
mpilejolejo,lejolejo
lelafina,lela
lelaka,lela
ilelalelana,lela
lelalela,lela
lelana,lela
milela,lela
mpilelaka,lela
milelaitry,lelaitry
solelaka,lelaka
alelaka,lelaka
filelafana,lelaka
filelaka,lelaka
ilelafana,lelaka
kolelaka,lelaka
leladelaka,lelaka
mahalelaka,lelaka
mampilelaka,lelaka
mifampilelaka,lelaka
milelaka,lelaka
salelaka,lelaka
voalelaka,lelaka
alelake,lelake
mahalelake,lelake
mampilelake,lelake
mifampilelake,lelake
milelake,lelake
pilelake,lelake
voalelake,lelake
alelalela,lelalela
ampilelalela,lelalela
fampilelalela,lelalela
filelalela,lelalela
filelalelana,lelalela
lelalelaina,lelalela
lelalelana,lelalela
mampilelalela,lelalela
milelalela,lelalela
mpilelalela,lelalela
pilelalelela,lelalela
lalefy,lelatry
milelatry,lelatry
ampilele,lele
filele,lele
kilele,lele
mahalele,lele
mampilele,lele
milele,lele
pilele,lele
voalele,lele
alelika,lelika
andelefana,lelika
fandelefana,lelika
fandelika,lelika
lelefana,lelika
mahalelika,lelika
mandelika,lelika
mpandelika,lelika
voalelika,lelika
alemaka,lemaka
andemahana,lemaka
fandemahana,lemaka
fandemaka,lemaka
lemademaka,lemaka
lemahina,lemaka
mahalemaka,lemaka
mandemaka,lemaka
mpandemaka,lemaka
voalemaka,lemaka
lembalemba,lemba
kilembalemba,lembalemba
milembalemba,lembalemba
falimboke,lembeke
mampandembeke,lembeke
pandembeke,lembeke
voalembeke,lembeke
lembolembo,lembo
mahalemboke,lemboke
mandemboke,lemboke
milemboke,lemboke
filembolembo,lembolembo
milembolembo,lembolembo
mandemby,lemby
aleme,leme
ampandeme,leme
faleme,leme
mampaleme,leme
mampandeme,leme
mihamaleme,leme
mileme,leme
paleme,leme
pandeme,leme
pileme,leme
voaleme,leme
fahalemilemena,lemilemy
mampahalemilemy,lemilemy
mankalemilemy,lemilemy
mahalemo,lemo
mpandemolemo,lemo
lemolemo,lemo
lemolemoina,lemoina
andemolemoana,lemolemo
fandemolemo,lemolemo
fandemolemoana,lemolemo
mahalemolemo,lemolemo
mandemolemo,lemolemo
voalemolemo,lemolemo
lempaina,lempa
milempa,lempa
halempona,lempona
andemponana,lempona
fahalempona,lempona
fahalemponana,lempona
fandempona,lempona
fandemponana,lempona
filempona,lempona
filemponana,lempona
ilemponana,lempona
lempondempona,lempona
lemponina,lempona
mahalempona,lempona
mandempona,lempona
milempona,lempona
mpandempona,lempona
mpilempona,lempona
voalempona,lempona
analemema,lemy
analemena,lemy
andemena,lemy
fahalemena,lemy
fahalemy,lemy
fanalemena,lemy
fanalemy,lemy
fandemena,lemy
fandemy,lemy
halemena,lemy
halemy,lemy
lemena,lemy
lemilemy,lemy
mahalemy,lemy
malemy,lemy
manalemy,lemy
mandemy,lemy
mankalemy,lemy
mihalemy,lemy
mpanalemy,lemy
mpandemy,lemy
voalemy,lemy
mahalena,lena
mahaleña,lena
ampandeña,lena
andemana,lena
fampandeña,lena
fandemana,lena
fandena,lena
lemana,lena
lendena,lena
mampandeña,lena
mandena,lena
mihalena,lena
mpandena,lena
pandeña,lena
voalena,lena
fandeñaleña,lenalena
fileñaleña,lenalena
mahaleñaleña,lenalena
mihaleñaleña,lenalena
pandeñaleña,lenalena
pileñaleña,lenalena
ilendalendana,lenda
lendalenda,lenda
mpilendalenda,lenda
filendalenda,lendalenda
filendalendana,lendalenda
mahalendalenda,lendalenda
mampilendalenda,lendalenda
milendalenda,lendalenda
andengo,lengo
mandengo,lengo
aleno,leno
andenoana,leno
fandeno,leno
fandenoana,leno
lenoina,leno
lenoleno,leno
mahaleno,leno
mandeno,leno
mpandeno,leno
voaleno,leno
milenodenoka,lenodenoka
lenodenoka,lenoka
alenta,lenta
ampandenta,lenta
fampandenta,lenta
fandenta,lenta
mahalenta,lenta
mampandenta,lenta
mandenta,lenta
milenta,lenta
pandenta,lenta
voalenta,lenta
mandentidentika,lentidentika
alentika,lentika
andentehana,lentika
fandentehana,lentika
fandentika,lentika
filentehana,lentika
filentika,lentika
ilentehana,lentika
lentehana,lentika
lentidentika,lentika
mahalentika,lentika
mandentika,lentika
milentika,lentika
mpandentika,lentika
mpilentika,lentika
tafalentika,lentika
voalentika,lentika
mandentike,lentike
mifandentike,lentike
milentike,lentike
pandentike,lentike
pifandentike,lentike
pilentike,lentike
voalentike,lentike
falentsa,lentsa
malentsa,lentsa
mampalentsa,lentsa
palentsa,lentsa
fahaleo,leo
haleovana,leo
mahaleo,leo
mandeo,leo
mihaleo,leo
mileo,leo
voaleo,leo
mankaleo,leo
mifankaleo,leo
ahaleovana,leo
fahaleovana,leo
fileovana,leo
fileony,leony
mpileony,leony
kolepaka,lepaka
alepaka,lepaka
filepahana,lepaka
filepaka,lepaka
ilepahana,lepaka
lepadepaka,lepaka
mahalepaka,lepaka
milepaka,lepaka
mpilepaka,lepaka
filerana,lerana
fandesohana,lesoka
andesohana,lesoka
fandesoka,lesoka
lesodesoka,lesoka
lesohina,lesoka
mahalesoka,lesoka
mandesoka,lesoka
mpandesoka,lesoka
letaleta,leta
boletaka,letaka
filetahana,letaka
filetaka,letaka
koletaka,letaka
letadetaka,letaka
mahaletaka,letaka
miletaka,letaka
mpiletaka,letaka
mahaletake,letake
filetaleta,letaleta
filetaletana,letaleta
iletaletana,letaleta
mahaletaleta,letaleta
miletaleta,letaleta
mpiletaleta,letaleta
aletra,letra
anderana,letra
fanderana,letra
fandetra,letra
filetra,letra
ilerana,letra
ledetra,letra
lerana,letra
mahaletra,letra
maletra,letra
mandetra,letra
miletra,letra
mpandetra,letra
mpiletra,letra
tafaletra,letra
voaletra,letra
mandetry,letry
aletse,letse
mihamaletse,letse
voaletse,letse
fandetsy,letsy
mifandetsy,letsy
aletsy,letsy
andetsena,letsy
fandetsena,letsy
filetsena,letsy
filetsy,letsy
iletsena,letsy
letsena,letsy
mahaletsy,letsy
mandetsy,letsy
miletsy,letsy
mpandetsy,letsy
mpiletsy,letsy
tafaletsy,letsy
tandetsy,letsy
toletsy,letsy
voaletsy,letsy
mandety,lety
aleve,leve
mampandeve,leve
mifandeve,leve
mileve,leve
pandeve,leve
pifandeve,leve
pileve,leve
voaleve,leve
alevilevy,levilevy
andevilevena,levilevy
fandevilevena,levilevy
fandevilevy,levilevy
levilevena,levilevy
mahalevilevy,levilevy
mandevilevy,levilevy
mpandevilevy,levilevy
voalevilevy,levilevy
alevina,levina
andevenana,levina
fandevenana,levina
fandevina,levina
filevenana,levina
filevina,levina
ilevenana,levina
levenana,levina
levindevina,levina
mahalevina,levina
mandevina,levina
milevina,levina
mpandevina,levina
mpilevina,levina
voalevina,levina
mahalevo,levo
mandevo,levo
mihalevo,levo
pandevo,levo
fandevonana,levona
alevona,levona
andevonana,levona
fandevona,levona
levondevona,levona
levonina,levona
mandevona,levona
mihalevona,levona
alevy,levy
andevena,levy
fandevena,levy
fandevy,levy
levena,levy
levilevy,levy
mandevy,levy
mpandevy,levy
lezolezo,lezo
filezolezo,lezolezo
filezolezoana,lezolezo
ilezolezoana,lezolezo
malezolezo,lezolezo
milezolezo,lezolezo
mahalia,lia
malia,lia
saliadiaka,liadiaka
filiahana,liaka
iliahana,liaka
liadiaka,liaka
mahaliaka,liaka
miliaka,liaka
mahaliana,liana
fahalianana,liana
halianana,liana
aliba,liba
filiba,liba
filibana,liba
ilibana,liba
miliba,liba
mpiliba,liba
mahalide,lide
mampandify,lify
milify,lify
pandify,lify
voalify,lify
filihirana,lihitra
filihitra,lihitra
ilihirana,lihitra
lihidihitra,lihitra
mahalihitra,lihitra
milihitra,lihitra
mpilihitra,lihitra
malikiliky,likiliky
mampaliky,liky
mahalilatse,lilatse
mampandilatse,lilatse
mandilatse,lilatse
pandilatse,lilatse
fililotra,lilotra
lilodilotra,lilotra
mililotra,lilotra
tafalilotra,lilotra
mahalily,lily
mampandily,lily
mandily,lily
mifandily,lily
milily,lily
pandily,lily
pifandily,lily
voalily,lily
ampandima,lima
fampandima,lima
fandima,lima
mahalima,lima
mampandima,lima
mandima,lima
pandima,lima
voalima,lima
malimalina,lina
filingilingiana,lingilingy
filingilingy,lingilingy
mahalingilingy,lingilingy
milingilingy,lingilingy
filingirana,lingitra
filingitana,lingitra
filingitra,lingitra
halingirana,lingitra
halingitana,lingitra
ilingirana,lingitra
lingidingitra,lingitra
mahalingitra,lingitra
milingitra,lingitra
mpilingitra,lingitra
ilingilingiana,lingy
mpilingilingy,lingy
lingilingy,lingy
falinike,linike
falisa,lisa
kalita,lita
litalita,lita
filitalita,litalita
filitalitana,litalita
ilitalitana,litalita
militalita,litalita
mpilitalita,litalita
solitika,litika
filitihana,litika
filitika,litika
ilitihana,litika
litiditika,litika
militika,litika
mpilitika,litika
salitika,litika
falitso,litso
fahalo,lo
milo,lo
andovana,lo
fahalovana,lo
fandovana,lo
halovana,lo
lolo,lo
lovina,lo
mahalo,lo
mandò,lo
mpando,lo
mandoa,loa
aloa,loa
ampandoavana,loa
ampandoavina,loa
andoavana,loa
fampandoavana,loa
fandoa,loa
fandoavana,loa
mahaloa,loa
mampandoa,loa
mankandoa,loa
mpandoa,loa
voaloa,loa
fangoaka,loaka
fangoakoaka,loaka
aloaka,loaka
andoahana,loaka
fandoahana,loaka
fandoaka,loaka
filoahana,loaka
filoaka,loaka
iloahana,loaka
loadoaka,loaka
loahana,loaka
mahaloaka,loaka
mandoaka,loaka
miloaka,loaka
mpandoaka,loaka
mpiloaka,loaka
voaloaka,loaka
aloatra,loatra
andoarana,loatra
famoarana,loatra
fandoarana,loatra
fandoatra,loatra
filoarana,loatra
filoatra,loatra
iloarana,loatra
loadoatra,loatra
loarana,loatra
mahaloatra,loatra
mandoatra,loatra
miloatra,loatra
mpandoatra,loatra
tafaloatra,loatra
voaloatra,loatra
lobaloba,loba
alobaloba,lobaloba
milobaloba,lobaloba
alobolobo,lobolobo
filobolobo,lobolobo
milobolobo,lobolobo
mpilobolobo,lobolobo
tafalobolobo,lobolobo
filobona,lobona
milobona,lobona
mpilobona,lobona
filodilodiana,lodilody
filodilody,lodilody
ilodilodiana,lodilody
milodilody,lodilody
mpilodilody,lodilody
filodirana,loditra
filoditra,loditra
lodidoditra,loditra
lodirana,loditra
mahaloditra,loditra
miloditra,loditra
aloditra,loditra
lodirina,loditra
lodilody,lody
milofidofika,lofidofika
alofika,lofika
filofika,lofika
lofidofika,lofika
mahalofika,lofika
milofika,lofika
mpilofika,lofika
tafalofika,lofika
filofo,lofo
filofosana,lofo
ilofosana,lofo
lofolofo,lofo
mahalofo,lofo
milofo,lofo
mpilofo,lofo
lofoina,lofo
alofo,lofo
lofosana,lofo
mandofo,lofo
alohaina,loha
mialoha,loha
aloha,loha
andoha,loha
fiandoha,loha
fiandohana,loha
filoha,loha
filoloha,loha
iandohana,loha
lohaloha,loha
loloha,loha
maloha,loha
miandoha,loha
miloha,loha
andohalehana,lohalika
fandohalehana,lohalika
andohalihana,lohalika
fandohalihana,lohalika
fandohalika,lohalika
mahandohalika,lohalika
mandohalika,lohalika
mpandohalika,lohalika
tongalika,lohalika
mandogalitra,lohalitra
mandongalitra,lohalitra
filohaloha,lohaloha
filohalohana,lohaloha
ilohalohana,lohaloha
mahalohaloha,lohaloha
milohaloha,lohaloha
mpilohaloha,lohaloha
mahaloiloy,loiloy
maloiloy,loiloy
mankaloiloy,loiloy
aloka,loka
alòka,loka
filoka,loka
filokana,loka
ilokana,loka
mahaloka,loka
manadoka,loka
mpiloka,loka
miloka,loka
lokana,loka
malokaloka,lokaloka
mpalokaloka,lokaloka
filokaloka,lokaloka
filokalokana,lokaloka
ilokalokana,lokaloka
manalokaloka,lokaloka
milokaloka,lokaloka
mpilokaloka,lokaloka
mpandokanga,lokanga
fandoko,loko
aloko,loko
andokoana,loko
fandokoana,loko
filoko,loko
filokoana,loko
ilokoana,loko
lokoana,loko
mahaloko,loko
mandoko,loko
miloko,loko
mpandoko,loko
mpiloko,loko
voaloko,loko
mandokoro,lokoro
lokiloky,loky
toloky,loky
mandolo,lolo
ilolohavana,loloha
aloloha,loloha
filolohavana,loloha
lolohavina,loloha
mahaloloha,loloha
miloloha,loloha
mpiloloha,loloha
voaloloha,loloha
alomano,lomano
filomano,lomano
filomanosana,lomano
ilomanosana,lomano
lomanosina,lomano
mahalomano,lomano
milomano,lomano
mpilomano,lomano
tafalomano,lomano
milomay,lomay
alomboka,lomboka
lombofana,lomboka
lombohana,lomboka
milomboka,lomboka
malomo,lomo
filomodomorana,lomodomotra
filomodomotra,lomodomotra
ilomodomorana,lomodomotra
mahalomodomotra,lomodomotra
milomodomotra,lomodomotra
mpilomodomotra,lomodomotra
lomodomotra,lomotra
lomorina,lomotra
milomy,lomy
fandomana,lona
ilonana,lona
alòna,lona
andomana,lona
filomana,lona
filona,lona
ilomana,lona
mahalona,lona
milona,lona
mpandona,lona
mpilona,lona
tafalona,lona
voalona,lona
tandonaka,lonaka
alonaka,lonaka
fandonaka,lonaka
lonahina,lonaka
mahalonaka,lonaka
mpandonaka,lonaka
voalonaka,lonaka
lalondo,londo
londolondo,londo
filondolondo,londolondo
filondolondoana,londolondo
ilondolondoana,londolondo
mahalondolondo,londolondo
milondolondo,londolondo
mpilondolondo,londolondo
alongilongy,longilongy
filongilongiana,longilongy
filongilongy,longilongy
ilongilongiana,longilongy
mampandongilongy,longilongy
mandongilongy,longilongy
milongilongy,longilongy
mpilongilongy,longilongy
tafalongilongy,longilongy
voalongilongy,longilongy
filongoana,longo
ilongoana,longo
milongo,longo
alonika,lonika
filonika,lonika
milonika,lonika
mpilonika,lonika
mahalonilony,lonilony
alonilony,lonilony
fahalonilony,lonilony
halonilony,lonilony
malonilony,lonilony
alonjehitra,lonjehitra
filonjehitra,lonjehitra
milonjehitra,lonjehitra
mpilonjehitra,lonjehitra
tafalonjehitra,lonjehitra
alonjilonjy,lonjilonjy
filonjilonjiana,lonjilonjy
filonjilonjy,lonjilonjy
ilonjilonjiana,lonjilonjy
mampandonjilonjy,lonjilonjy
mandonjilonjy,lonjilonjy
milonjilonjy,lonjilonjy
mpilonjilonjy,lonjilonjy
tafalonjilonjy,lonjilonjy
voalonjilonjy,lonjilonjy
filonjerana,lonjitra
filonjitra,lonjitra
ilonjerana,lonjitra
lonjilonjitra,lonjitra
milonjitra,lonjitra
mpilonjitra,lonjitra
alonjo,lonjo
filonjo,lonjo
filonjoana,lonjo
ilonjoana,lonjo
lonjoina,lonjo
lonjolonjo,lonjo
milonjo,lonjo
mpilonjo,lonjo
halony,lony
lonilony,lony
malony,lony
alopilopy,lopilopy
filopilopiana,lopilopy
filopilopy,lopilopy
ilopilopiana,lopilopy
lopilopina,lopilopy
mahalopilopy,lopilopy
milopilopy,lopilopy
mpilopilopy,lopilopy
tsilopilopy,lopilopy
ampandosirana,lositra
andosirana,lositra
fandosirana,lositra
fandositra,lositra
mampandositra,lositra
mampifandositra,lositra
mandositra,lositra
mifandositra,lositra
mpandositra,lositra
filotahana,lotaka
filotaka,lotaka
milotaka,lotaka
tsilotidotika,lotidotika
filotika,lotika
lotidotika,lotika
mahalotika,lotika
milotika,lotika
fahaloto,loto
lotoloto,loto
andotoana,loto
fahalotoana,loto
fandoto,loto
fandotoana,loto
haloto,loto
halotoana,loto
lotoina,loto
mahaloto,loto
maloto,loto
mampandoto,loto
mandoto,loto
mifandoto,loto
mpandoto,loto
fahalotolotoana,lotoloto
lotolotoina,lotoloto
malotoloto,lotoloto
voalotoloto,lotoloto
lorana,lotra
voalotra,lotra
alotsaka,lotsaka
filotsaka,lotsaka
milotsaka,lotsaka
mpandotso,lotso
ampandotsoana,lotso
ampandotsoina,lotso
andotsoana,lotso
fampandotsoana,lotso
fandotso,lotso
fandotsoana,lotso
mampandotso,lotso
mandotso,lotso
mpampandotso,lotso
fahalova,lova
fandova,lova
ifandovana,lova
lovana,lova
mahalova,lova
mandova,lova
mpandova,lova
malovilovy,lovilovy
andozana,loza
fandoza,loza
fandozana,loza
ankaloza,loza
ankalozana,loza
fahalozana,loza
fankalozana,loza
halozana,loza
lozaina,loza
mahaloza,loza
mandoza,loza
mankaloza,loza
mpandoza,loza
voaloza,loza
alozoka,lozoka
andozoka,lozoka
lozodozoka,lozoka
lozohina,lozoka
andozohana,lozoka
fandozohana,lozoka
fandozoka,lozoka
lozohana,lozoka
mahalozoka,lozoka
mandozoka,lozoka
mpandozoka,lozoka
voalozoka,lozoka
filozohana,lozoka
filozoka,lozoka
ilozohana,lozoka
milozoka,lozoka
mpilozoka,lozoka
tafalozoka,lozoka
andozorana,lozotra
fandozorana,lozotra
fandozotra,lozotra
filozorana,lozotra
filozotra,lozotra
ilozorana,lozotra
lozodozotra,lozotra
lozorina,lozotra
lozotina,lozotra
mahalozotra,lozotra
mandozotra,lozotra
milozotra,lozotra
mpandozotra,lozotra
mpilozotra,lozotra
hima,ma
mama,ma
fima,ma
mahama,ma
mamà,ma
mima,ma
mpima,ma
hamadimadinana,madimadina
madimadina,madina
hadinihane,madinika
madivadiva,madiva
mihamafana,mafana
mañamafe,mafe
mafonjafonja,mafonja
mafotrafotra,mafotra
anamafesana,mafy
anamafiana,mafy
anamafisana,mafy
fahamafesana,mafy
fahamafisana,mafy
fanamafesana,mafy
fanamafiana,mafy
fanamafisana,mafy
fanamafy,mafy
hamafesana,mafy
hamafesina,mafy
hamafina,mafy
hamafisana,mafy
hamafisina,mafy
hamafy,mafy
mafimafy,mafy
mafina,mafy
mahamafy,mafy
manamafy,mafy
mihamafy,mafy
mpanamafy,mafy
voamafy,mafy
hamahake,mahake
mahamahake,mahake
mihamahake,mahake
mihamahantra,mahantra
mihamahery,mahery
mihamahia,mahia
mahamahimahina,mahimahina
fahamahinana,mahina
hamahinana,mahina
mahimahina,mahina
manamahitsy,mahitsy
anamehana,maika
fahamaikana,maika
fanamaika,maika
fanamehana,maika
hamaikana,maika
hamehana,maika
mahamaika,maika
maimaika,maika
manamaika,maika
mehina,maika
mpanamaika,maika
mañamaiky,maiky
amailaka,mailaka
anamailahana,mailaka
fanamailahana,mailaka
fanamailaka,mailaka
hamailahana,mailaka
mahamailaka,mailaka
mailahina,mailaka
mailamailaka,mailaka
manamailaka,mailaka
mpanamailaka,mailaka
voamailaka,mailaka
mahamailamailaka,mailamailaka
fimailo,mailo
hamaimaizana,maimay
mahamaimay,maimay
maimaizina,maimay
amaimbo,maimbo
anamaimboana,maimbo
fahamaimbo,maimbo
fahamaimboana,maimbo
fanamaimbo,maimbo
fanamaimboana,maimbo
haimbo,maimbo
hamaimbo,maimbo
hamaimboana,maimbo
mahamaimbo,maimbo
maimboina,maimbo
maimbomaimbo,maimbo
manamaimbo,maimbo
mpanamaimbo,maimbo
voamaimbo,maimbo
anamainana,maina
fahamainana,maina
fanamaina,maina
fanamainana,maina
mahamaina,maina
maimaina,maina
mainina,maina
manamaina,maina
mihamaina,maina
mpanamaina,maina
hamaino,maino
manamaintimolaly,maintimolaly
amainty,mainty
anamaintisana,mainty
fahamaintisana,mainty
fanamaintisana,mainty
fanamainty,mainty
hamaintisana,mainty
hamaintisina,mainty
hamainty,mainty
mahamainty,mainty
maintimainty,mainty
maintinty,mainty
maintisina,mainty
manamainty,mainty
mihamainty,mainty
mpanamainty,mainty
maisamaisatra,maisatra
manamaito,maito
amaitso,maitso
anamaitsoana,maitso
fanamaitso,maitso
fanamaitsoana,maitso
hamaitso,maitso
hamaitsoana,maitso
hamaitsoina,maitso
kamaitso,maitso
mahamaitso,maitso
maitsoina,maitso
maitsoitso,maitso
maitsomaitso,maitso
manamaitso,maitso
mpanamaitso,maitso
voamaitso,maitso
anamaivanana,maivana
fahamaivanana,maivana
fanamaivana,maivana
fanamaivanana,maivana
hamaivana,maivana
hamaivanana,maivana
hamaivanina,maivana
mahamaivana,maivana
maivamaivana,maivana
maivanina,maivana
manamaivana,maivana
mihamaivana,maivana
mpanamaivana,maivana
voamaivana,maivana
manamaivoka,maivoka
maizamaizaka,maizaka
fahamaizimaizinana,maizimaizina
kimaizimaizina,maizimaizina
anamaizinana,maizina
fahamaizina,maizina
fahamaizinana,maizina
fanamaizina,maizina
fanamaizinana,maizina
hamaizina,maizina
hamaizinana,maizina
hamaizinina,maizina
mahamaizina,maizina
maizimaizina,maizina
maizinina,maizina
mampanamaizina,maizina
mampifanamaizina,maizina
manamaizina,maizina
mifanamaizina,maizina
mihamaizina,maizina
mpanamaizina,maizina
makadiridiry,makadiry
hakafokafoka,makafoka
makafokafoka,makafoka
fahakirana,makirana
makirankirana,makirana
mañalady,malady
malaladalaka,malalaka
hamalamalana,malamalana
hamalana,malana
nimale,male
nomale,male
omale,male
mihamalefaka,malefaka
mihamalemy,malemy
fahamalina,malina
fahamalinana,malina
hamalina,malina
hamalinana,malina
fimalo,malo
fimaloana,malo
hamalo,malo
imaloana,malo
malomalo,malo
mampimalo,malo
mimalo,malo
mpimalo,malo
malomaloka,maloka
manamaloka,maloka
mahamama,mama
mihamama,mama
fimamamama,mamamama
fimamamamana,mamamama
imamamamana,mamamama
mahamamamama,mamamama
mimamamama,mamamama
mpimamamama,mamamama
anamamoana,mamo
fahamamoana,mamo
fanamamo,mamo
fanamamoana,mamo
fimamo,mamo
fimamoana,mamo
hamamo,mamo
hamamoana,mamo
imamoana,mamo
mahamamo,mamo
mamomamo,mamo
manamamo,mamo
mankamamo,mamo
mimamo,mamo
mpanamamo,mamo
mpimamo,mamo
fahamamiana,mamy
fanamamy,mamy
mamimamy,mamy
manamamy,mamy
mpanamamy,mamy
mimamà,mamà
fimanda,manda
mimanda,manda
voamanda,manda
fahamandimandina,mandimandina
amandina,mandina
anamandinana,mandina
fahamandina,mandina
fahamandinana,mandina
fanamandina,mandina
fanamandinana,mandina
fimandina,mandina
hamandina,mandina
hamandinana,mandina
hamandinina,mandina
mahamandina,mandina
manamandina,mandina
mandimandina,mandina
mimandina,mandina
mpanamandina,mandina
mahamanditse,manditse
mihamanditse,manditse
hamandoana,mando
manamando,mando
mandomando,mando
mahamandomando,mandomando
mandradraha,mandratra
pimane,mane
voamane,mane
mampifañeva,maneva
amanga,manga
anamangana,manga
fahamanga,manga
fahamangana,manga
fanamanga,manga
fanamangana,manga
hamanga,manga
hamangaina,manga
hamangana,manga
mahamanga,manga
manamanga,manga
mangamanga,manga
mihamanga,manga
mpanamanga,manga
mangalaka,mangala
amangana,mangana
anamanganana,mangana
fanamanganana,mangana
mahamangana,mangana
manamangana,mangana
mangamangana,mangana
manganina,mangana
mihamangana,mangana
mpanamangana,mangana
mihamanify,manify
mahamanike,manike
mahanina,manina
fahamanirana,manitra
amanja,manja
anamanjana,manja
fahamanja,manja
fahamanjana,manja
fanamanja,manja
fanamanjana,manja
hamanja,manja
hamanjaina,manja
hamanjana,manja
mahamanja,manja
manamanja,manja
manjaina,manja
manjamanja,manja
mpanamanja,manja
voamanja,manja
anamantana,manta
fahamanta,manta
fahamantana,manta
fanamanta,manta
fanamantana,manta
hamanta,manta
hamantana,manta
mahamanta,manta
manamanta,manta
mantamanta,manta
mihamanta,manta
mpanamanta,manta
mahamantoanto,mantoanto
manamantoanto,mantoanto
mantsamantsana,mantsana
mahamaodimaody,maodimaody
mahamaody,maody
maodimaody,maody
fahamaola,maola
fahamaolana,maola
fimaola,maola
hamaola,maola
hamaolana,maola
mahamaola,maola
maolamaola,maola
mimaola,maola
mpimaola,maola
tafamaola,maola
fimaolamaolana,maolamaola
imaolamaolana,maolamaola
mimaolamaola,maolamaola
fimaona,maona
fimaonana,maona
imaonana,maona
mahamaona,maona
mimaona,maona
mpimaona,maona
anamaonjanana,maonjana
fahamaonjanana,maonjana
fanamaonjana,maonjana
fanamaonjanana,maonjana
hamaonjanana,maonjana
hamaonjanina,maonjana
mahamaonjana,maonjana
manamaonjana,maonjana
maonjanina,maonjana
mpanamaonjana,maonjana
maorimaoritra,maoritra
maoromaorona,maorona
kamaosy,maosy
manamaosy,maosy
fahamaotinana,maotina
maotimaotina,maotina
fahamaotona,maotona
fahamaotonana,maotona
hamaotona,maotona
hamaotonana,maotona
maotomaotona,maotona
hamara,mara
kamara,mara
maramara,mara
anarainana,maraina
fahamarainana,maraina
fanaraina,maraina
fanarainana,maraina
hamaraina,maraina
manaraina,maraina
maraindraina,maraina
mpanaraina,maraina
somarambato,marambato
somaranantsody,maranantsody
mampaharangitra,marangitra
amarika,marika
anamarihana,marika
fanamarihana,marika
fanamarika,marika
manamarika,marika
marihina,marika
marimarika,marika
mpanamarika,marika
voamarika,marika
mañamarike,marike
harikivy,marikivy
mamparikivy,marikivy
mihamarikivy,marikivy
anamarinana,marina
fahamarinana,marina
fanamarina,marina
hamarenana,marina
hamarinana,marina
hamarinina,marina
marimarina,marina
marinina,marina
mihamarina,marina
mpanamarina,marina
voamarina,marina
marirandrirana,marirana
marimaritra,maritra
mahamaritse,maritse
mihamaritse,maritse
voamaritsika,maritsika
anamaroana,maro
ankamaroany,maro
fahamaro,maro
fahamaroa,maro
fahamaroana,maro
fanamaro,maro
fanamaroana,maro
hamaro,maro
hamaroana,maro
hamaroina,maro
mahamaro,maro
manamaro,maro
maroana,maro
maroina,maro
maromaro,maro
mpanamaro,maro
marofirofy,marofy
marorodroroka,maroroka
ahamasahana,masaka
anamasahana,masaka
fahamasahana,masaka
fahamasaka,masaka
fanamasahana,masaka
fanamasaka,masaka
hamasahana,masaka
hamasahina,masaka
hamasaka,masaka
mahamasaka,masaka
manamasaka,masaka
masahina,masaka
masamasaka,masaka
mihamasaka,masaka
mpanamasaka,masaka
mahamasake,masake
mañamasake,masake
mihamasake,masake
pañamasake,masake
pimasake,masake
mihamasiaka,masiaka
fimasimasiana,masimasy
fimasimasy,masimasy
imasimasiana,masimasy
mimasimasy,masimasy
mpimasimasy,masimasy
ankamasinina,masina
fahamasinana,masina
fanamasina,masina
fanamasinana,masina
fankamasinana,masina
hamasinina,masina
manamasina,masina
mankamasina,masina
mpanamasina,masina
fimaso,maso
fimasoana,maso
imaso,maso
imasoana,maso
mahamaso,maso
masoina,maso
masomaso,maso
mimaso,maso
mpimaso,maso
mpimasy,masy
omasina,masy
malimasòva,masòva
mihamatanjaka,matanjaka
mihamatavy,matavy
mihamatevina,matevina
fimatimatesana,matimaty
mimatimaty,matimaty
famatona,matona
mamatona,matona
fahamatorana,matotra
matomatotra,matotra
anamatrohana,matroka
fanamatrohana,matroka
fanamatroka,matroka
manamatroka,matroka
matrohina,matroka
matromatroka,matroka
mpanamatroka,matroka
somatroka,matroka
matsoina,matso
imatesana,maty
matimaty,maty
mimaty,maty
mihamavesatra,mavesatra
anamavoana,mavo
fanamavo,mavo
fanamavoana,mavo
hamavo,mavo
hamavoana,mavo
hamavoina,mavo
kimavo,mavo
mampanamavo,mavo
manamavo,mavo
mavoana,mavo
mavoina,mavo
mifamavo,mavo
mifanamavo,mavo
mihamavo,mavo
mpanamavo,mavo
fifamavo,mavo
mavomavo,mavo
mpifamavo,mavo
fahamavomavoana,mavomavo
mahamay,may
maimay,may
fahamaizana,may
mihamazava,mazava
ambomba,mbomba
ambombaina,mbomba
ambombana,mbomba
fambomba,mbomba
fambombana,mbomba
mbombaina,mbomba
mbombana,mbomba
mifambomba,mbomba
mpambomba,mbomba
voambomba,mbomba
fimeda,meda
medameda,meda
mimeda,meda
fimedamedana,medameda
imedamedana,medameda
tsimedameda,medameda
hameke,meke
mahameke,meke
fanamelohana,meloka
fanameloka,meloka
hamelohina,meloka
mahameloka,meloka
melohina,meloka
mihameloka,meloka
mpanameloka,meloka
anamelohana,meloka
fahameloka,meloka
manameloka,meloka
anamenana,mena
fanamena,mena
fanamenana,mena
hamena,mena
hamenana,mena
mahamena,mena
manamena,mena
menaina,mena
menamena,mena
mihamena,mena
mpanamena,mena
fahamenamenana,menamena
ahamenarana,menatra
fahamenarana,menatra
fampahamenatra,menatra
mampahamenatra,menatra
hamendo,mendo
mahamendo,mendo
mendomendo,mendo
mihamendo,mendo
mendimendy,mendy
ampimenemene,menemene
mahamenemene,menemene
mampimenemene,menemene
mimenemene,menemene
pimenemene,menemene
menimenenina,menimeny
imenomenonana,menomenona
kamenomenona,menomenona
mimenomenona,menomenona
kamenona,menona
menomenona,menona
mimentsomentsona,mentsomentsona
kamentsona,mentsona
mentsomentsona,mentsona
fimeo,meo
mimeo,meo
mpimeo,meo
hameratse,meratse
mahameratse,meratse
mihameratse,meratse
fahamesamesahana,mesamesana
mahamete,mete
mihamete,mete
ahametezana,mety
etezana,mety
fahametezana,mety
fetezana,mety
hametezana,mety
mahamety,mety
metezina,mety
metimety,mety
mifañeva,meva
anamezahana,mezaka
famezaka,mezaka
fanamezahana,mezaka
fanamezaka,mezaka
hamezahana,mezaka
hamezaka,mezaka
mahamezaka,mezaka
mamezaka,mezaka
manamezaka,mezaka
mezahina,mezaka
mezamezaka,mezaka
mpamezaka,mezaka
mpanamezaka,mezaka
voamezaka,mezaka
mahamidy,midy
mihitsimihitsy,mihitsy
mihamilamina,milamina
amindroana,mindro
famindro,mindro
famindroana,mindro
mamindro,mindro
mpamindro,mindro
maminjo,minjo
mamintsike,mintsike
fimintsimintsiana,mintsimintsy
fimintsimintsy,mintsimintsy
imintsimintsiana,mintsimintsy
mahamintsimintsy,mintsimintsy
mimintsimintsy,mintsimintsy
mintsimintsina,mintsimintsy
mpimintsimintsy,mintsimintsy
manaminty,minty
fampimirana,mira
fimira,mira
fimirana,mira
mampimira,mira
miramira,mira
mpampimira,mira
amiramirana,miramirana
anamiramiranana,miramirana
fahamiramiranana,miramirana
fanamiramirana,miramirana
fanamiramiranana,miramirana
fimiramirana,miramirana
fimiramiranana,miramirana
imiramiranana,miramirana
mahamiramirana,miramirana
manamiramirana,miramirana
mimiramirana,miramirana
mpanamiramirana,miramirana
mpimiramirana,miramirana
anamiranana,mirana
fahamiranana,mirana
hamiranana,mirana
mahamirana,mirana
mimirana,mirana
miramirana,mirana
mpimirana,mirana
mihamitambotsotra,mitambotsotra
mitananàka,mitanàka
dimbitevy,mitevy
mihamitombo,mitombo
hamoa,moa
fimoemoe,moemoe
kimoemoe,moemoe
mahamoemoe,moemoe
mampimoemoe,moemoe
pimoemoe,moemoe
anamohafana,mohaka
fanamohafana,mohaka
fanamohaka,mohaka
mahamohaka,mohaka
manamohaka,mohaka
mohafina,mohaka
mohamohaka,mohaka
mpanamohaka,mohaka
mahamohake,mohake
fimoimoizana,moimoy
fimoimoy,moimoy
imoimoizana,moimoy
mahamoimoy,moimoy
mimoimoy,moimoy
mpimoimoy,moimoy
fimokimokiana,mokimoky
fimokimoky,mokimoky
imokimokiana,mokimoky
mahamokimoky,mokimoky
mimokimoky,mokimoky
mpimokimoky,mokimoky
tafamokimoky,mokimoky
fimokirana,mokitra
fimokitra,mokitra
imokirana,mokitra
mahamokitra,mokitra
mimokitra,mokitra
mokimokitra,mokitra
mpimokitra,mokitra
mokokoina,mokoko
mahamokotse,mokotse
mamokotse,mokotse
mihamokotse,mokotse
molalena,molaly
fimolotra,molotra
mimolotra,molotra
mampamombo,mombo
mahamomoke,momoke
manamomoke,momoke
mihamomoke,momoke
monamona,mona
fimonainana,monaina
hamonaimonainana,monaina
hamonainana,monaina
imonainana,monaina
mahamonaina,monaina
monainana,monaina
monamonaina,monaina
hamonamonainana,monamonaina
mahamonamonaina,monamonaina
hamonda,monda
mahamonda,monda
mihamonda,monda
mahamonditse,monditse
anamondrana,mondra
fanamondra,mondra
fanamondrana,mondra
mahamondra,mondra
manamondra,mondra
mondraina,mondra
mondramondra,mondra
mondroina,mondro
anamondriana,mondry
fanamondriana,mondry
fanamondry,mondry
kimondrimondry,mondry
mahamondry,mondry
manamondry,mondry
mondrina,mondry
mpanamondry,mondry
anamongana,monga
fanamonga,monga
fanamongana,monga
mahamonga,monga
manamonga,monga
mongaina,monga
mpanamonga,monga
amongo,mongo
anamongoana,mongo
fahamongo,mongo
fahamongoana,mongo
fanamongo,mongo
fanamongoana,mongo
hamongo,mongo
hamongoana,mongo
mahamongo,mongo
manamongo,mongo
mongoina,mongo
mongomongo,mongo
mpanamongo,mongo
voamongo,mongo
manamongomongo,mongomongo
monimonina,monina
amonjomonjo,monjomonjo
fimonjomonjo,monjomonjo
fimonjomonjoana,monjomonjo
imonjomonjoana,monjomonjo
mahamonjomonjo,monjomonjo
mimonjomonjo,monjomonjo
monjomonjoina,monjomonjo
mpimonjomonjo,monjomonjo
tafamonjomonjo,monjomonjo
amonjotra,monjotra
fimonjorana,monjotra
fimonjotra,monjotra
imonjorana,monjotra
mahamonjotra,monjotra
mimonjotra,monjotra
monjomonjotra,monjotra
mpimonjotra,monjotra
fimonomono,monomono
mimonomono,monomono
fimonomononana,monomonona
imonomononana,monomonona
mimonomonona,monomonona
misamonomonona,monomonona
hamonta,monta
montamonta,monta
imontirana,montitra
samontitra,montitra
mañamonto,monto
amontotra,montotra
fahamontorana,montotra
fahamontotra,montotra
fimontorana,montotra
fimontotra,montotra
hamontorana,montotra
hamontotra,montotra
imontorana,montotra
mahamontotra,montotra
mimontotra,montotra
montomontotra,montotra
montorina,montotra
mpimontotra,montotra
samontotra,montotra
anamontsamontsanana,montsamontsana
fanamontsamontsanana,montsamontsana
manamontsamontsana,montsamontsana
anamontsanana,montsana
fanamontsana,montsana
fanamontsanana,montsana
mahamontsana,montsana
manamontsana,montsana
montsamontsana,montsana
montsanina,montsana
mpanamontsana,montsana
voamontsana,montsana
mimontsina,montsina
amontso,montso
mampimontso,montso
mifampimontso,montso
mimontso,montso
pimontso,montso
fimontsona,montsona
fimontsonana,montsona
imontsonana,montsona
mimontsona,montsona
montsonina,montsona
mpimontsona,montsona
anamorana,mora
fahamorana,mora
fanamora,mora
fanamorana,mora
hamora,mora
hamoraina,mora
hamorana,mora
mahamora,mora
manamora,mora
moraina,mora
mpanamora,mora
tamora,mora
fahamora,mora
fihamora,mora
kimora,mora
mihamora,mora
moramora,mora
moramorainy,mora
pañamora,mora
tsimoramora,moramora
amorona,morona
anamoronana,morona
fanamorona,morona
fanamoronana,morona
manamorona,morona
moromorona,morona
mpanamorona,morona
famosana,mosa
mosamosa,mosa
kimosamosa,mosamosa
hamosare,mosare
mahamosare,mosare
mosarena,mosary
amosaviana,mosavy
amosavina,mosavy
famosaviana,mosavy
famosavy,mosavy
mamosavy,mosavy
mosavina,mosavy
mosavisavy,mosavy
mpamosavy,mosavy
voamosavy,mosavy
anamotahana,motaka
fanamotahana,motaka
fanamotaka,motaka
mahamotaka,motaka
manamotaka,motaka
mimotaka,motaka
motahina,motaka
motamotaka,motaka
mpanamotaka,motaka
voamotaka,motaka
fanamotehana,motika
fanamotika,motika
hamotika,motika
mahamotika,motika
manamotika,motika
motimotika,motika
mpanamotika,motika
voamotika,motika
anamotrahana,motraka
fanamotrahana,motraka
fanamotraka,motraka
hamotrahana,motraka
hamotraka,motraka
mahamotraka,motraka
manamotraka,motraka
motrahina,motraka
motramotraka,motraka
mpanamotraka,motraka
anamotsehana,motsika
fanamotsehana,motsika
fanamotsika,motsika
mahamotsika,motsika
manamotsika,motsika
motsehina,motsika
motsimotsika,motsika
mpanamotsika,motsika
voamotsika,motsika
anamotehana,moty
motena,moty
fimozimozy,mozimozy
mimozimozy,mozimozy
mpimozimozy,mozimozy
tsimozimozy,mozimozy
fimozy,mozy
mimozy,mozy
mozimozy,mozy
mpimozy,mozy
minafoke,nafoke
pinafoke,nafoke
nahonahona,nahona
minahonahona,nahonahona
anaikanaika,naikanaika
finaikanaika,naikanaika
finaikanaikana,naikanaika
inaikanaikana,naikanaika
kinaikanaika,naikanaika
mahanaikanaika,naikanaika
minaikanaika,naikanaika
mpinaikanaika,naikanaika
naikanaikaina,naikanaika
naikanaikana,naikanaika
tafanaikanaika,naikanaika
tsinaikanaika,naikanaika
finainaina,nainaina
finainainana,nainaina
inainainana,nainaina
konainaina,nainaina
minainaina,nainaina
mpinainaina,nainaina
minakanaka,nakanaka
ampinama,nama
fampinama,nama
finama,nama
mahanama,nama
mampinama,nama
minama,nama
namalahy,nama
pinama,nama
mpinamana,namana
kinamba,namba
finamonamona,namonamona
finamonamonana,namonamona
inamonamonana,namonamona
minamonamona,namonamona
mpinamonamona,namonamona
namonamonina,namonamona
tafanamonamona,namonamona
kinana,nana
anananana,nananana
finananana,nananana
finanananana,nananana
inanananana,nananana
mahanananana,nananana
minananana,nananana
mpinananana,nananana
nanananaina,nananana
tafanananana,nananana
minantsana,nantsana
nantsanantsana,nantsana
anantsanantsana,nantsanantsana
finantsanantsana,nantsanantsana
finantsanantsanana,nantsanantsana
inantsanantsanana,nantsanantsana
minantsanantsana,nantsanantsana
mpinantsanantsana,nantsanantsana
nantsanantsanina,nantsanantsana
finantsonantsona,nantsonantsona
finantsonantsonana,nantsonantsona
inantsonantsonana,nantsonantsona
mahanantsonantsona,nantsonantsona
minantsonantsona,nantsonantsona
mpinantsonantsona,nantsonantsona
nantsonantsonina,nantsonantsona
finaonaoke,naonaoke
minaonaoke,naonaoke
finaonaona,naonaona
finaonaonana,naonaona
inaonaonana,naonaona
kinaonaona,naonaona
mahanaonaona,naonaona
mikinaonaona,naonaona
minaonaona,naonaona
mpinaonaona,naonaona
tafanaonaona,naonaona
nanaranara,nara
naranara,nara
inaranarana,naranara
minaranara,naranara
manaranara,naranara
anatoana,nato
fanato,nato
fanatoana,nato
manato,nato
mpanato,nato
natoina,nato
voanato,nato
minañenañe,nañenañe
fandodoke,ndodoke
mampandodoke,ndodoke
mandodoke,ndodoke
mihamandodoke,ndodoke
pandodoke,ndodoke
fandondona,ndondona
mpandondona,ndondona
ndondondondona,ndondona
finehaneha,nehaneha
finehanehana,nehaneha
inehanehana,nehaneha
kinehaneha,nehaneha
mahanehaneha,nehaneha
mampinehaneha,nehaneha
minehaneha,nehaneha
mpinehaneha,nehaneha
pineheneha,nehaneha
tafanehaneha,nehaneha
minehoneho,nehoneho
finemonemona,nemonemona
finemonemonana,nemonemona
inemonemonana,nemonemona
minemonemona,nemonemona
mpinemonemona,nemonemona
anenana,nena
inenana,nena
manena,nena
minena,nena
minendo,nendo
nendonendo,nendo
anendonendo,nendonendo
finendonendo,nendonendo
finendonendoana,nendonendo
mahanendonendo,nendonendo
minendonendo,nendonendo
mpinendonendo,nendonendo
nendonendoina,nendonendo
voanendonendo,nendonendo
mampaneñe,nene
paneñe,nene
anenenana,nenina
fanenenana,nenina
fanenina,nenina
manenina,nenina
mpanenina,nenina
neninenina,nenina
anenitse,nenitse
mampinenitse,nenitse
minenitse,nenitse
pinenitse,nenitse
ampanenoina,neno
anenoana,neno
faneno,neno
fanenoana,neno
maneno,neno
mpaneno,neno
nenoneno,neno
nenonenona,nenona
finenonenona,nenonenona
finenonenonana,nenonenona
inenonenonana,nenonenona
minenonenona,nenonenona
mpinenonenona,nenonenona
fingadonana,ngadona
ngadonina,ngadona
anangadonana,ngadona
angadona,ngadona
angadonana,ngadona
fanangadona,ngadona
fanangadonana,ngadona
fangadona,ngadona
fangadonana,ngadona
fingadona,ngadona
ingadonana,ngadona
manangadona,ngadona
mingadona,ngadona
mpanangadona,ngadona
mpangadona,ngadona
mpingadona,ngadona
ngadongadona,ngadona
tafangadona,ngadona
voangadona,ngadona
mingadongadona,ngadongadona
kangaly,ngaly
ngalingaly,ngaly
fahangara,ngara
hangara,ngara
ngarangara,ngara
fangatsokatsoke,ngatsokatsoke
mampangatsokatsoke,ngatsokatsoke
mangatsokatsoke,ngatsokatsoke
pangatsokatsoke,ngatsokatsoke
hangazana,ngazana
ngenge,nge
anangedonana,ngedona
fanangedona,ngedona
fanangedonana,ngedona
mahangedona,ngedona
manangedona,ngedona
mpanangedona,ngedona
ngedongedona,ngedona
ngedonina,ngedona
manangelingely,ngelingely
fingenongenona,ngenongenona
fingenongenonana,ngenongenona
ingenongenonana,ngenongenona
mahangenongenona,ngenongenona
mingenongenona,ngenongenona
mpingenongenona,ngenongenona
ngenongenonina,ngenongenona
tafangenongenona,ngenongenona
fangerokeroka,ngeroka
anangeronana,ngerona
angerona,ngerona
fanangerona,ngerona
fanangeronana,ngerona
mahangerona,ngerona
manangerona,ngerona
mpanangerona,ngerona
ngerongerona,ngerona
ngeronina,ngerona
voangerona,ngerona
fangerongerona,ngerongerona
fangerongeronana,ngerongerona
fahangetroka,ngetroka
hangetroka,ngetroka
fahangeza,ngeza
fahangezana,ngeza
hangeza,ngeza
hangezana,ngeza
angidiana,ngidy
fahangidiny,ngidy
fangidiana,ngidy
hangidy,ngidy
mampangidy,ngidy
ngidingidy,ngidy
mangilake,ngilake
anangiloana,ngilo
angilo,ngilo
fahangilo,ngilo
fanangilo,ngilo
fanangiloana,ngilo
hangilo,ngilo
mahangilo,ngilo
manangilo,ngilo
mpanangilo,ngilo
ngiloina,ngilo
ngilongilo,ngilo
tanangiloana,ngilo
voangilo,ngilo
anginana,ngina
ngirifiry,nginkazo
minginkazo,nginkazo
anangitana,ngita
fahangita,ngita
fahangitana,ngita
fanangita,ngita
fanangitana,ngita
hangita,ngita
hangitana,ngita
mahangita,ngita
manangita,ngita
mpanangita,ngita
ngitaina,ngita
ngitangita,ngita
voangita,ngita
mingitrika,ngitrika
anangizinana,ngizina
fanangizina,ngizina
fanangizinana,ngizina
mahangizina,ngizina
manangizina,ngizina
mpanangizina,ngizina
ngizingizina,ngizina
ngizinina,ngizina
voangizina,ngizina
hangoay,ngoay
mahangoay,ngoay
mihangoay,ngoay
pingoay,ngoay
mingodana,ngodana
ngorodana,ngodana
angodona,ngodona
fingodona,ngodona
fingodonana,ngodona
ingodonana,ngodona
mahangodona,ngodona
mingodona,ngodona
mpingodona,ngodona
ngodongodona,ngodona
ngodonina,ngodona
ngorodona,ngodona
ingodongodonana,ngodongodona
mingodongodona,ngodongodona
fangogoke,ngokoke
mampangogoke,ngokoke
mangogoke,ngokoke
fangoladake,ngoladake
mangoladake,ngoladake
fanangolingolena,ngolingoly
mahangolingoly,ngolingoly
fahangoly,ngoly
mahangoly,ngoly
ngolingoly,ngoly
mingonona,ngonona
ngonongonona,ngonona
fingonongonona,ngonongonona
fingonongononana,ngonongonona
ingonongononana,ngonongonona
mingonongonona,ngonongonona
mpingonongonona,ngonongonona
ngonongononina,ngonongonona
tafangonongonona,ngonongonona
mampangorintsy,ngorintsy
mangorintsy,ngorintsy
mingorodana,ngorodana
fingorodona,ngorodona
fingorodonana,ngorodona
ingorodonana,ngorodona
mingorodona,ngorodona
mpingorodona,ngorodona
ngorodondrodona,ngorodona
ngorodonina,ngorodona
fingoso,ngoso
fingosoana,ngoso
ingosoana,ngoso
mahangoso,ngoso
mingoso,ngoso
mpingoso,ngoso
ngosongoso,ngoso
nho,nhea
finia,nia
finiavana,nia
iniana,nia
iniavana,nia
minia,nia
mpinia,nia
niavina,nia
anifisana,nify
fahanifisana,nify
fahanify,nify
fanifisana,nify
hanifisana,nify
hanifisina,nify
hanify,nify
mahanify,nify
mampanify,nify
manify,nify
nifinify,nify
nifisina,nify
minify,nify
fininitse,ninitse
mahaninitse,ninitse
mampininitse,ninitse
mininitse,ninitse
pininitse,ninitse
fanintsy,nintsy
mampanintsy,nintsy
panintsy,nintsy
ninibe,niny
finionioke,nionioke
minionioke,nionioke
initihana,nitika
nitinitika,nitika
finitinitihana,nitinitika
finitinitika,nitinitika
initinitihana,nitinitika
minitinitika,nitinitika
nitinitihina,nitinitika
finitinitiana,nitinity
finitinity,nitinity
initinitiana,nitinity
minitinity,nitinity
mpinitinity,nitinity
nitinitina,nitinity
mampanjitike,njitike
manjitike,njitike
anjola,njola
anjolana,njola
fanjola,njola
fanjolana,njola
mahanjola,njola
manjola,njola
mpanjola,njola
njolaina,njola
njolanjola,njola
voanjola,njola
fahanoanana,noana
hanoanana,noana
mahanoana,noana
noanina,noana
noanoana,noana
manofinofy,nofinofy
manonofinofy,nofinofy
nofosana,nofo
anofisana,nofy
fanofisana,nofy
fanofy,nofy
manofy,nofy
manonofy,nofy
mañinôfy,nofy
mpanofy,nofy
nofinofy,nofy
nofisina,nofy
finondaka,nondaka
minondaka,nondaka
nondanondaka,nondaka
ampinono,nono
ampinonoana,nono
ampinonoina,nono
anono,nono
fampinonoana,nono
finono,nono
finonoana,nono
inonoana,nono
mahanono,nono
mampinono,nono
minono,nono
mpinono,nono
nonoina,nono
pinono,nono
voanono,nono
mahanoro,noro
manoro,noro
antsakaina,ntsaka
antsakana,ntsaka
fantsakàna,ntsaka
fantsàka,ntsaka
mahantsaka,ntsaka
mantsaka,ntsaka
mpantsaka,ntsaka
tafantsaka,ntsaka
voantsaka,ntsaka
mampañoake,oake
pañoake,oake
miobinobina,obinobina
anobonobonana,obonobona
aobonobona,obonobona
fanobonobona,obonobona
fanobonobonana,obonobona
fiobonobona,obonobona
fiobonobonana,obonobona
iobonobonana,obonobona
mahaobonobona,obonobona
manobonobona,obonobona
miobonobona,obonobona
mpanobonobona,obonobona
mpiobonobona,obonobona
obonobonina,obonobona
tafaobonobona,obonobona
voaobonobona,obonobona
aodake,odake
faodake,odake
fiodake,odake
mahaodake,odake
mampañodake,odake
mampiodake,odake
mañodake,odake
mifañodake,odake
miodake,odake
pañodake,odake
pifañodake,odake
piodake,odake
voaodake,odake
iodinana,odina
aodina,odina
fampiodina,odina
fampiodinana,odina
fiodina,odina
fiodinana,odina
mampiodina,odina
miodina,odina
mpanodina,odina
mpiodina,odina
tafaodina,odina
voaodina,odina
ampodiana,ody
ampodina,ody
aodiody,ody
fiodiana,ody
iodiana,ody
miody,ody
mpiody,ody
odiana,ody
fodiana,ody
fody,ody
mampañody,ody
mampody,ody
mimpody,ody
mody,ody
mpody,ody
pañody,ody
tafaody,ody
voaody,ody
miofaka,ofaka
manofana,ofana
miofana,ofana
anofanana,ofana
aofana,ofana
fampiofanana,ofana
fanofanana,ofana
fiofana,ofana
fiofanana,ofana
iofanana,ofana
mahaofana,ofana
mpanofana,ofana
mpiofana,ofana
iofikofihana,ofikofika
manofikofika,ofikofika
miofikofika,ofikofika
manofo,ofo
fiofo,ofo
fiofoana,ofo
iofoana,ofo
mahaofo,ofo
mampiofo,ofo
miofo,ofo
mpiofo,ofo
voaofo,ofo
mifañofoke,ofoke
miofoke,ofoke
pampiofoke,ofoke
pañofoke,ofoke
voaofoke,ofoke
fiofiana,ofy
fiofy,ofy
iofiana,ofy
mahaofy,ofy
miofy,ofy
mpiofy,ofy
ofiofy,ofy
pañofy,ofy
piofy,ofy
voaofy,ofy
ampiohafana,ohaka
fampiohafana,ohaka
fampiohaka,ohaka
fiohafana,ohaka
fiohaka,ohaka
iohafana,ohaka
mampiohaka,ohaka
miohaka,ohaka
mpampiohaka,ohaka
mpiohaka,ohaka
ohakohaka,ohaka
anoharana,ohatra
aohatra,ohatra
fanoharana,ohatra
fanohatra,ohatra
mahaohatra,ohatra
manohatra,ohatra
miohatra,ohatra
mpanohatra,ohatra
oharina,ohatra
ohatrohatra,ohatra
tafaohatra,ohatra
voaohatra,ohatra
mampañohatse,ohatse
mañohatse,ohatse
mifañohatse,ohatse
pañohatse,ohatse
voaohatse,ohatse
fanohona,ohona
fanohonana,ohona
manohona,ohona
ohonina,ohona
voaohona,ohona
aohotra,ohotra
manohotra,ohotra
ohorina,ohotra
voaohotra,ohotra
hoazana,ohy
voaohy,ohy
fanohy,ohy
ohazana,ohy
anoirana,oitra
aoitra,oitra
fanoirana,oitra
fanoitra,oitra
fioirana,oitra
fioitra,oitra
ioirana,oitra
mahaoitra,oitra
manoitra,oitra
mioitra,oitra
mpanoitra,oitra
mpioitra,oitra
oirina,oitra
oitroitra,oitra
tafaoitra,oitra
voaoitra,oitra
aoitse,oitse
mahaoitse,oitse
mampañoitse,oitse
mañoitse,oitse
mioitse,oitse
pañoitse,oitse
voaoitse,oitse
kioje,oje
mahaoje,oje
mampioje,oje
mioje,oje
pioje,oje
miojy,ojy
miokatra,okatra
okarina,okatra
voaokatra,okatra
fiokirana,okitra
fiokitra,okitra
iokirana,okitra
miokitra,okitra
mpiokitra,okitra
okitrokitra,okitra
mioko,oko
fioko,oko
fiokoana,oko
iokoana,oko
mpioko,oko
aola,ola
mampiola,ola
mifañola,ola
pañola,ola
pifañola,ola
piola,ola
miola,ola
maola,ola
anolahana,olaka
aolaka,olaka
fiolahana,olaka
fiolaka,olaka
iolahana,olaka
mahaolaka,olaka
miolaka,olaka
mpiolaka,olaka
olakolaka,olaka
tafaolaka,olaka
voaolaka,olaka
anolakolahana,olakolaka
fiolakolahana,olakolaka
iolakolahana,olakolaka
manolakolaka,olakolaka
miolakolaka,olakolaka
fifanolana,olana
iolanolanana,olana
mpifanolana,olana
anolanana,olana
aolana,olana
fanolana,olana
fanolanana,olana
fiolana,olana
fiolanana,olana
ifanolanana,olana
iolanana,olana
mahaolana,olana
manolana,olana
mifanolana,olana
miolana,olana
mpanolana,olana
mpiolana,olana
olanolana,olana
tafaolana,olana
voaolana,olana
mifanolanolana,olanolana
miolanolana,olanolana
mifañampole,ole
pimpole,ole
fanolehana,olika
iolikolehana,olika
manolikolika,olika
anolehana,olika
aolika,olika
fanolika,olika
fiolehana,olika
fiolika,olika
iolehana,olika
mahaolika,olika
manolika,olika
miolika,olika
mpanolika,olika
mpiolika,olika
olikolika,olika
tafaolika,olika
voaolika,olika
miolikolika,olikolika
olerina,olitra
miolitrolitra,olitrolitra
anoloana,oloana
anoloanana,oloana
fanoloana,oloana
fanoloanana,oloana
manoloana,oloana
oloanina,oloana
miolomay,olomay
iolonololanana,olona
aolonolona,olona
olonolona,olona
fiolonolona,olonolona
fiolonolonana,olonolona
ifampiolonolonana,olonolona
iolonolonana,olonolona
miolonolona,olonolona
mpiolonolona,olonolona
olonolonina,olonolona
olerana,olotra
anolorana,olotra
aolotra,olotra
fanolorana,olotra
fanolotra,olotra
fiolorana,olotra
fiolotra,olotra
iolorana,olotra
mifanolotra,olotra
miolotra,olotra
mpiolotra,olotra
olorana,olotra
olorina,olotra
tafaolotra,olotra
voaolotra,olotra
aoly,oly
mahaoly,oly
manoly,oly
olioly,oly
voaoly,oly
mampañoma,oma
mampioma,oma
mañoma,oma
mifampioma,oma
mioma,oma
pañoma,oma
pioma,oma
voaoma,oma
mionana,omana
anomanana,omana
aomana,omana
fanomana,omana
fanomanana,omana
fiomana,omana
fiomanana,omana
iomanana,omana
mahaomana,omana
manomana,omana
miomana,omana
mpanomana,omana
mpiomana,omana
omanina,omana
omanomana,omana
tafaomana,omana
voaomana,omana
aomba,omba
fampañomba,omba
mahaomba,omba
mampañomba,omba
ombaina,omba
ombana,omba
pañomba,omba
pifañomba,omba
anombana,omba
fanomba,omba
fanombana,omba
manomba,omba
mpanomba,omba
voaomba,omba
fifañomba,omba
fiomba,omba
fiombana,omba
fombana,omba
iombana,omba
mampomba,omba
miomba,omba
momba,omba
mpiomba,omba
mpomba,omba
tafaomba,omba
mahaombe,ombe
mampañombe,ombe
miombe,ombe
pañombe,ombe
piombe,ombe
voaombe,ombe
anombihana,ombika
aombika,ombika
fanombihana,ombika
fanombika,ombika
fiombihana,ombika
fiombika,ombika
iombihana,ombika
mahaombika,ombika
manombika,ombika
miombika,ombika
mpanombika,ombika
mpiombika,ombika
ombihana,ombika
ombikombika,ombika
tafaombika,ombika
voaombika,ombika
mahaombitse,ombitse
mampañombitse,ombitse
mañombitse,ombitse
pañombitse,ombitse
voaombitse,ombitse
aombona,ombona
fiombona,ombona
fiombonana,ombona
iombonana,ombona
mahaombona,ombona
miombona,ombona
mpiombona,ombona
tafaombona,ombona
maombotra,ombotra
anombotana,ombotra
aombotra,ombotra
fanombotana,ombotra
fanombotra,ombotra
fiombotana,ombotra
fiombotra,ombotra
iombotana,ombotra
mahaombotra,ombotra
manombotra,ombotra
miombotra,ombotra
miombotrombotra,ombotra
mpanombotra,ombotra
mpiombotra,ombotra
ombotana,ombotra
ombotrombotra,ombotra
voaombotra,ombotra
manombotrombotra,ombotrombotra
aombotse,ombotse
mahaombotse,ombotse
mampañombotse,ombotse
mifañombotse,ombotse
miombotse,ombotse
pañombotse,ombotse
piombotse,ombotse
voaombotse,ombotse
ahombiasana,omby
ahombiazana,omby
fahombiasana,omby
fahombiazana,omby
fahomby,omby
fiombiazana,omby
iombiazana,omby
mahomby,omby
mpahomby,omby
nahomby,omby
kiombiomby,omby
ombiomby,omby
tsiombiomby,omby
fiombiana,omby
fiomby,omby
iombiana,omby
mahaomby,omby
miomby,omby
mpiomby,omby
anomeazana,ome
anomezana,ome
fanome,ome
fanomezana,ome
fifanomezana,ome
ifanomezana,ome
manome,ome
mifanome,ome
mpanome,ome
omeme,ome
omena,ome
fomena,omena
ampañompa,ompa
anompana,ompa
aompa,ompa
fampañompa,ompa
fanompa,ompa
fanompana,ompa
fiompa,ompa
fiompana,ompa
iompana,ompa
iompanana,ompa
mahaompa,ompa
mampañompa,ompa
manompa,ompa
mifanompa,ompa
miompa,ompa
mpanompa,ompa
mpanompana,ompa
mpiompa,ompa
mpiompana,ompa
ompana,ompa
pañompa,ompa
voaompa,ompa
anompahana,ompaka
manompaka,ompaka
miompaka,ompaka
ompahina,ompaka
anompanana,ompana
fanompanana,ompana
fiompanana,ompana
aompana,ompana
manompana,ompana
miompana,ompana
voaompana,ompana
manompy,ompy
mañompy,ompy
fiompiana,ompy
fiompy,ompy
iompiana,ompy
mahompy,ompy
miompy,ompy
mpiompy,ompy
ompiana,ompy
ompiompy,ompy
voaompy,ompy
manona,ona
onana,ona
onanina,ona
manonana,onana
mampionda,onda
mionda,onda
pionda,onda
voaonda,onda
anondanana,ondana
aondana,ondana
fanondana,ondana
fanondanana,ondana
fiondana,ondana
fiondanana,ondana
iondanana,ondana
mahaondana,ondana
manondana,ondana
mifanondana,ondana
miondana,ondana
mpanondana,ondana
mpiondana,ondana
ondanana,ondana
ondanondana,ondana
tafaondana,ondana
voaondana,ondana
miondevo,ondevo
anondranana,ondrana
aondrana,ondrana
fanondrana,ondrana
fanondranana,ondrana
fiondrana,ondrana
fiondranana,ondrana
iondranana,ondrana
mahaondrana,ondrana
manondrana,ondrana
miondrana,ondrana
mpanondrana,ondrana
mpiondrana,ondrana
ondranondrana,ondrana
tafaondrana,ondrana
tafondrana,ondrana
voaondrana,ondrana
kaondrana,ondrana
kondrana,ondrana
ondranana,ondrana
ondranondranana,ondranondrana
anondrehana,ondrika
aondrika,ondrika
fanondrehana,ondrika
fanondrika,ondrika
fiondrehana,ondrika
fiondrika,ondrika
iondrehana,ondrika
mahaondrika,ondrika
mampiondrika,ondrika
manondrika,ondrika
miondrika,ondrika
mpanondrika,ondrika
mpiondrika,ondrika
ondrikondrika,ondrika
tafaondrika,ondrika
tanondrika,ondrika
voaondrika,ondrika
miondrikondrika,ondrikondrika
iondrinondrenana,ondrinondrina
miondrinondrina,ondrinondrina
aonena,onena
fahonena,onena
mahonena,onena
aonga,onga
mahaonga,onga
manonga,onga
mionga,onga
pañonga,onga
pionga,onga
voaonga,onga
anongahana,ongaka
aongaka,ongaka
fanongahana,ongaka
fanongaka,ongaka
fiongaka,ongaka
iongahana,ongaka
mahaongaka,ongaka
manongaka,ongaka
miongaka,ongaka
mpanongaka,ongaka
ongahana,ongaka
ongakongaka,ongaka
tafaongaka,ongaka
voaongaka,ongaka
aongake,ongake
kiongake,ongake
mahaongake,ongake
mampañongake,ongake
mampiongake,ongake
pañongake,ongake
piongake,ongake
voaongake,ongake
mifanongana,ongana
anonganana,ongana
aongana,ongana
fanongana,ongana
fanonganana,ongana
fiongana,ongana
fionganana,ongana
ionganana,ongana
mahongana,ongana
manongana,ongana
miongana,ongana
mpanongana,ongana
mpiongana,ongana
onganongana,ongana
tafaongana,ongana
totongana,ongana
voaongana,ongana
anongonongonana,ongonongona
aongonongona,ongonongona
fanongonongona,ongonongona
fanongonongonana,ongonongona
manongonongona,ongonongona
mpanongonongona,ongonongona
voaongonongona,ongonongona
anongotana,ongotra
aongotra,ongotra
fanongotana,ongotra
fanongotra,ongotra
fiongotana,ongotra
fiongotra,ongotra
iongotana,ongotra
manongotra,ongotra
mifanongotra,ongotra
miongotra,ongotra
mpiongotra,ongotra
ongotana,ongotra
ongrotrongotra,ongotra
voaongotra,ongotra
ongina,ongy
voaongy,ongy
fiongy,ongy
miongy,ongy
honina,onina
manonina,onina
mionina,onina
onenina,onina
fonenana,onina
fonina,onina
mahonina,onina
monina,onina
mpampionina,onina
mponina,onina
onenana,onina
tafaonina,onina
anonerana,onitra
aonitra,onitra
fanonerana,onitra
fanonitra,onitra
fionerana,onitra
fionitra,onitra
ionerana,onitra
mahonitra,onitra
manonitra,onitra
mionitra,onitra
mpanonitra,onitra
mpionitra,onitra
onerana,onitra
onitronitra,onitra
tafaonitra,onitra
voaonitra,onitra
aonitse,onitse
mahaonitse,onitse
mampañonitse,onitse
mañonitse,onitse
mionitse,onitse
pañonitse,onitse
pionitse,onitse
voaonitse,onitse
mampanonja,onja
anonjana,onja
aonja,onja
fanonja,onja
fanonjana,onja
kionja,onja
mahaonja,onja
mampañonja,onja
mampionja,onja
manonja,onja
manonjanonja,onja
mpanonja,onja
onjanonja,onja
pañonja,onja
pionja,onja
voaonja,onja
anonjahana,onjaka
fanonjahana,onjaka
fanonjaka,onjaka
manonjaka,onjaka
mpanonjaka,onjaka
onjahana,onjaka
onjahina,onjaka
onjakonjaka,onjaka
voaonjaka,onjaka
mionjika,onjika
aonjike,onjike
mahaonjike,onjike
mampionjike,onjike
mañonjike,onjike
mionjike,onjike
pionjike,onjike
tonjina,onjina
aonjina,onjina
mahonjina,onjina
mionjina,onjina
onjinonjina,onjina
tafaonjina,onjina
aonjinonjina,onjinonjina
fionjinonjenana,onjinonjina
fionjinonjina,onjinonjina
ionjinonjenana,onjinonjina
mahonjinonjina,onjinonjina
mionjinonjina,onjinonjina
mpionjinonjina,onjinonjina
tafaonjinonjina,onjinonjina
mahaonjo,onjo
mampañonjo,onjo
manonjo,onjo
mionjo,onjo
pañonjo,onjo
pionjo,onjo
voaonjo,onjo
anonjonana,onjona
fanonjona,onjona
fanonjonana,onjona
fionjona,onjona
fionjonana,onjona
ionjonana,onjona
mahonjona,onjona
mionjona,onjona
mpanonjona,onjona
mpionjona,onjona
onjonina,onjona
onjononjona,onjona
tafaonjona,onjona
tafionjona,onjona
voaonjona,onjona
mionjononjona,onjononjona
mampionkina,onkina
fionkenana,onkina
fionkina,onkina
ionkenana,onkina
mahonkina,onkina
mionkina,onkina
mpionkina,onkina
onkenana,onkina
onkinonkina,onkina
tafaonkina,onkina
voaonkina,onkina
ampiononoana,onona
fahononana,onona
mampionona,onona
ampiononina,onona
anononana,onona
aonona,onona
fampiononana,onona
fanonona,onona
fionona,onona
fiononana,onona
iononana,onona
mahonona,onona
manonona,onona
mionona,onona
mpionona,onona
ononina,onona
onononona,onona
onony,onona
tafaonona,onona
voaonona,onona
anonorana,onotra
anonotana,onotra
fanonotana,onotra
fanonotra,onotra
fionotana,onotra
fionotra,onotra
ionotana,onotra
mahonotra,onotra
manonotra,onotra
maonotra,onotra
mionotra,onotra
mpanonotra,onotra
mpionotra,onotra
ononorana,onotra
onontana,onotra
onorana,onotra
onorina,onotra
onotana,onotra
onotronotra,onotra
voaonotra,onotra
mahaonotse,onotse
mampañonotse,onotse
mionotse,onotse
pañonotse,onotse
miontailanina,ontailanina
fiontana,ontana
fiontanana,ontana
iontanana,ontana
miontana,ontana
mpiontana,ontana
ontanontana,ontana
tafaontana,ontana
mahaontane,ontane
mampañontane,ontane
mañontane,ontane
mifañontane,ontane
pañontane,ontane
pifañontane,ontane
voaontane,ontane
manontanintany,ontanintany
manontanitany,ontanitany
miontanontana,ontanontana
anontaniana,ontany
fanontaniana,ontany
fanontany,ontany
mahanontany,ontany
mahontany,ontany
mampanontany,ontany
mampifanontany,ontany
manontany,ontany
mifanontany,ontany
miontany,ontany
mpanontany,ontany
ontanintany,ontany
ontanitany,ontany
voanontany,ontany
voaontany,ontany
manontika,ontika
miony,ony
manorana,orana
morana,orana
aorana,orana
fanorana,orana
fanoranana,orana
mahorana,orana
voaorana,orana
anoranoranana,oranorana
aoranorana,oranorana
fanoranorana,oranorana
fanoranoranana,oranorana
mahoranorana,oranorana
manoranorana,oranorana
mpanoranorana,oranorana
oranoranina,oranorana
voaoranorana,oranorana
aore,ore
mahaore,ore
mampañore,ore
mampiore,ore
pañore,ore
voaore,ore
manoria,oria
ampañoriba,oriba
fampañoriba,oriba
fañoriba,oriba
mampañoriba,oriba
pañoriba,oriba
voaoriba,oriba
miorika,orika
amporihana,orika
aorika,orika
fiorihana,orika
fiorika,orika
iorihana,orika
mahorika,orika
mpiorika,orika
orihina,orika
orikorika,orika
tafaorika,orika
voaorika,orika
fañorike,orike
mahaorike,orike
mampañorike,orike
mifañorike,orike
pañorike,orike
pifañorike,orike
voaorike,orike
anorenana,orina
aorina,orina
fanorenana,orina
fanorina,orina
fiorenana,orina
fiorina,orina
iorenana,orina
mahorina,orina
manorina,orina
miorina,orina
orenana,orina
orinorina,orina
tafaorina,orina
voaorina,orina
manorinorina,orinorina
aoritra,oritra
fioretana,oritra
fioritra,oritra
ioretana,oritra
maoritra,oritra
mioritra,oritra
mpioritra,oritra
oritroritra,oritra
tafaoritra,oritra
voaoritra,oritra
oritana,oritra
mahaoro,oro
mioro,oro
oroana,oro
voaoro,oro
anorohana,oroka
aoroka,oroka
fanorohana,oroka
fanoroka,oroka
fiorohana,oroka
fioroka,oroka
iorohana,oroka
mahaoroka,oroka
manoroka,oroka
mifanoroka,oroka
mioroka,oroka
mpanoroka,oroka
mpioroka,oroka
orofana,oroka
orohana,oroka
orokoroka,oroka
voaoroka,oroka
kioroke,oroke
mahaoroke,oroke
mampañoroke,oroke
pañoroke,oroke
pifañoroke,oroke
voaoroke,oroke
manorokoroka,orokoroka
fioronoronana,oronorona
mioronorona,oronorona
anorotana,orotra
aorotra,orotra
fanorosana,orotra
fanorotana,orotra
fanorotra,orotra
fiorotana,orotra
fiorotra,orotra
iorotana,orotra
mahorotra,orotra
manorotra,orotra
miorotra,orotra
mpanorotra,orotra
orosana,orotra
orotana,orotra
orotrorotra,orotra
voaorotra,orotra
ampahorina,ory
mpampahory,ory
ampahoriana,ory
anorena,ory
aory,ory
fahoriana,ory
fampahoriana,ory
fioriana,ory
fiory,ory
ioriana,ory
mahory,ory
mampahory,ory
manory,ory
miory,ory
mpanory,ory
mpiory,ory
orena,ory
orina,ory
oriory,ory
tafaory,ory
voaory,ory
aosa,osa
fahosana,osa
hakanosana,osa
haosana,osa
kanosa,osa
mahaosa,osa
mahosa,osa
mampahosa,osa
osaina,osa
osaosa,osa
ososa,osa
aosanosana,osanosana
fiosanosana,osanosana
fiosanosanana,osanosana
manosanosana,osanosana
miosanosana,osanosana
osanosanina,osanosana
miòsika,osika
mpiòsika,osika
manosina,osina
fanota,ota
mahota,ota
mpiota,ota
mifañota,ota
mahaota,ota
ampañota,ota
anotana,ota
aota,ota
fahota,ota
fahotana,ota
fampañota,ota
fanotana,ota
mampañota,ota
manota,ota
otaina,ota
otaota,ota
pañota,ota
pifañota,ota
voaota,ota
aotake,otake
piotake,otake
fiotazana,otazana
anotinana,otina
aotina,otina
fanotina,otina
fanotinana,otina
mahotina,otina
manotina,otina
miotina,otina
mpanotina,otina
otinotina,otina
tafaotina,otina
voaotina,otina
fiotinotina,otinotina
fiotinotinana,otinotina
iotinotinana,otinotina
miotinotina,otinotina
mpiotinotina,otinotina
anorany,otra
anorana,otra
aotra,otra
fanotra,otra
fiorana,otra
fiotra,otra
iorana,otra
mahotra,otra
manotra,otra
miotra,otra
mpanotra,otra
mpiotra,otra
otrotra,otra
voaotra,otra
otrehana,otrika
aotrika,otrika
anotrehana,otrika
fanotrehana,otrika
fanotrika,otrika
fiotrehana,otrika
fiotrika,otrika
iotrehana,otrika
mahotrika,otrika
miotrika,otrika
mpanotrika,otrika
mpiotrika,otrika
otrikotrika,otrika
voaotrika,otrika
miotrikotrika,otrikotrika
anotronana,otrona
fanotrona,otrona
fanotronana,otrona
mahotrona,otrona
manotrona,otrona
mpanotrona,otrona
otronina,otrona
otronotrona,otrona
voaotrona,otrona
mahaotse,otse
mampañotse,otse
mañotse,otse
mifañotse,otse
miotse,otse
pañotse,otse
pifañotse,otse
piotse,otse
voaotse,otse
aotsike,otsike
mahaotsike,otsike
mampañotsike,otsike
mañotsike,otsike
miotsike,otsike
pañotsike,otsike
voaotsike,otsike
mahaotso,otso
mampañotso,otso
mañotso,otso
mifañotso,otso
miotso,otso
pañotso,otso
pifañotso,otso
voaotso,otso
aotsoke,otsoke
voaotsoke,otsoke
fanoty,oty
anotazana,oty
anotoazana,oty
aoty,oty
fanotazana,oty
fanotoazana,oty
fiotoazana,oty
fioty,oty
fitoazana,oty
iotazana,oty
iotoazana,oty
itoazana,oty
mahoty,oty
manoty,oty
mioty,oty
mpanoty,oty
mpioty,oty
otazana,oty
otioty,oty
otoazana,oty
toazana,oty
voaoty,oty
ampañova,ova
ampiova,ova
fampañova,ova
mahova,ova
mampiova,ova
piova,ova
anovana,ova
aova,ova
fanova,ova
fanovana,ova
fifañova,ova
fiova,ova
fiovana,ova
iovana,ova
mahaova,ova
mampañova,ova
manova,ova
mifanova,ova
miova,ova
mpanova,ova
mpiova,ova
ovana,ova
ovaova,ova
ovova,ova
pañova,ova
voaova,ova
fanovaka,ovaka
fiovahana,ovaka
iovahana,ovaka
anovahana,ovaka
aovaka,ovaka
fanovahana,ovaka
fiovaka,ovaka
mahovaka,ovaka
manovaka,ovaka
miovaka,ovaka
mpiovaka,ovaka
ovahana,ovaka
ovakovaka,ovaka
voaovaka,ovaka
fanovaovana,ovaova
fiovaova,ovaova
fiovaovana,ovaova
miovaova,ovaova
miovova,ovaova
mpiovaova,ovaova
mañovay,ovay
fahoviana,oviana
rahoviana,oviana
fanovoka,ovoka
anovohana,ovoka
aovoka,ovoka
fanovohana,ovoka
fiovohana,ovoka
fiovoka,ovoka
iovohana,ovoka
mahovoka,ovoka
manovoka,ovoka
miovoka,ovoka
mpanovoka,ovoka
mpiovoka,ovoka
ovohana,ovoka
ovokovoka,ovoka
tafaovoka,ovoka
voaovoka,ovoka
mahaovoke,ovoke
mampañovoke,ovoke
mañovoke,ovoke
pañovoke,ovoke
voaovoke,ovoke
ampañoza,oza
anozana,oza
aoza,oza
fampañoza,oza
fanoza,oza
fanozana,oza
fioza,oza
fiozana,oza
iozana,oza
mahaoza,oza
mampañoza,oza
manoza,oza
mioza,oza
mpanoza,oza
mpioza,oza
ozana,oza
ozaoza,oza
pañoza,oza
pioza,oza
tafaoza,oza
voaoza,oza
iozatana,ozatra
kaozatra,ozatra
maozatra,ozatra
ozatina,ozatra
miozina,ozina
ozinozina,ozina
manozinozina,ozinozina
miozinozina,ozinozina
anozonana,ozona
aozona,ozona
fanozona,ozona
fanozonana,ozona
fiozona,ozona
fiozonana,ozona
iozonana,ozona
mahozona,ozona
manozona,ozona
mifanozona,ozona
miozona,ozona
mpanozona,ozona
mpiozona,ozona
ozonina,ozona
ozonozona,ozona
tafaozona,ozona
voaozona,ozona
miozonozona,ozonozona
fipahimpahina,pahimpahina
fipahimpahinana,pahimpahina
mipahimpahina,pahimpahina
fipahina,pahina
ipahimpahinana,pahina
mahapahina,pahina
mpipahimpahina,pahina
mpipahina,pahina
pahimpahina,pahina
amaihana,paika
pehina,paika
pinaika,paika
voapaika,paika
apaika,paika
fipaihana,paika
fipaika,paika
fipehana,paika
ipehana,paika
mahapaika,paika
mipaika,paika
paipaika,paika
apaike,paike
fapaike,paike
mahapaike,paike
mamaike,paike
mampipaike,paike
mifamaike,paike
mifampipaike,paike
mipaike,paike
pifamaike,paike
pifampipaike,paike
pipaike,paike
voapaike,paike
painana,paina
voapaina,paina
mahapainga,painga
iampaingoana,paingo
ampaingoina,paingo
anapaingoana,paingo
fanapaingo,paingo
fanapaingoana,paingo
fiampaingo,paingo
fiampaingoana,paingo
fipaingo,paingo
fipaingoana,paingo
ipaingoana,paingo
mahapaingo,paingo
manapaingo,paingo
mipaingo,paingo
mpanapaingo,paingo
mpipaingo,paingo
paingoina,paingo
paingopaingo,paingo
voapaingo,paingo
mifaingopaingoka,paingopaingoka
apaingotra,paingotra
pinaingotra,paingotra
anapaingorana,paingotra
fanapaingorana,paingotra
fanapaingotra,paingotra
fipaingorana,paingotra
fipaingotra,paingotra
ipaingorana,paingotra
mahapaingotra,paingotra
manapaingotra,paingotra
mipaingotra,paingotra
mpanapaingotra,paingotra
mpipaingotra,paingotra
paingopaingotra,paingotra
paingorina,paingotra
voapaingotra,paingotra
fipakana,paka
mipapaka,paka
apaka,paka
fipahana,paka
fipaka,paka
ipahana,paka
mahapaka,paka
mipaka,paka
mpipaka,paka
papaka,paka
tafapaka,paka
voapaka,paka
fipakapaka,pakapaka
mipakapaka,pakapaka
fipalapala,palapala
mipalapala,palapala
mipalitse,palitse
fipampana,pampana
fipampanana,pampana
ipampanana,pampana
mahapampana,pampana
mipampana,pampana
mpipampana,pampana
fipañake,panake
pandaina,panda
apaoka,paoka
fipaohana,paoka
fipaoka,paoka
ipaohana,paoka
mahapaoka,paoka
mipaoka,paoka
mpipaoka,paoka
paohina,paoka
pinaoka,paoka
voapaoka,paoka
apapapapa,papapapa
fipapapapa,papapapa
fipapapapana,papapapa
ipapapapana,papapapa
kopapapapa,papapapa
mahapapapapa,papapapa
mipapapapa,papapapa
mpipapapapa,papapapa
tafapapapapa,papapapa
amparapaingo,parapaingo
miparapaingo,parapaingo
anapararatana,pararatra
anaparatana,pararatra
apararatra,pararatra
fanapararatana,pararatra
fanapararatra,pararatra
fipararatana,pararatra
fipararatra,pararatra
ipararatana,pararatra
mahapararatra,pararatra
manapararatra,pararatra
mipararatra,pararatra
mpanapararatra,pararatra
mpipararatra,pararatra
pararatana,pararatra
tafapararatra,pararatra
voapararatra,pararatra
anapararetana,pararetra
apararetra,pararetra
fanapararetana,pararetra
fanapararetra,pararetra
fipararetana,pararetra
fipararetra,pararetra
ipararetana,pararetra
mahapararetra,pararetra
manapararetra,pararetra
mipararetra,pararetra
mpanapararetra,pararetra
mpipararetra,pararetra
pararedretra,pararetra
pararetina,pararetra
tafapararetra,pararetra
miparasadrasaka,parasadrasaka
anaparasahana,parasaka
aparasaka,parasaka
fanaparasahana,parasaka
fanaparasaka,parasaka
fiparasahana,parasaka
fiparasaka,parasaka
iparasahana,parasaka
mahaparasaka,parasaka
manaparasaka,parasaka
miparasaka,parasaka
mpanaparasaka,parasaka
mpiparasaka,parasaka
parasadrasaka,parasaka
parasahana,parasaka
tafaparasaka,parasaka
voaparasaka,parasaka
miparatsake,paratsake
anapariahana,pariaka
apariaka,pariaka
fanapariahana,pariaka
fanapariaka,pariaka
fipariahana,pariaka
fipariaka,pariaka
ipariahana,pariaka
mahapariaka,pariaka
manapariaka,pariaka
mipariaka,pariaka
mpipariaka,pariaka
pariadriaka,pariaka
pariahana,pariaka
tafapariaka,pariaka
voapariaka,pariaka
anapariritana,pariritra
apariritra,pariritra
fanapariritana,pariritra
fanapariritra,pariritra
fipariritana,pariritra
fipariritra,pariritra
ipariritana,pariritra
mahapariritra,pariritra
manapariritra,pariritra
mipariritra,pariritra
mpanapariritra,pariritra
mpipariritra,pariritra
pariridritra,pariritra
pariritana,pariritra
pariritina,pariritra
tafapariritra,pariritra
voapariritra,pariritra
fanaparitadritahana,paritadritaka
mampiparitaka,paritaka
anaparitahana,paritaka
aparitaka,paritaka
fanaparitahana,paritaka
fanaparitaka,paritaka
fiparitahana,paritaka
fiparitaka,paritaka
fipiritihana,paritaka
fipiritika,paritaka
iparitahana,paritaka
mahaparitaka,paritaka
manaparitaka,paritaka
miparitaka,paritaka
mpanaparitaka,paritaka
mpiparitaka,paritaka
paritadritaka,paritaka
tafaparitaka,paritaka
voaparitaka,paritaka
aparitake,paritake
mampiparitake,paritake
mañaparitake,paritake
miparitake,paritake
pañaparitake,paritake
piparitake,paritake
voaparitake,paritake
anapasahana,pasaka
apasaka,pasaka
fanapasahana,pasaka
fanapasaka,pasaka
fipasahana,pasaka
fipasaka,pasaka
ipasahana,pasaka
manapasaka,pasaka
mipasaka,pasaka
mpanapasaka,pasaka
mpipasaka,pasaka
pasahana,pasaka
pasapasaka,pasaka
tafapasaka,pasaka
voapasaka,pasaka
apasoka,pasoka
fipasohana,pasoka
fipasoka,pasoka
ipasohana,pasoka
mahapasoka,pasoka
mipasoka,pasoka
mpipasoka,pasoka
pasohina,pasoka
pasopasoka,pasoka
pinasoka,pasoka
voapasoka,pasoka
voapasoke,pasoke
mipasopasoka,pasopasoka
ipasiana,pasy
mipasy,pasy
pasina,pasy
voapasy,pasy
fipataloa,pataloa
fipataloana,pataloa
ipataloana,pataloa
mahapataloa,pataloa
mipataloa,pataloa
mpipataloa,pataloa
fipataloavana,pataloa
ipataloavana,pataloa
pataloaloa,pataloa
fipataloha,pataloha
fipatalohana,pataloha
ipatalohana,pataloha
ipatalohavana,pataloha
mahapataloha,pataloha
mipataloha,pataloha
mpipataloha,pataloha
patalohaloha,pataloha
mipatitse,patitse
fanapatraka,patraka
fipatraka,patraka
manapatraka,patraka
mpanapatraka,patraka
mpipatraka,patraka
patrapatraka,patraka
voapatraka,patraka
anapatrapatrahana,patrapatraka
fanapatrapatrahana,patrapatraka
fanapatrapatraka,patrapatraka
fipatrapatrahana,patrapatraka
fipatrapatraka,patrapatraka
ipatrapatrahana,patrapatraka
manapatrapatraka,patrapatraka
mipatrapatraka,patrapatraka
patrapatrahana,patrapatraka
voapatrapatraka,patrapatraka
mipatripatry,patripatry
fipatripatry,patripatry
mipatro,patro
mipatry,patry
apatsake,patsake
fipatsake,patsake
mampipatsake,patsake
mipatsake,patsake
apatsika,patsika
ipatsihana,patsika
mipatsika,patsika
apatsike,patsike
mahapatsike,patsike
mampamatsike,patsike
mifamatsike,patsike
mifampamatsike,patsike
mipatsike,patsike
pamatsike,patsike
pifampipatsike,patsike
pipatsike,patsike
voapatsike,patsike
anapatsitsirana,patsitsitra
apatsitsitra,patsitsitra
fanapatsitsirana,patsitsitra
fanapatsitsitra,patsitsitra
fipatsitsirana,patsitsitra
fipatsitsitra,patsitsitra
ipatsitsirana,patsitsitra
mahapatsitsitra,patsitsitra
manapatsitsitra,patsitsitra
mipatsitsitra,patsitsitra
mpanapatsitsitra,patsitsitra
mpipatsitsitra,patsitsitra
patsitsirana,patsitsitra
patsitsitsitra,patsitsitra
tafapatsitsitra,patsitsitra
voapatsitsitra,patsitsitra
tapelaka,pelaka
fanapelaka,pelaka
mahapelaka,pelaka
mipelaka,pelaka
mpanapelaka,pelaka
pelapelaka,pelaka
voapelaka,pelaka
fipelapelahana,pelapelaka
fipelapelaka,pelapelaka
mamelapelaka,pelapelaka
amelapelahana,pelapelaka
anapelapelahana,pelapelaka
apelapelaka,pelapelaka
fanapelapelahana,pelapelaka
fanapelapelaka,pelapelaka
manapelapelaka,pelapelaka
mipelapelaka,pelapelaka
pelapelahina,pelapelaka
amelapelanana,pelapelana
mamelapelana,pelapelana
famelapelatra,pelapelatra
manapelapelatra,pelapelatra
amelapelarana,pelapelatra
famelapelarana,pelapelatra
mamelapelatra,pelapelatra
apelatra,pelatra
fipelatra,pelatra
mahapelatra,pelatra
mipelatra,pelatra
mpamelapelatra,pelatra
pelapelatra,pelatra
pelarana,pelatra
pinelatra,pelatra
voapelatra,pelatra
mipelika,pelika
pelipelika,pelika
mitsipelipelika,pelipelika
anapelipelehana,pelipelika
apelipelika,pelipelika
fanapelipelehana,pelipelika
fanapelipelika,pelipelika
fipelipelehana,pelipelika
fipelipelika,pelipelika
ipelipelehana,pelipelika
mahapelipelika,pelipelika
manapelipelika,pelipelika
mipelipelika,pelipelika
mpanapelipelika,pelipelika
mpipelipelika,pelipelika
pelipelehina,pelipelika
tafapelipelika,pelipelika
voapelipelika,pelipelika
apempena,pempena
fipempena,pempena
fipempenana,pempena
ipempenana,pempena
mahapempena,pempena
mipempena,pempena
pempenina,pempena
tafapempena,pempena
manapendimpendina,pendimpendina
amendimpendenana,pendimpendina
amendimpendina,pendimpendina
apendimpendina,pendimpendina
mamendimpendina,pendimpendina
mipendimpendina,pendimpendina
voapendimpendina,pendimpendina
anapendenana,pendina
apendina,pendina
fanapendenana,pendina
fanapendina,pendina
fipendenana,pendina
fipendina,pendina
ipendenana,pendina
mahapendina,pendina
manapendina,pendina
mipendina,pendina
mpanapendina,pendina
pendenana,pendina
pendenina,pendina
pendimpendina,pendina
voapendina,pendina
apendrampendrana,pendrampendrana
famendrampendrana,pendrampendrana
fipendrampendrana,pendrampendrana
mamendrampendrana,pendrampendrana
mampipendrampendrana,pendrampendrana
mipendrampendrana,pendrampendrana
pendrampendranina,pendrampendrana
voapendrampendrana,pendrampendrana
pendrampendrana,pendrana
tsipendrampendrana,pendrana
apenimpenina,penimpenina
fipenimpenenana,penimpenina
fipenimpenina,penimpenina
ipenimpenenana,penimpenina
mahapenimpenina,penimpenina
mipenimpenina,penimpenina
mpipenimpenina,penimpenina
penimpenenina,penimpenina
tafapenimpenina,penimpenina
apenjy,penjy
penjena,penjy
voapenjy,penjy
mapentimpentina,pentimpentina
amentimpentènana,pentimpentina
apentimpentina,pentimpentina
famentimpentenana,pentimpentina
famentimpentina,pentimpentina
fipentimpentina,pentimpentina
mamentimpentina,pentimpentina
mipentimpentina,pentimpentina
pentimpentenana,pentimpentina
pentimpentenina,pentimpentina
voapentimpentina,pentimpentina
pentenana,pentina
fanapentena,pentina
fanapentina,pentina
fipentenana,pentina
fipentina,pentina
mahapentina,pentina
mipentina,pentina
pentimpentina,pentina
voapentina,pentina
apentsompentsona,pentsompentsona
fipentsompentsona,pentsompentsona
fipentsompentsonana,pentsompentsona
ipentsompentsonana,pentsompentsona
mahapentsompentsona,pentsompentsona
mipentsompentsona,pentsompentsona
mpipentsompentsona,pentsompentsona
pentsompentsonina,pentsompentsona
fipentsona,pentsona
mipentsona,pentsona
mpipentsona,pentsona
pentsompentsona,pentsona
ameperana,pepetra
apepetra,pepetra
peperana,pepetra
fameperana,pepetra
famepetra,pepetra
apepipepy,pepipepy
mipepipepy,pepipepy
anapepoana,pepo
apepo,pepo
fanapepo,pepo
fanapepoana,pepo
fipepo,pepo
fipepoana,pepo
ipepoana,pepo
mahapepo,pepo
manapepo,pepo
mipepo,pepo
mpanapepo,pepo
mpipepo,pepo
pepoina,pepo
pepopepo,pepo
tafapepo,pepo
voapepo,pepo
fiperatana,peratra
fiperatra,peratra
iperatana,peratra
mahaperatra,peratra
miperatra,peratra
mpiperatra,peratra
pesenina,pesina
apetaka,petaka
fametahana,petaka
fipetahana,petaka
fipetaka,petaka
hopetaka,petaka
ipetahana,petaka
kopetaka,petaka
mipetaka,petaka
petahana,petaka
petahina,petaka
pinetaka,petaka
tafapetaka,petaka
voapetaka,petaka
apetake,petake
mahapetake,petake
mametake,petake
mampametake,petake
mihapetake,petake
mipetake,petake
pametake,petake
pipetake,petake
voapetake,petake
perana,petra
voapetra,petra
mahapetra,petra
pepetra,petra
ametrahana,petraka
apetraka,petraka
fametrahana,petraka
fametraka,petraka
fipetrahana,petraka
fipetraka,petraka
ipetrahana,petraka
mahapetraka,petraka
mametraka,petraka
mipetraka,petraka
mpametraka,petraka
mpipetraka,petraka
petrahana,petraka
petrapetraka,petraka
tafapetraka,petraka
talapetraka,petraka
voapetraka,petraka
mametrapetraka,petrapetraka
apetrapetraka,petrapetraka
mipetrapetraka,petrapetraka
petripetrika,petrika
apetsa,petsa
petsaina,petsa
petsana,petsa
petsapetsa,petsa
voapetsa,petsa
anapetsahana,petsaka
apetsaka,petsaka
fanapetsahana,petsaka
fanapetsaka,petsaka
mpanapetsaka,petsaka
petsahina,petsaka
petsapetsaka,petsaka
voapetsaka,petsaka
ampipetsake,petsake
apetsake,petsake
mahapetsake,petsake
mametsake,petsake
mampametsake,petsake
mampipetsake,petsake
mañapetsake,petsake
mipetsake,petsake
pametsake,petsake
pañapetsake,petsake
pipetsake,petsake
voapetsake,petsake
ametsapetsana,petsapetsa
apetsapetsa,petsapetsa
fametsapetsa,petsapetsa
fametsapetsana,petsapetsa
mahapetsapetsa,petsapetsa
mametsapetsa,petsapetsa
mpametsapetsa,petsapetsa
petsapetsaina,petsapetsa
voapetsapetsa,petsapetsa
mametsapetsaka,petsapetsaka
apiaka,piaka
fanapiahana,piaka
fanapiaka,piaka
piahana,piaka
tapiaka,piaka
amiahana,piaka
famiahana,piaka
famiaka,piaka
fipiahana,piaka
fipiaka,piaka
ipiahana,piaka
mahapiaka,piaka
mamiaka,piaka
manapiaka,piaka
mipiaka,piaka
mpamiaka,piaka
mpipiaka,piaka
piahina,piaka
piapiaka,piaka
voapiaka,piaka
mamiake,piake
mipiake,piake
apiapiaka,piapiaka
mamiapiaka,piapiaka
mipiapiaka,piapiaka
mamipika,pika
manapika,pika
mipipiha,pika
tsapika,pika
voapika,pika
anapihana,pika
apika,pika
fanapihana,pika
fanapika,pika
fipihana,pika
fipika,pika
ipihana,pika
mahapika,pika
mamika,pika
mipika,pika
mpanapika,pika
mpipika,pika
pihina,pika
pipika,pika
tafapika,pika
tapika,pika
pilambòlana,pila
mipilaka,pilaka
pilapilaka,pilaka
tsipilaka,pilaka
mipilampilana,pilampilana
apilapilaka,pilapilaka
fipilapilahana,pilapilaka
fipilapilaka,pilapilaka
ipilapilahana,pilapilaka
kopilapilaka,pilapilaka
mahapilapilaka,pilapilaka
mipilapilaka,pilapilaka
mpipilapilaka,pilapilaka
mipilatra,pilatra
mipilipilika,pilipilika
pilopiloka,piloka
apilopilo,pilopilo
mipilopilo,pilopilo
mipilopiloka,pilopiloka
anapindiana,pindy
fanapindiana,pindy
fanapindy,pindy
mahapindy,pindy
manapindy,pindy
mpanapindy,pindy
pindina,pindy
pindipindy,pindy
tsipindy,pindy
voapindy,pindy
mipingapinga,pingapinga
fahapintsampintsana,pintsampintsana
fipintsana,pintsana
mipintsampintsana,pintsana
mipintsana,pintsana
pintsampintsana,pintsana
mipioka,pioka
talapioka,pioka
piopioka,pioka
mipipika,pipika
apipy,pipy
mipipy,pipy
famiratse,piratse
pamiratse,piratse
fipiriake,piriake
apiriritra,piriritra
fipiriritana,piriritra
fipiriritra,piriritra
ipiriritana,piriritra
mipiriritra,piriritra
mpipiriritra,piriritra
piriridritra,piriritra
piritihana,piritika
anapiritihana,piritika
apiritika,piritika
fanapiritihana,piritika
fanapiritika,piritika
ipiritihana,piritika
mahapiritika,piritika
manapiritika,piritika
mipiritika,piritika
mpanapiritika,piritika
mpipiritika,piritika
piritidritika,piritika
tafapiritika,piritika
voapiritika,piritika
apiritse,piritse
mahapiritse,piritse
mampipiritse,piritse
mifamiritse,piritse
mipiritse,piritse
voapiritse,piritse
anapiritsihana,piritsika
apiritsika,piritsika
fanapiritsika,piritsika
ipiritsihana,piritsika
mahapiritsika,piritsika
manapiritsika,piritsika
mipiritsika,piritsika
mpanapiritsika,piritsika
mpipiritsika,piritsika
piritsidritsika,piritsika
piritsihana,piritsika
tafapiritsika,piritsika
voapiritsika,piritsika
apiry,piry
mampiry,piry
mipiry,piry
pampiry,piry
pipiry,piry
voapiry,piry
pisopiso,piso
fipisopiso,pisopiso
fipisopisoana,pisopiso
ipisopisoana,pisopiso
mipisopiso,pisopiso
mpipisopiso,pisopiso
pisopisoana,pisopiso
pisopisoina,pisopiso
mahapisopiso,"pisopiso"""
tsapitika,pitika
anapitihana,pitika
apitika,pitika
fanapitihana,pitika
fanapitika,pitika
fipitihana,pitika
fipitika,pitika
ipitihana,pitika
mahapitika,pitika
manapitika,pitika
mipitika,pitika
mpanapitika,pitika
mpipitika,pitika
pinitika,pitika
pitihina,pitika
pitipitika,pitika
tafapitika,pitika
voapitika,pitika
apitike,pitike
mahapitike,pitike
mamitike,pitike
mampipitike,pitike
mañapitike,pitike
pañapitike,pitike
pipitike,pitike
voapitike,pitike
mamitipitika,pitipitika
manapitipitika,pitipitika
mipitipitika,pitipitika
apitrapitra,pitrapitra
fipitrapitra,pitrapitra
fipitrapitrana,pitrapitra
ipitrapitrana,pitrapitra
mahapitrapitra,pitrapitra
mipitrapitra,pitrapitra
mpipitrapitra,pitrapitra
tafapitrapitra,pitrapitra
anapitripitrihana,pitripitrika
apitripitrika,pitripitrika
fanapitripitrihana,pitripitrika
fanapitripitrika,pitripitrika
fipitripitrihana,pitripitrika
fipitripitrika,pitripitrika
ipitripitrihana,pitripitrika
mahapitripitrika,pitripitrika
manapitripitrika,pitripitrika
mipitripitrika,pitripitrika
mpanapitripitrika,pitripitrika
mpipitripitrika,pitripitrika
pitripitrihina,pitripitrika
tafapitripitrika,pitripitrika
mahapitse,pitse
mihapitse,pitse
voapitse,pitse
anapitsihana,pitsika
apitsika,pitsika
fanapitsihana,pitsika
fanapitsika,pitsika
fipitsihana,pitsika
fipitsika,pitsika
ipitsihana,pitsika
mahapitsika,pitsika
manapitsika,pitsika
mipitsika,pitsika
mpanapitsika,pitsika
mpipitsika,pitsika
pitsihina,pitsika
tafapitsika,pitsika
voapitsika,pitsika
apitsike,pitsike
mahapitsike,pitsike
mamitsike,pitsike
mampamitsike,pitsike
mifamitsike,pitsike
mipitsike,pitsike
pamitsike,pitsike
pipitsike,pitsike
voapitsike,pitsike
manapitsoka,pitsoka
anapitsohana,pitsoka
apitsoka,pitsoka
fanapitsohana,pitsoka
fanapitsoka,pitsoka
fipitsohana,pitsoka
fipitsoka,pitsoka
ipitsohana,pitsoka
mipitsoka,pitsoka
mipitsopitsoka,pitsoka
mpanapitsoka,pitsoka
mpipitsoka,pitsoka
pitsohina,pitsoka
pitsopitsoka,pitsoka
voapitsoka,pitsoka
nipoaka,poaka
poahina,poaka
anapoahana,poaka
apoaka,poaka
fanapoahana,poaka
fanapoaka,poaka
fipoahana,poaka
fipoaka,poaka
ipoahana,poaka
kapoaka,poaka
mahapoaka,poaka
manapoaka,poaka
mipoaka,poaka
mpanapoaka,poaka
mpipoaka,poaka
poahana,poaka
poapoaka,poaka
tafapoaka,poaka
tapoaka,poaka
voapoaka,poaka
apoake,poake
fipoake,poake
mahapoake,poake
mampipoake,poake
mipoake,poake
pipoake,poake
voapoake,poake
fahapoaha,poaky
mipoapoaka,poapoaka
fanapoapoaka,poapoaka
mamoapoaka,poapoaka
mipoipoitra,poipoitra
amoirana,poitra
anapoirana,poitra
apoitra,poitra
famoirana,poitra
famoitra,poitra
fanapoirana,poitra
fanapoitra,poitra
fipoirana,poitra
fipoitra,poitra
ipoirana,poitra
mahapoitra,poitra
mamoitra,poitra
manapoitra,poitra
mipoitra,poitra
mpipoitra,poitra
poipoitra,poitra
poirina,poitra
tafapoitra,poitra
voapoitra,poitra
mipoitse,poitse
anapoizinana,poizina
fanapoizina,poizina
fanapoizinana,poizina
manapoizina,poizina
mpanapoizina,poizina
poizinina,poizina
voapoizina,poizina
famohana,poka
pokapoka,poka
anapohana,poka
apoka,poka
famoka,poka
fanapohana,poka
fanapoka,poka
fifampipohana,poka
fipohana,poka
fipoka,poka
ipohana,poka
mahapoka,poka
mamoka,poka
mampipoka,poka
manapoka,poka
mifampipoka,poka
mipoka,poka
mpanapoka,poka
mpipoka,poka
pohina,poka
popòka,poka
voapoka,poka
pinolaka,polaka
anapolahana,polaka
apolaka,polaka
fanapolahana,polaka
fanapolaka,polaka
fipolahana,polaka
fipolaka,polaka
ipolahana,polaka
mahapolaka,polaka
manapolaka,polaka
mipolaka,polaka
mpanapolaka,polaka
mpipolaka,polaka
polahina,polaka
polapolaka,polaka
tafapolaka,polaka
voapolaka,polaka
apolatitse,polatitse
fipolatitse,polatitse
mahapolatitse,polatitse
mañapolatitse,polatitse
mipolatitse,polatitse
pipolatitse,polatitse
manapoletaka,poletaka
mamolititse,politetse
mampamolititse,politetse
manapolipotse,politetse
manapolititse,politetse
polopolorina,pololotra
apololotra,pololotra
fipololorana,pololotra
fipololotra,pololotra
mipololotra,pololotra
pololorina,pololotra
pololotina,pololotra
voapololotra,pololotra
anapolesana,poly
fanapolesana,poly
fanapoly,poly
mahapoly,poly
manapoly,poly
mpanapoly,poly
polena,poly
polesina,poly
polipoly,poly
voapoly,poly
amondipondena,pondipondy
apondipondy,pondipondy
famondipondena,pondipondy
famondipondy,pondipondy
fanapondipondena,pondipondy
fanapondipondy,pondipondy
mahapondipondy,pondipondy
mamondipondy,pondipondy
manapondipondy,pondipondy
mpamondipondy,pondipondy
mpanapondipondy,pondipondy
pondipondena,pondipondy
voapondipondy,pondipondy
fampondy,pondy
fanapondy,pondy
mahapondy,pondy
mpampondy,pondy
mpanapondy,pondy
pondena,pondy
pondipondy,pondy
voapondy,pondy
fipongarana,pongatra
fipongatra,pongatra
ipongarana,pongatra
mipongatra,pongatra
mpipongatra,pongatra
apopoke,popoke
mahapopoke,popoke
mamopoke,popoke
mampipopoke,popoke
mañapopoke,popoke
mipopoke,popoke
pamopoke,popoke
voapopoke,popoke
mipopopopo,popopopo
aporaretra,poraretra
fiporaretana,poraretra
iporaretana,poraretra
miporaretra,poraretra
miporedretra,poredretra
mpiporedretra,poredretra
anaporetahana,poretaka
aporetaka,poretaka
fanaporetahana,poretaka
fanaporetaka,poretaka
fiporetahana,poretaka
fiporetaka,poretaka
iporetahana,poretaka
mahaporetaka,poretaka
manaporetaka,poretaka
miporetaka,poretaka
mpanaporetaka,poretaka
mpiporetaka,poretaka
poretadretaka,poretaka
poretahana,poretaka
tafaporetaka,poretaka
voaporetaka,poretaka
anaporetehana,poretika
aporetika,poretika
fanaporetehana,poretika
fanaporetika,poretika
fiporetehana,poretika
fiporetika,poretika
iporetehana,poretika
mahaporetika,poretika
manaporetika,poretika
miporetika,poretika
mpanaporetika,poretika
mpiporetika,poretika
poretehina,poretika
poretidretika,poretika
tafaporetika,poretika
tsaporetika,poretika
tsiporetika,poretika
voaporetika,poretika
fiporedretra,poretra
fiporetra,poretra
miporetra,poretra
mpiporetra,poretra
poredretra,poretra
anaporetsehana,poretsika
aporetsika,poretsika
fanaporetsehana,poretsika
fanaporetsika,poretsika
fiporetsika,poretsika
mahaporetsika,poretsika
manaporetsika,poretsika
miporetsika,poretsika
mpanaporetsika,poretsika
poretsehina,poretsika
poretsidretsika,poretsika
voaporetsika,poretsika
anaporiatana,poriatra
aporiatra,poriatra
fanaporiatana,poriatra
fanaporiatra,poriatra
fiporiatana,poriatra
fiporiatra,poriatra
iporiatana,poriatra
mahaporiatra,poriatra
manaporiatra,poriatra
miporiatra,poriatra
mpanaporiatra,poriatra
mpiporiatra,poriatra
poriadriatra,poriatra
tafaporiatra,poriatra
fiporiporiana,poripory
fiporipory,poripory
iporiporiana,poripory
miporipory,poripory
mpiporipory,poripory
anaporitihana,poritika
aporitika,poritika
fanaporitihana,poritika
fanaporitika,poritika
fiporitehana,poritika
fiporitihana,poritika
fiporitika,poritika
iporitihana,poritika
mahaporitika,poritika
manaporitika,poritika
miporitika,poritika
mpanaporitika,poritika
mpiporitika,poritika
poritidritika,poritika
poritihina,poritika
tafaporitika,poritika
voaporitika,poritika
fahaporetana,poritra
amoritana,poritra
anaporetana,poritra
aporitra,poritra
famoritana,poritra
famoritra,poritra
fanaporetana,poritra
mahaporitra,poritra
mampamporitra,poritra
mampifamporitra,poritra
manaporitra,poritra
mifanporitra,poritra
poretina,poritra
poriporitra,poritra
poritina,poritra
voaporitra,poritra
anaporitsahana,poritsaka
aporitsaka,poritsaka
fanaporitsahana,poritsaka
fanaporitsaka,poritsaka
fiporitsahana,poritsaka
fiporitsaka,poritsaka
iporitsahana,poritsaka
mahaporitsaka,poritsaka
manaporitsaka,poritsaka
miporitsaka,poritsaka
mpanaporitsaka,poritsaka
mpiporitsaka,poritsaka
poritsadritsaka,poritsaka
voaporitsaka,poritsaka
aporoatra,poroatra
fiporoatana,poroatra
fiporoatra,poroatra
iporoatana,poroatra
mahaporoatra,poroatra
miporoatra,poroatra
mpiporoatra,poroatra
poroadroatra,poroatra
tafaporoatra,poroatra
anaporofoana,porofo
aporofo,porofo
fanaporofo,porofo
fanaporofoana,porofo
mahaporofo,porofo
manaporofo,porofo
mpanaporofo,porofo
porofoina,porofo
voaporofo,porofo
fiporopotike,poropotike
mampiporopotike,poropotike
miporopotike,poropotike
anapororoatana,pororoatra
apororoatra,pororoatra
fanapororoatana,pororoatra
fanapororoatra,pororoatra
fipororoatana,pororoatra
fipororoatra,pororoatra
ipororoatana,pororoatra
manapororoatra,pororoatra
mipororoatra,pororoatra
mpanapororoatra,pororoatra
mpipororoatra,pororoatra
pororoadroatana,pororoatra
tafapororoatra,pororoatra
famorotaka,porotaka
fiporotaka,porotaka
mamorotaka,porotaka
miporotaka,porotaka
porotadrotaka,porotaka
tafaporotaka,porotaka
amorotsahana,porotsaka
anaporotsahana,porotsaka
aporotsaka,porotsaka
famorotsahana,porotsaka
famorotsaka,porotsaka
fanaporotsahana,porotsaka
fanaporotsaka,porotsaka
fiporotsahana,porotsaka
fiporotsaka,porotsaka
iporotsahana,porotsaka
mahaporotsaka,porotsaka
manaporotsaka,porotsaka
miporotsaka,porotsaka
mpamorotsaka,porotsaka
mpanaporotsaka,porotsaka
mpiporotsaka,porotsaka
porotsadrotsaka,porotsaka
porotsahana,porotsaka
tafaporotsaka,porotsaka
voaporotsaka,porotsaka
fifamosaka,posaka
fiposahana,posaka
iposahana,posaka
mpifamosaka,posaka
amosahana,posaka
anaposahana,posaka
aposaka,posaka
famosahana,posaka
famosaka,posaka
fanamosaka,posaka
fanaposahana,posaka
fanaposaka,posaka
fiposaka,posaka
mahaposaka,posaka
mamosaka,posaka
mampamosaka,posaka
mampamposaka,posaka
mampifamosaka,posaka
mampifamposaka,posaka
manaposaka,posaka
mifamosaka,posaka
mifamposaka,posaka
miposaka,posaka
mpamosaka,posaka
mpanaposaka,posaka
mpiposaka,posaka
posaposaka,posaka
tafaposaka,posaka
voaposaka,posaka
miposake,posake
apotake,potake
mahapotake,potake
mamotake,potake
mampamotake,potake
mampipotake,potake
mañapotake,potake
mihapotake,potake
mipotake,potake
pamotake,potake
pipotake,potake
voapotake,potake
tsipotika,potika
amotehana,potika
anapotehana,potika
famotehana,potika
famotika,potika
fanapotika,potika
fipotehana,potika
fipotika,potika
ipotehana,potika
mahapotika,potika
mamotika,potika
manapotika,potika
mifanapotika,potika
mipotika,potika
mpamotika,potika
mpanapotika,potika
pinotika,potika
potehina,potika
potipotika,potika
voapotika,potika
apotikana,potikana
fipotikana,potikana
fipotikanana,potikana
ipotikanana,potikana
mahapotikanana,potikana
mipotikana,potikana
mpipotikana,potikana
potikantikana,potikana
tafapotikana,potikana
voapotikana,potikana
apotike,potike
mahapotike,potike
mamotike,potike
mampamotike,potike
mañapotike,potike
mifamotike,potike
mihapotike,potike
mipotike,potike
pamotike,potike
pifamotike,potike
voapotike,potike
anapotipotehana,potipotika
manapotipotika,potipotika
potipotehina,potipotika
mipotipotika,potipotika
tsipotipotika,potipotika
fahapotrahana,potraka
ipotrapotrahana,potraka
amotrahana,potraka
anapotrahana,potraka
apotraka,potraka
famotrahana,potraka
famotraka,potraka
fanapotrahana,potraka
fanapotraka,potraka
fipotrahana,potraka
fipotraka,potraka
ipotrahana,potraka
mahapotraka,potraka
mamotraka,potraka
mampampotraka,potraka
mampifampotraka,potraka
manapotraka,potraka
mifamotraka,potraka
mifampotraka,potraka
mipotraka,potraka
mpamotraka,potraka
mpanapotraka,potraka
mpipotraka,potraka
potrapotraka,potraka
tafapotraka,potraka
voapotraka,potraka
mipotrapotraka,potrapotraka
amotsahana,potsaka
anapotsahana,potsaka
apotsaka,potsaka
famotsahana,potsaka
famotsaka,potsaka
fanapotsahana,potsaka
fanapotsaka,potsaka
fipotsahana,potsaka
fipotsaka,potsaka
ipotsahana,potsaka
kapotsaka,potsaka
mahapotsaka,potsaka
mamotsaka,potsaka
manapotsaka,potsaka
mipotsaka,potsaka
mpamotsaka,potsaka
mpanapotsaka,potsaka
potsapotsaka,potsaka
tafapotsaka,potsaka
voapotsaka,potsaka
apotsake,potsake
mahapotsake,potsake
mampamotsake,potsake
mihapotsake,potsake
pamotsake,potsake
voapotsake,potsake
anapotsiarana,potsiatra
apotsiatra,potsiatra
fanapotsiarana,potsiatra
fanapotsiatra,potsiatra
fipotsiarana,potsiatra
fipotsiatra,potsiatra
ipotsiarana,potsiatra
mahapotsiatra,potsiatra
manapotsiatra,potsiatra
mipotsiatra,potsiatra
mpanapotsiatra,potsiatra
mpipotsiatra,potsiatra
potsiarana,potsiatra
potsiatsiatra,potsiatra
tafapotsiatra,potsiatra
voapotsiatra,potsiatra
amotsehana,potsika
anapotsehana,potsika
famotsehana,potsika
famotsika,potsika
fanapotsehana,potsika
fanapotsika,potsika
mahapotsika,potsika
mamotsika,potsika
manapotsika,potsika
motsika,potsika
mpamotsika,potsika
mpanapotsika,potsika
pinotsika,potsika
potsehina,potsika
potsipotsika,potsika
voapotsika,potsika
mahapotsike,potsike
mamotsike,potsike
mampamotsike,potsike
mihapotsike,potsike
pamotsike,potsike
voapotsike,potsike
mamotsipotsika,potsipotsika
amotsirana,potsitra
anapotsirana,potsitra
apotsitra,potsitra
famotserana,potsitra
famotsirana,potsitra
famotsitra,potsitra
fanapotserana,potsitra
fanapotsirana,potsitra
fanapotsitra,potsitra
mahapotsitra,potsitra
mamotsitra,potsitra
manapotsitra,potsitra
mpamotsitra,potsitra
mpanapotsitra,potsitra
pinotsitra,potsitra
potsipotsitra,potsitra
potsirina,potsitra
voapotsitra,potsitra
ampipoze,poze
mahapoze,poze
mampipoze,poze
mipoze,poze
pampipoze,poze
pipoze,poze
voapoze,poze
fipozipozena,pozipozy
fipozipozy,pozipozy
ipozipozena,pozipozy
mahapozipozy,pozipozy
mipozipozy,pozipozy
mpipozipozy,pozipozy
fanapiazana,py
anapizana,py
apy,py
fanapizana,py
fanapỳ,py
fipizana,py
fipy,py
ipizana,py
mahapy,py
manapy,py
mipy,py
mpanapy,py
mpipy,py
pinizina,py
pipy,py
pizina,py
tafapy,py
voapy,py
rabaraba,raba
andrabahana,rabaka
arabaka,rabaka
fandrabahana,rabaka
fandrabaka,rabaka
firabahana,rabaka
firabaka,rabaka
irabahana,rabaka
maharabaka,rabaka
mandrabaka,rabaka
mirabaka,rabaka
mpandrabaka,rabaka
mpirabaka,rabaka
rabadrabaka,rabaka
rabahana,rabaka
rabahina,rabaka
tafarabaka,rabaka
voarabaka,rabaka
mandrabao,rabao
rabaozina,rabao
arabaraba,rabaraba
firabaraba,rabaraba
firabarabana,rabaraba
irabarabana,rabaraba
maharabaraba,rabaraba
mandrabaraba,rabaraba
mirabaraba,rabaraba
rabarabaina,rabaraba
tafarabaraba,rabaraba
voarabaraba,rabaraba
mandraboka,raboka
mifandraboka,raboka
iradana,rada
ampirada,rada
firada,rada
maharada,rada
mamparada,rada
mampirada,rada
mirada,rada
mpirada,rada
pirada,rada
radarada,rada
aradarada,radarada
firadarada,radarada
firadaradana,radarada
iradaradana,radarada
maharadarada,radarada
miradarada,radarada
mpiradarada,radarada
radaradaina,radarada
tafaradarada,radarada
arado,rado
firado,rado
firadoana,rado
iradoana,rado
maharado,rado
mirado,rado
mpirado,rado
radoina,rado
radondradona,radona
maradondradona,radondradona
ampiradorado,radorado
aradorado,radorado
mampiradorado,radorado
miradorado,radorado
piradorado,radorado
voaradorado,radorado
aradraradraina,radraradra
mandrafana,rafana
arafandrafana,rafandrafana
firafandrafana,rafandrafana
irafandrafanana,rafandrafana
mirafandrafana,rafandrafana
mpirafandrafana,rafandrafana
maharafe,rafe
mampirafe,rafe
mirafe,rafe
pampirafe,rafe
pirafe,rafe
miharafesina,rafesina
andrafetana,rafitra
arafitra,rafitra
fandrafetana,rafitra
fandrafitra,rafitra
firafetana,rafitra
firafitra,rafitra
irafetana,rafitra
maharafitra,rafitra
mandrafitra,rafitra
mirafitra,rafitra
mpandrafitra,rafitra
mpirafitra,rafitra
rafetana,rafitra
rafidrafitra,rafitra
tafarafitra,rafitra
voarafitra,rafitra
arafitse,rafitse
maharafitse,rafitse
mirafitse,rafitse
pirafitse,rafitse
voarafitse,rafitse
marafodrafoka,rafodrafoka
mandrafodrafoka,rafodrafoka
rafodrafoka,rafoka
arafoka,rafoka
faharafoka,rafoka
fandrafodrafoka,rafoka
harafoka,rafoka
mandrafoka,rafoka
marafoka,rafoka
maharafona,rafona
mpaharafona,rafona
maharafoza,rafoza
andrafozanana,rafozana
fandrafozana,rafozana
fandrafozanana,rafozana
maharafozana,rafozana
mandrafozana,rafozana
mpandrafozana,rafozana
rafozanina,rafozana
ampirafesana,rafy
ampirafesina,rafy
andrafesana,rafy
arafy,rafy
fampirafesana,rafy
fandrafesana,rafy
fandrafy,rafy
firafesana,rafy
firafy,rafy
irafesana,rafy
maharafy,rafy
mampirafy,rafy
mamporafy,rafy
mandrafy,rafy
mirafy,rafy
mpandrafy,rafy
mpirafy,rafy
rafesina,rafy
tafarafy,rafy
voarafy,rafy
mandraraha,raha
fanandrahafana,rahaka
fandrahaka,rahaka
mandrahaka,rahaka
mirahaka,rahaka
mpandrahaka,rahaka
sandrahaka,rahaka
tsindrahadrahaka,rahaka
ampirahalahe,rahalahe
mirahalahe,rahalahe
firahalahiana,rahalahy
firahalahy,rahalahy
irahalahiana,rahalahy
mirahalahy,rahalahy
mpirahalahy,rahalahy
andrahanana,rahana
arahana,rahana
fandrahanana,rahana
mandrahana,rahana
mirahana,rahana
mpandrahana,rahana
rahanina,rahana
voarahana,rahana
andraharahana,raharaha
fandraharaha,raharaha
fandraharahana,raharaha
fifampiraharahana,raharaha
firaharaha,raharaha
firaharahana,raharaha
ifampiraharahana,raharaha
iraharahana,raharaha
maharaharaha,raharaha
mandraharaha,raharaha
miraharaha,raharaha
mpandraharaha,raharaha
mpiraharaha,raharaha
raharahaina,raharaha
voaraharaha,raharaha
ampirahavave,rahavave
mirahavave,rahavave
pirahavave,rahavave
firahavaviana,rahavavy
firahavavy,rahavavy
irahavaviana,rahavavy
mirahavavy,rahavavy
mpirahavavy,rahavavy
mandraho,raho
rahodaka,rahoda
mandrahona,rahona
andrahonana,rahona
arahona,rahona
fandrahona,rahona
fandrahonana,rahona
maharahona,rahona
mpandrahona,rahona
rahonana,rahona
rahonina,rahona
voarahona,rahona
mirahona,rahona
rahondrahona,rahona
mirahondrahona,rahondrahona
mampiraidraika,raidraika
mandraidraika,raidraika
mifandraidraika,raidraika
miraidraika,raidraika
andrehana,raika
irehana,raika
mifandraika,raika
andraihana,raika
araika,raika
fandraihana,raika
fandraika,raika
fifandraika,raika
firaihana,raika
firaika,raika
firaikana,raika
iraihana,raika
iraikana,raika
maharaika,raika
mampiraika,raika
mandraika,raika
miraika,raika
mpandraika,raika
mpiraika,raika
raidraika,raika
raikaraika,raika
tafaraika,raika
voaraika,raika
kiraike,raike
miraike,raike
miraikidraikitra,raikidraikitra
andraikiraikena,raikiraiky
araikiraiky,raikiraiky
fandraikiraikena,raikiraiky
fandraikiraiky,raikiraiky
firaikiraikena,raikiraiky
firaikiraiky,raikiraiky
iraikiraikena,raikiraiky
mandraikiraiky,raikiraiky
miraikiraiky,raikiraiky
mitaraikiraiky,raikiraiky
mpandraikiraiky,raikiraiky
mpiraikiraiky,raikiraiky
tafaraikiraiky,raikiraiky
voaraikiraiky,raikiraiky
andraiketana,raikitra
andraikitra,raikitra
araikitra,raikitra
fandraiketana,raikitra
fandraikitra,raikitra
fiandraiketana,raikitra
firaiketana,raikitra
firaikitra,raikitra
iraiketana,raikitra
maharaikitra,raikitra
mandraikitra,raikitra
miraikitra,raikitra
mpandraikitra,raikitra
mpiraikitra,raikitra
raiketana,raikitra
raikidraikitra,raikitra
tafaraikitra,raikitra
voaraikitra,raikitra
andraingiraingena,raingiraingy
fandraingiraingena,raingiraingy
fandraingiraingy,raingiraingy
mandraingiraingy,raingiraingy
miraingiraingy,raingiraingy
tafaraingiraingy,raingiraingy
voaraingiraingy,raingiraingy
araingitra,raingitra
firaingetana,raingitra
firaingitra,raingitra
iraingetana,raingitra
maharaingitra,raingitra
mampiraingitra,raingitra
miraingitra,raingitra
mpiraingitra,raingitra
raingetina,raingitra
raingidraingitra,raingitra
voaraingitra,raingitra
araingiraingy,raingy
firaingiraingy,raingy
mpandraingiraingy,raingy
mpiraingiraingy,raingy
andraingena,raingy
araingy,raingy
fandraingena,raingy
fandraingy,raingy
maharaingy,raingy
mandraingy,raingy
miraingy,raingy
mpandraingy,raingy
raingena,raingy
raingiraingy,raingy
voaraingy,raingy
andrairaisana,rairay
fandrairaisana,rairay
fandrairay,rairay
mpandrairay,rairay
mandrairay,rairay
mifandrairay,rairay
arajaraja,rajaraja
firajaraja,rajaraja
firajarajana,rajaraja
irajarajana,rajaraja
mirajaraja,rajaraja
mpirajaraja,rajaraja
tafarajaraja,rajaraja
mandràka,raka
mirakadrakatra,rakadrakatra
firakandrakana,rakandrakana
mirakandrakana,rakandrakana
tsirakaraka,rakaraka
andrakarakana,rakaraka
fandrakaraka,rakaraka
fandrakarakana,rakaraka
firakaraka,rakaraka
firakarakana,rakaraka
irakarakana,rakaraka
maharakaraka,rakaraka
mandrakaraka,rakaraka
mirakaraka,rakaraka
mpandrakaraka,rakaraka
mpirakaraka,rakaraka
rakarakaina,rakaraka
voarakaraka,rakaraka
firaketana,rakitra
firakitra,rakitra
iraketana,rakitra
maharakitra,rakitra
mirakitra,rakitra
mpirakitra,rakitra
raketina,rakitra
rakidrakitra,rakitra
voarakitra,rakitra
mirakoke,rakoke
voarakoke,rakoke
arakorako,rakorako
firakorako,rakorako
firakorakoana,rakorako
irakorakoana,rakorako
mirakorako,rakorako
mpirakorako,rakorako
tafarakorako,rakorako
voarakorako,rakorako
irakofana,rakotra
andrakofana,rakotra
arakotra,rakotra
fandrakofana,rakotra
firakofana,rakotra
firakotra,rakotra
maharakotra,rakotra
mandrakotra,rakotra
mifandrakotra,rakotra
mirakotra,rakotra
mpandrakotra,rakotra
mpirakotra,rakotra
rakodrakotra,rakotra
rakofana,rakotra
tafarakotra,rakotra
voarakotra,rakotra
miramadramatra,ramadramatra
aramarama,ramarama
firamarama,ramarama
firamaramana,ramarama
iramaramana,ramarama
maharamarama,ramarama
miramarama,ramarama
mpiramarama,ramarama
ramaramaina,ramarama
tafaramarama,ramarama
voaramarama,ramarama
firamatana,ramatra
firamatra,ramatra
iramatana,ramatra
miramatra,ramatra
mpiramatra,ramatra
tafaramatra,ramatra
andramatana,ramatra
fandramatana,ramatra
fandramatra,ramatra
maharamatra,ramatra
mandramatra,ramatra
mifandramatra,ramatra
mpandramatra,ramatra
ramadramatra,ramatra
ramatana,ramatra
voaramatra,ramatra
mandramba,ramba
mandrambatra,rambatra
rambatana,rambatra
voarambatra,rambatra
arambe,rambe
maharambe,rambe
voarambe,rambe
andramboana,rambo
arambo,rambo
fandrambo,rambo
fandramboana,rambo
firambo,rambo
firamboana,rambo
mandrambo,rambo
mirambo,rambo
mpandrambo,rambo
ramboana,rambo
ramborambo,rambo
andrambosana,rambo
fandrambosana,rambo
maharambo,rambo
rambosana,rambo
voarambo,rambo
andrambony,rambona
andrambonana,rambona
fandrambona,rambona
fandrambonana,rambona
maharambona,rambona
mandrambona,rambona
mpandrambona,rambona
rambonana,rambona
rambondrambona,rambona
voarambona,rambona
kiramborambo,ramborambo
aramborambo,ramborambo
firamborambo,ramborambo
firamboramboana,ramborambo
iramboramboana,ramborambo
miramborambo,ramborambo
mpiramborambo,ramborambo
tafaramborambo,ramborambo
mandramby,ramby
andrambasana,ramby
fandrambasana,ramby
fandramby,ramby
maharamby,ramby
mpandramby,ramby
rambasana,ramby
rambesina,ramby
rambiramby,ramby
voaramby,ramby
aramondramona,ramondramona
firamondramona,ramondramona
firamondramonana,ramondramona
iramondramonana,ramondramona
mandramondramona,ramondramona
miramondramona,ramondramona
mpiramondramona,ramondramona
ramondramonina,ramondramona
tafaramondramona,ramondramona
voaramondramona,ramondramona
andrampana,rampa
fandrampa,rampa
fandrampana,rampa
harampa,rampa
maharampa,rampa
mandrampa,rampa
miharampa,rampa
mpandrampa,rampa
rampaina,rampa
voarampa,rampa
arampe,rampe
maharampe,rampe
mampirampe,rampe
mirampe,rampe
pirampe,rampe
voarampe,rampe
mangarampoña,rampoña
mandrampy,rampy
voarampy,rampy
miranarana,ranarana
andrandrana,randrana
marandrana,randrana
andrandranana,randrana
arandrana,randrana
fandrandrana,randrana
fandrandranana,randrana
firandrana,randrana
firandranana,randrana
irandranana,randrana
maharandrana,randrana
mandrandrana,randrana
mirandrana,randrana
mpandrandrana,randrana
mpirandrana,randrana
randrandrandrana,randrana
randranina,randrana
voarandrana,randrana
saranga,ranga
ampiranga,ranga
andrangana,ranga
aranga,ranga
fampiranga,ranga
fandranga,ranga
fandrangana,ranga
firanga,ranga
firangana,ranga
irangana,ranga
maharanga,ranga
mandranga,ranga
miranga,ranga
mpandranga,ranga
mpiranga,ranga
mpirangana,ranga
piranga,ranga
rangaina,ranga
rangaranga,ranga
tafaranga,ranga
voaranga,ranga
arangaranga,rangaranga
tsirangaranga,rangaranga
andrangitana,rangitra
arangitra,rangitra
fandrangitana,rangitra
fandrangitra,rangitra
firangitana,rangitra
firangitra,rangitra
irangitana,rangitra
maharangitra,rangitra
mandrangitra,rangitra
marangitra,rangitra
mirangitra,rangitra
mpandrangitra,rangitra
rangidrangitra,rangitra
rangitana,rangitra
voarangitra,rangitra
mirango,rango
rangoina,rango
rangorango,rango
mandrango,rango
firangorango,rangorango
firangorangoana,rangorango
irangorangoana,rangorango
maharangorango,rangorango
mirangorango,rangorango
tafarangorango,rangorango
mpirangorango,rangorango
rangorangoina,rangorango
voarangorango,rangorango
mifandrangotra,rangotra
rangitina,rangotra
andrangotana,rangotra
arangotra,rangotra
fandrangotana,rangotra
fandrangotra,rangotra
maharangotra,rangotra
mandrangotra,rangotra
mpandrangotra,rangotra
rangodrangotra,rangotra
rangotina,rangotra
sarangotra,rangotra
tafarangotra,rangotra
voarangotra,rangotra
maharangotse,rangotse
voarangotse,rangotse
andrangiana,rangy
mandrangy,rangy
rangimboay,rangy
rangina,rangy
voarangy,rangy
miranina,ranina
aranirany,ranirany
firanirany,ranirany
miranirany,ranirany
tafaranirany,ranirany
andranitana,ranitra
fandranitana,ranitra
fandranitra,ranitra
firanitana,ranitra
firanitra,ranitra
haranitra,ranitra
iranitana,ranitra
maharanitra,ranitra
mandranitra,ranitra
maranitra,ranitra
miranitra,ranitra
ranidranitra,ranitra
ranitana,ranitra
ranitina,ranitra
voaranitra,ranitra
arañitse,ranitse
maharañitse,ranitse
marañitse,ranitse
mirañitse,ranitse
pirañitse,ranitse
voarañitse,ranitse
taranjana,ranjana
ranjanana,ranjana
miranjaranja,ranjaranja
fandranjo,ranjo
mandranjo,ranjo
mpandranjo,ranjo
ranjoana,ranjo
marano,rano
mitairanorano,rano
tandrano,rano
tsiranorano,rano
ranoina,rano
ranorano,rano
fandranodranoka,ranodranoka
mandranodranoka,ranodranoka
maranodranoka,ranodranoka
mpandranodranoka,ranodranoka
mandranofotsy,ranofotsy
firanoka,ranoka
fandranoka,ranoka
mandranoka,ranoka
mpandranoka,ranoka
ranodranoka,ranoka
ranomasoina,ranomaso
mandranorano,ranorano
maranorano,ranorano
miranorano,ranorano
aranta,ranta
mamarantana,rantana
mandrantina,rantina
mirantina,rantina
andrantirantiana,rantiranty
arantiranty,rantiranty
fandrantirantiana,rantiranty
fandrantiranty,rantiranty
firantirantiana,rantiranty
firantiranty,rantiranty
irantirantiana,rantiranty
maharantiranty,rantiranty
mandrantiranty,rantiranty
mirantiranty,rantiranty
mpandrantiranty,rantiranty
mpirantiranty,rantiranty
tafarantiranty,rantiranty
voarantiranty,rantiranty
miranto,ranto
andrantoana,ranto
fandranto,ranto
fandrantoana,ranto
firantoana,ranto
maharanto,ranto
mandranto,ranto
mpandranto,ranto
rantoina,ranto
rantoranto,ranto
rantovina,ranto
voaranto,ranto
arantsa,rantsa
maharantsa,rantsa
mirantsa,rantsa
rantsarantsa,rantsa
voarantsa,rantsa
irantsanana,rantsana
mandrantoana,rantsana
mandrantsana,rantsana
andrantsanana,rantsana
fandrantsana,rantsana
fandrantsanana,rantsana
firantsana,rantsana
firantsanana,rantsana
maharantsana,rantsana
mirantsana,rantsana
mpandrantsana,rantsana
rantsanana,rantsana
rantsandrantsana,rantsana
rantsanina,rantsana
voarantsana,rantsana
rantsandrantsanina,rantsandrantsana
mirantsandrantsana,rantsandrantsana
maharantsarantsa,rantsarantsa
rantiranty,ranty
voaranty,ranty
mamparao,rao
marao,rao
parao,rao
raorao,rao
faharaohe,raohe
kiraoraohe,raohe
fandraoka,raoka
andraofana,raoka
araoka,raoka
fandraofana,raoka
firaoka,raoka
maharaoka,raoka
mandraoka,raoka
miraoka,raoka
mpandraoka,raoka
raodraoka,raoka
raofina,raoka
voaraoka,raoka
araoke,raoke
maharaoke,raoke
miraoke,raoke
voaraoke,raoke
miraona,raona
raondraona,raona
firaondraonana,raondraona
firaondraona,raondraona
miraondraona,raondraona
andraotana,raotra
araotra,raotra
fandraotana,raotra
fandraotra,raotra
firaotana,raotra
firaotra,raotra
iraotana,raotra
maharaotra,raotra
mandraotra,raotra
maraotra,raotra
miraotra,raotra
mpandraotra,raotra
mpiraotra,raotra
raodraotra,raotra
raotina,raotra
voaraotra,raotra
korapadrapaka,rapadrapaka
mandrapadrapaka,rapadrapaka
fandrapahana,rapaka
fandrapaka,rapaka
mandrapaka,rapaka
mirapaka,rapaka
tafarapaka,rapaka
andrapahana,rapaka
arapaka,rapaka
firapahana,rapaka
firapaka,rapaka
irapahana,rapaka
korapaka,rapaka
maharapaka,rapaka
mpandrapaka,rapaka
mpirapaka,rapaka
rapadrapaka,rapaka
voarapaka,rapaka
raparapaina,raparapa
ampiraparapa,raparapa
araparapa,raparapa
fampiraparapa,raparapa
firaparapa,raparapa
firaparapana,raparapa
iraparapana,raparapa
maharaparapa,raparapa
mampiraparapa,raparapa
miraparapa,raparapa
mpiraparapa,raparapa
piraparapa,raparapa
tafaraparapa,raparapa
mirapoke,rapoke
voarapoke,rapoke
fandrara,rara
mampirara,rara
mirara,rara
voarara,rara
andrarana,rara
fandrarana,rara
mandrara,rara
mpandrara,rara
rarana,rara
andrarahana,raraka
araraka,raraka
boraraka,raraka
fandrarahana,raraka
fandraraka,raraka
firarahana,raraka
firaraka,raraka
irarahana,raraka
mahararaka,raraka
mandraraka,raraka
miraraka,raraka
mpandraraka,raraka
mpiraraka,raraka
raradraraka,raraka
rarafana,raraka
rarahana,raraka
tafararaka,raraka
voararaka,raraka
ararake,rarake
mahararake,rarake
mirarake,rarake
voararake,rarake
rarangina,rarangy
andraratana,raratra
fandraratana,raratra
fandraratra,raratra
firaratana,raratra
firaratra,raratra
iraratana,raratra
mahararatra,raratra
mandraratra,raratra
miraratra,raratra
mpandraratra,raratra
mpiraratra,raratra
raradraratra,raratra
tafararatra,raratra
voararatra,raratra
araratse,raratse
mampiraratse,raratse
miraratse,raratse
piraratse,raratse
voararatse,raratse
farare,rare
maharare,rare
mamparare,rare
marare,rare
kirarirary,rarirary
mararirary,rarirary
ankararina,rary
fandrary,rary
firary,rary
irariana,rary
maharary,rary
mirary,rary
mpirary,rary
rarina,rary
ankarariana,rary
faharariana,rary
fankarariana,rary
farary,rary
fifampirariana,rary
harariana,rary
harary,rary
mankarary,rary
marary,rary
mparary,rary
andrariana,rary
fandrariana,rary
mandrary,rary
mpandrary,rary
rarirary,rary
firariana,rary
andrasa,rasa
arasa,rasa
fandrasa,rasa
fandrasana,rasa
firasa,rasa
maharasa,rasa
mandrasa,rasa
mirasa,rasa
mpandrasa,rasa
mpirasa,rasa
rasaina,rasa
voarasa,rasa
maharate,rate
miharate,rate
andratrana,ratra
fandratra,ratra
fandratrana,ratra
firatrana,ratra
firàtra,ratra
iratrana,ratra
maharatra,ratra
mandratra,ratra
maratra,ratra
miratra,ratra
mpandratra,ratra
radratra,ratra
ratraina,ratra
voaratra,ratra
maratse,ratse
ankaratsiana,ratsy
fifanaratsy,ratsy
mampiharatsy,ratsy
mifanaratsy,ratsy
mpampiharatsy,ratsy
mpifanaratsy,ratsy
anaratsiana,ratsy
faharatsiana,ratsy
fanaratsiana,ratsy
fanaratsy,ratsy
fifanaratsiana,ratsy
haratsiana,ratsy
haratsina,ratsy
haratsy,ratsy
maharatsy,ratsy
manaratsy,ratsy
miharatsy,ratsy
mpanaratsy,ratsy
ratsina,ratsy
ratsiratsy,ratsy
voaratsy,ratsy
andravana,rava
fandravana,rava
hirava,rava
faharava,rava
fandrava,rava
firava,rava
firavana,rava
iravana,rava
maharava,rava
mandrava,rava
miharava,rava
mirava,rava
mpandrava,rava
mpirava,rava
pirava,rava
ravana,rava
ravarava,rava
tafarava,rava
voarava,rava
andravahana,ravaka
aravaka,ravaka
fandravahana,ravaka
fandravaka,ravaka
firavahana,ravaka
firavaka,ravaka
iravahana,ravaka
maharavaka,ravaka
mandravaka,ravaka
miravaka,ravaka
mpandravaka,ravaka
mpiravaka,ravaka
ravadravaka,ravaka
ravahana,ravaka
tafaravaka,ravaka
voaravaka,ravaka
aravake,ravake
firavake,ravake
kiravake,ravake
maharavake,ravake
mampiravake,ravake
miravake,ravake
piravake,ravake
voaravake,ravake
andravinana,ravina
fandravina,ravina
fandravinana,ravina
kararavina,ravina
mandravina,ravina
mpandravina,ravina
ravinana,ravina
ravindravina,ravina
andravingoana,ravingo
ravingoina,ravingo
andraviraviana,raviravy
iraviraviana,raviravy
kiraviravy,raviravy
andraviravezana,raviravy
araviravy,raviravy
fandraviravezana,raviravy
fandraviraviana,raviravy
fandraviravy,raviravy
firaviravezana,raviravy
firaviraviana,raviravy
firaviravy,raviravy
iraviravezana,raviravy
maharaviravy,raviravy
mandraviravy,raviravy
miraviravy,raviravy
mpandraviravy,raviravy
mpiraviravy,raviravy
piraviravy,raviravy
raviravezana,raviravy
tafaraviravy,raviravy
andravitana,ravitra
fandravitana,ravitra
fandravitra,ravitra
firavitana,ravitra
firavitra,ravitra
iravitana,ravitra
maharavitra,ravitra
mandravitra,ravitra
miravitra,ravitra
mpandravitra,ravitra
mpiravitra,ravitra
ravidravitra,ravitra
haravoana,ravo
ravoravo,ravo
andravohana,ravoka
fandravohana,ravoka
fandravoka,ravoka
maharavoka,ravoka
mandravoka,ravoka
mpandravoka,ravoka
ravodravoka,ravoka
ravohina,ravoka
voaravoka,ravoka
aravoke,ravoke
maharavoke,ravoke
mampiravoke,ravoke
miravoke,ravoke
piravoke,ravoke
voaravoke,ravoke
mandravona,ravona
andravonana,ravona
aravona,ravona
fandravona,ravona
fandravonana,ravona
firavona,ravona
maharavona,ravona
miravona,ravona
mpandravona,ravona
ravondravona,ravona
tafaravona,ravona
voaravona,ravona
firavonana,ravonana
andravoravoana,ravoravo
aravoravo,ravoravo
faharavoana,ravoravo
faharavoravoana,ravoravo
fandravoravo,ravoravo
fandravoravoana,ravoravo
firavoravo,ravoravo
firavoravoana,ravoravo
iravoravoana,ravoravo
maharavoravo,ravoravo
miravoravo,ravoravo
mpandravoravo,ravoravo
mpiravoravo,ravoravo
ravoravoina,ravoravo
tafaravoravo,ravoravo
voaravoravo,ravoravo
mandravoravo,ravoravo
mandravy,ravy
fandraisana,ray
mifandray,ray
mpampifandray,ray
andraisana,ray
aray,ray
fampifandraisana,ray
fandray,ray
fifandraisana,ray
ifandraisana,ray
maharay,ray
mampifandray,ray
mandray,ray
mpandray,ray
rairay,ray
raisina,ray
tafaray,ray
voaray,ray
faharazana,razana
firazanana,razana
karazana,razana
marazodrazoka,razodrazoka
faharazodrazoka,razodrazoka
marazoka,razoka
razodrazoka,razoka
andrazorazoana,razorazo
arazorazo,razorazo
fandrazorazo,razorazo
fandrazorazoana,razorazo
firazorazo,razorazo
firazorazoana,razorazo
irazorazoana,razorazo
kirazorazo,razorazo
maharazorazo,razorazo
mandrazorazo,razorazo
mirazorazo,razorazo
mpandrazorazo,razorazo
mpirazorazo,razorazo
tafarazorazo,razorazo
voarazorazo,razorazo
aharenesana,re
fifampandre,re
mpifampandre,re
ampandrenesana,re
ampandrenesina,re
andrenesana,re
faharenesana,re
fampandrenesana,re
fandre,re
fandrenesana,re
ifampandrenesana,re
ifandrenesana,re
mahare,re
mampandre,re
mandre,re
mifampandre,re
mpandre,re
renesina,re
rere,re
mirea,rea
arebaka,rebaka
fandrebaka,rebaka
firebaka,rebaka
maharebaka,rebaka
rebadrebaka,rebaka
sarebaka,rebaka
andrebahana,rebaka
fandrebahana,rebaka
mandrebaka,rebaka
mpandrebaka,rebaka
firebahana,rebaka
irebahana,rebaka
mirebaka,rebaka
mpirebaka,rebaka
kirebake,rebake
mifampirebake,rebake
maharebaky,rebaky
arebareba,rebareba
firebareba,rebareba
firebarebana,rebareba
irebarebana,rebareba
korebareba,rebareba
maharebareba,rebareba
mirebareba,rebareba
mpirebareba,rebareba
tafarebareba,rebareba
voarebareba,rebareba
areberebe,reberebe
firebehana,rebika
firebika,rebika
irebehana,rebika
maharebika,rebika
mirebika,rebika
mpirebika,rebika
rebidrebika,rebika
tafarebika,rebika
andrebirebena,rebireby
arebireby,rebireby
fandrebirebena,rebireby
fandrebireby,rebireby
firebirebena,rebireby
firebireby,rebireby
irebirebena,rebireby
maharebireby,rebireby
mandrebireby,rebireby
mirebireby,rebireby
mpandrebireby,rebireby
mpirebireby,rebireby
rebirebena,rebireby
tafarebireby,rebireby
voarebireby,rebireby
andrebohana,reboka
areboka,reboka
fandrebohana,reboka
fandreboka,reboka
fireboka,reboka
gareboka,reboka
mahareboka,reboka
mandreboka,reboka
mireboka,reboka
mpandreboka,reboka
mpireboka,reboka
rebodreboka,reboka
voareboka,reboka
mahareboke,reboke
pireboke,reboke
andredahana,redaka
aredaka,redaka
fandredahana,redaka
fandredaka,redaka
firedahana,redaka
firedaka,redaka
iredahana,redaka
maharedaka,redaka
mandredaka,redaka
miredaka,redaka
mpandredaka,redaka
mpiredaka,redaka
tafaredaka,redaka
voaredaka,redaka
mampiredareda,redareda
andredaredana,redareda
aredareda,redareda
fandredareda,redareda
fandredaredana,redareda
firedareda,redareda
firedaredana,redareda
iredaredana,redareda
maharedareda,redareda
mandredareda,redareda
miredareda,redareda
mpandredareda,redareda
mpiredareda,redareda
tafaredareda,redareda
arediredy,rediredy
firediredena,rediredy
firediredy,rediredy
irediredena,rediredy
maharediredy,rediredy
mirediredy,rediredy
mpirediredy,rediredy
rediredena,rediredy
tafarediredy,rediredy
voarediredy,rediredy
andredonana,redona
aredona,redona
fandredona,redona
fandredonana,redona
firedona,redona
firedonana,redona
iredonana,redona
maharedona,redona
mandredona,redona
maredona,redona
miredona,redona
mpandredona,redona
mpiredona,redona
redondredona,redona
redonina,redona
tafaredona,redona
refarefa,refa
korefa,refa
arefaka,refaka
firefahana,refaka
firefaka,refaka
irefahana,refaka
mirefaka,refaka
mpirefaka,refaka
refadrefaka,refaka
tafarefaka,refaka
ampirefarefa,refarefa
fampirefarefa,refarefa
mampirefarefa,refarefa
pirefarefa,refarefa
andrefarefana,refarefa
arefarefa,refarefa
fandrefarefa,refarefa
fandrefarefana,refarefa
firefarefa,refarefa
firefarefana,refarefa
irefarefana,refarefa
kirefarefa,refarefa
korefarefa,refarefa
maharefarefa,refarefa
mandrefarefa,refarefa
mirefarefa,refarefa
mpandrefarefa,refarefa
mpirefarefa,refarefa
refarefaina,refarefa
tafarefarefa,refarefa
voarefarefa,refarefa
maharefe,refe
mirefe,refe
voarefe,refe
faharefo,refo
harefo,refo
marefo,refo
reforefo,refo
mampirefodrefotra,refodrefotra
mirefodrefotra,refodrefotra
mareforefo,reforefo
andrefotana,refotra
arefotra,refotra
fandrefotana,refotra
fandrefotra,refotra
firefotana,refotra
firefotra,refotra
irefotana,refotra
maharefotra,refotra
mandrefotra,refotra
mirefotra,refotra
mpandrefotra,refotra
mpirefotra,refotra
refodrefotra,refotra
tafarefotra,refotra
andrefesana,refy
arefy,refy
fandrefesana,refy
fandrefy,refy
maharefy,refy
mandrefy,refy
mpandrefy,refy
refesina,refy
voarefy,refy
firehafana,rehaka
firehaka,rehaka
irehafana,rehaka
maharehaka,rehaka
mirehaka,rehaka
mpirehaka,rehaka
rehadrehaka,rehaka
tafarehaka,rehaka
mampirehareha,rehareha
pirehareha,rehareha
firehareha,rehareha
fireharehana,rehareha
ireharehana,rehareha
maharehareha,rehareha
mirehareha,rehareha
mpirehareha,rehareha
reharehana,rehareha
tafarehareha,rehareha
voarehareha,rehareha
rehetrarehetra,rehetra
mirehidrehitra,rehidrehitra
forehitra,rehitra
mampirehitra,rehitra
ampirehetana,rehitra
andrehetana,rehitra
arehitra,rehitra
dorehitra,rehitra
fandrehitra,rehitra
firehetana,rehitra
firehitra,rehitra
irehetana,rehitra
maharehitra,rehitra
mandrehitra,rehitra
mirehitra,rehitra
mpandrehitra,rehitra
rehetana,rehitra
rehidrehitra,rehitra
tafarehitra,rehitra
voarehitra,rehitra
arehitse,rehitse
maharehitse,rehitse
mampirehitse,rehitse
miharehitse,rehitse
mirehitse,rehitse
pirehitse,rehitse
voarehitse,rehitse
andrehofana,rehoka
arehoka,rehoka
fandrehofana,rehoka
fandrehoka,rehoka
firehofana,rehoka
firehoka,rehoka
irehofana,rehoka
mandrehoka,rehoka
mirehoka,rehoka
mpandrehoka,rehoka
mpirehoka,rehoka
rehodrehoka,rehoka
rehofina,rehoka
tafarehoka,rehoka
voarehoka,rehoka
voarehoke,rehoke
mampireke,reke
mireke,reke
pireke,reke
voareke,reke
andrekitra,rekitra
mirekoreko,rekoreko
aremarema,remarema
firemarema,remarema
firemaremana,remarema
iremaremana,remarema
maharemarema,remarema
miremarema,remarema
mpiremarema,remarema
remaremaina,remarema
tafaremarema,remarema
maharembo,rembo
andrembonana,rembona
fandrembona,rembona
fandrembonana,rembona
mandrembona,rembona
mpandrembona,rembona
firembena,remby
firembezana,remby
firemby,remby
irembena,remby
irembezana,remby
maharemby,remby
miremby,remby
mpiremby,remby
rembena,remby
rembezina,remby
voaremby,remby
firemojemoke,remojemoke
miremojemoke,remojemoke
mahareñake,renake
mireñake,renake
firendra,rendra
mpirendra,rendra
rendrarendra,rendra
tafarendra,rendra
arendrarendra,rendrarendra
firendrarendra,rendrarendra
firendrarendrana,rendrarendra
irendrarendrana,rendrarendra
maharendrarendra,rendrarendra
mirendrarendra,rendrarendra
mpirendrarendra,rendrarendra
tafarendrarendra,rendrarendra
hirendre,rendre
maharendremana,rendremana
tandrendrena,rendrena
tondrendrena,rendrena
arendrena,rendrena
firendrena,rendrena
firendrenana,rendrena
irendrenana,rendrena
maharendrena,rendrena
mirendrena,rendrena
mpirendrena,rendrena
tafarendrena,rendrena
tsirendrena,rendrena
irendrehana,rendrika
rendrehana,rendrika
rendremana,rendrika
andrendrehana,rendrika
arendrika,rendrika
faharendrehana,rendrika
fandrendrehana,rendrika
fandrendrika,rendrika
firendrehana,rendrika
firendrika,rendrika
maharendrika,rendrika
mandrendrika,rendrika
mirendrika,rendrika
mpandrendrika,rendrika
mpirendrika,rendrika
rendrindrendrika,rendrika
tafarendrika,rendrika
voarendrika,rendrika
fandrendrindrendrina,rendrindrendrina
mandrendrindrendrina,rendrindrendrina
mpandrendrindrendrina,rendrindrendrina
arendikendry,rendrirendry
arendrirendry,rendrirendry
fandrendrirendrena,rendrirendry
fandrendrirendrina,rendrirendry
fandrendrirendry,rendrirendry
firendrirendrena,rendrirendry
firendrirendry,rendrirendry
irendrirendrena,rendrirendry
maharendrirendry,rendrirendry
mandrendrirendry,rendrirendry
mirendrirendry,rendrirendry
mpandrendrirendry,rendrirendry
mpirendrirendry,rendrirendry
voarendrirendry,rendrirendry
fareñe,rene
mampareñe,rene
mareñe,rene
pareñe,rene
maharenge,renge
mampirenge,renge
pirenge,renge
arengo,rengo
mirengo,rengo
pirengo,rengo
voarengo,rengo
harenina,renina
mankarenina,renina
marenina,renina
ampareninina,renina
anarenesana,renina
fanarenesana,renina
fanarenina,renina
harenesina,renina
karenina,renina
maharenina,renina
mamparenina,renina
manarenina,renina
mpanarenina,renina
renindrenina,renina
marenindrenina,renindrenina
tsirenireny,renireny
arenireny,renireny
firenirenena,renireny
firenireny,renireny
irenirenena,renireny
maharenireny,renireny
mirenireny,renireny
mpirenireny,renireny
tafarenireny,renireny
mampirenje,renje
mirenje,renje
pirenje,renje
pirenjeke,renjeke
mandrenodrenoka,renoka
andrenohana,renoka
arenoka,renoka
fandrenohana,renoka
fandrenoka,renoka
firenohana,renoka
firenoka,renoka
irenohana,renoka
maharenoka,renoka
mandrenoka,renoka
mirenoka,renoka
mpandrenoka,renoka
mpirenoka,renoka
renodrenoka,renoka
renohina,renoka
voarenoka,renoka
maharenoke,renoke
andrentena,renty
arenty,renty
fandrentena,renty
fandrenty,renty
firentena,renty
firenty,renty
irentena,renty
maharenty,renty
mandrenty,renty
mirenty,renty
mpandrenty,renty
mpirenty,renty
rentena,renty
rentirenty,renty
voarenty,renty
firenena,reny
reoreo,reo
fireona,reona
fireondreona,reona
mahareona,reona
mireona,reona
mpireona,reona
reondreona,reona
mireondreona,reondreona
mahareondreona,reondreona
mpireondreona,reondreona
mireoreo,reoreo
fireotra,reotra
mireotra,reotra
mpireotra,reotra
reodreotra,reotra
areparepa,reparepa
fahareparepa,reparepa
fireparepa,reparepa
fireparepana,reparepa
ireparepana,reparepa
mireparepa,reparepa
mpireparepa,reparepa
tafareparepa,reparepa
mirepika,repika
andrepirepena,repirepy
arepirepy,repirepy
fandrepirepena,repirepy
fandrepirepy,repirepy
firepirepena,repirepy
firepirepy,repirepy
irepirepena,repirepy
mandrepirepy,repirepy
mirepirepy,repirepy
mpandrepirepy,repirepy
mpirepirepy,repirepy
repirepena,repirepy
tafarepirepy,repirepy
mampirepirepy,repirepy
mampirepepy,repirepy
andrepohana,repoka
arepoka,repoka
fandrepohana,repoka
fandrepoka,repoka
firepohana,repoka
firepoka,repoka
maharepoka,repoka
mandrepoka,repoka
mirepoka,repoka
mpandrepoka,repoka
repodrepoka,repoka
tafarepoka,repoka
voarepoka,repoka
firepoke,repoke
korepoke,repoke
mampirepoke,repoke
mirepoke,repoke
toreraka,reraka
vareraka,reraka
andrerahana,reraka
faharerahana,reraka
fandrerahana,reraka
fandreraka,reraka
firerahana,reraka
fireraka,reraka
harerahana,reraka
irerahana,reraka
mandreraka,reraka
mireraka,reraka
mpandreraka,reraka
mpireraka,reraka
reradreraka,reraka
rerahina,reraka
sareraka,reraka
voareraka,reraka
arerake,rerake
maharerake,rerake
miharerake,rerake
mirerake,rerake
arerarera,rerarera
firerarera,rerarera
firerarerana,rerarera
irerarerana,rerarera
maharerarera,rerarera
mirerarera,rerarera
mpirerarera,rerarera
tafarerarera,rerarera
miresadresaka,resadresaka
firesadresahana,resadresaka
iresadresahana,resadresaka
ampiresahina,resaka
mampiresaka,resaka
maresaka,resaka
mifampiresaka,resaka
firesahana,resaka
firesaka,resaka
ifampiresahana,resaka
iresahana,resaka
maharesaka,resaka
miresaka,resaka
mpiresaka,resaka
resadresaka,resaka
resahina,resaka
saresaka,resaka
tafaresaka,resaka
voaresaka,resaka
faresake,resake
maharesake,resake
mamparesake,resake
mampiresake,resake
maresake,resake
mifampiresake,resake
miresake,resake
paresake,resake
piresake,resake
voaresake,resake
fandresaresana,resaresa
andresaresana,resaresa
aresaresa,resaresa
fandresaresa,resaresa
firesaresa,resaresa
firesaresana,resaresa
iresaresana,resaresa
maharesaresa,resaresa
mandresaresa,resaresa
miresaresa,resaresa
mpandresaresa,resaresa
mpiresaresa,resaresa
tafaresaresa,resaresa
voaresaresa,resaresa
maharese,rese
miharese,rese
paharese,rese
voarese,rese
fandresy,resy
haresia,resy
kidresy,resy
aharesena,resy
andresena,resy
faharesena,resy
faharesy,resy
fandresena,resy
haresena,resy
maharesy,resy
mandresy,resy
mpaharesy,resy
mpandresy,resy
resena,resy
retadretahina,retadretaka
tsiretadretaka,retaka
andretahana,retaka
aretaka,retaka
boretaka,retaka
fandretahana,retaka
fandretaka,retaka
firetahana,retaka
firetaka,retaka
iretahana,retaka
maharetaka,retaka
mandretaka,retaka
miretaka,retaka
mpandretaka,retaka
mpiretaka,retaka
poretaka,retaka
retadretaka,retaka
tafaretaka,retaka
voaretaka,retaka
aretareta,retareta
fampiretareta,retareta
firetareta,retareta
maharetareta,retareta
mampiretareta,retareta
miretareta,retareta
piretareta,retareta
aretidretika,retidretika
firetidretika,retidretika
miretidretika,retidretika
mpiretidretika,retidretika
retidretehina,retidretika
voaretidretika,retidretika
koretika,retika
firetika,retika
mpiretika,retika
retidretika,retika
voaretika,retika
voretra,retra
aretsidretsika,retsidretsika
fandretsidretsika,retsidretsika
maharetsidretsika,retsidretsika
miretsidretsika,retsidretsika
mpandretsidretsika,retsidretsika
mpiretsidretsika,retsidretsika
retsidretsehina,retsidretsika
fandretsika,retsika
firetsidretsika,retsika
firetsika,retsika
foretsika,retsika
koretsika,retsika
maharetsika,retsika
mandretsidretsika,retsika
mandretsika,retsika
miretsika,retsika
mpandretsika,retsika
mpiretsika,retsika
retsidretsika,retsika
marevaka,revaka
arevaka,revaka
faharevaka,revaka
harevaka,revaka
andrevoana,revo
arevo,revo
fandrevo,revo
fandrevoana,revo
maharevo,revo
mandrevo,revo
miharevo,revo
mpandrevo,revo
revoina,revo
revorevo,revo
voarevo,revo
fandrevorevoana,revorevo
rezareza,reza
tafareza,reza
firezadrezatana,rezadrezatra
irezadrezatana,rezadrezatra
mirezadrezatra,rezadrezatra
andrezarezana,rezareza
arezareza,rezareza
fandrezareza,rezareza
fandrezarezana,rezareza
firezareza,rezareza
firezarezana,rezareza
irezarezana,rezareza
maharezareza,rezareza
mandrezareza,rezareza
mirezareza,rezareza
mpandrezareza,rezareza
mpirezareza,rezareza
rezarezaina,rezareza
tafarezareza,rezareza
firezatana,rezatra
andrezatana,rezatra
arezatra,rezatra
fandrezatana,rezatra
fandrezatra,rezatra
firezatra,rezatra
maharezatra,rezatra
mandrezatra,rezatra
mirezatra,rezatra
mpandrezatra,rezatra
mpirezatra,rezatra
rezadrezatra,rezatra
rezatina,rezatra
voarezatra,rezatra
maria,ria
riaria,ria
mariadriaka,riadriaka
firiadriatana,riadriatra
firiadriatra,riadriatra
iriadriatana,riadriatra
miriadriatra,riadriatra
mpiriadriatra,riadriatra
riadriatina,riadriatra
tafariadriatra,riadriatra
voariadriatra,riadriatra
firiadriaka,riaka
mahariadriaka,riaka
miriadriaka,riaka
mpiriadriaka,riaka
fandriaka,riaka
firiaka,riaka
mandriaka,riaka
mariaka,riaka
miriaka,riaka
pariaka,riaka
riadriaka,riaka
sariaka,riaka
tsoriaka,riaka
karariana,riana
mandriana,riana
rianana,riana
riandriana,riana
miriandriana,riandriana
andriariavana,riaria
ariaria,riaria
fandriaria,riaria
fandriariavana,riaria
firiaria,riaria
firiariavana,riaria
iriariavana,riaria
mahariaria,riaria
mandriaria,riaria
miriaria,riaria
mpandriaria,riaria
mpiriaria,riaria
riariavina,riaria
voariaria,riaria
ampiriatina,riatra
ariatra,riatra
firiatana,riatra
firiatra,riatra
iriatana,riatra
mahariatra,riatra
mampiriatra,riatra
miriatra,riatra
mpiriatra,riatra
poriatra,riatra
riadriatra,riatra
riatina,riatra
tafariatra,riatra
voariatra,riatra
firibariba,ribariba
mandribariba,ribariba
miribariba,ribariba
miribika,ribika
ribihina,ribika
andridanana,ridana
aridana,ridana
boridana,ridana
fandridana,ridana
fandridanana,ridana
firidana,ridana
firidanana,ridana
iridanana,ridana
maharidana,ridana
mandridana,ridana
miridana,ridana
mpandridana,ridana
mpiridana,ridana
ridandridana,ridana
tafaridana,ridana
voaridana,ridana
aridiridy,ridiridy
firidiridiana,ridiridy
firidiridy,ridiridy
iridiridiana,ridiridy
maharidiridy,ridiridy
mampiridiridy,ridiridy
miridiridy,ridiridy
mpiridiridy,ridiridy
ridiridina,ridiridy
tafaridiridy,ridiridy
voaridiridy,ridiridy
maridritra,ridritra
andrifatana,rifatra
arifatra,rifatra
fandrifatana,rifatra
fandrifatra,rifatra
firifatana,rifatra
firifatra,rifatra
irifatana,rifatra
maharifatra,rifatra
mandrifatra,rifatra
mirifatra,rifatra
mpandrifatra,rifatra
mpirifatra,rifatra
rifadrifatra,rifatra
rifatina,rifatra
tafarifatra,rifatra
voarifatra,rifatra
mampirifotse,rifotse
mirifotse,rifotse
pirifotse,rifotse
firihana,rihana
mirihana,rihana
rihandrihana,rihana
rihanina,rihana
voarihana,rihana
marihidrihitra,rihidrihitra
faharihitra,rihitra
harihitra,rihitra
marihitra,rihitra
rihidrihitra,rihitra
farihitse,rihitse
mamparihitse,rihitse
marihitse,rihitse
firijarija,rijarija
mirijarija,rijarija
arijike,rijike
firijike,rijike
maharijike,rijike
mampirijike,rijike
mirijike,rijike
pirijike,rijike
andrikana,rika
arika,rika
fandrikana,rika
maharika,rika
mandrika,rika
mpandrika,rika
rikaina,rika
rikarika,rika
tafarika,rika
voarika,rika
firikarika,rikarika
mirikarika,rikarika
marikitra,rikitra
marikitse,rikitse
marikoriko,rikoriko
faharikoriko,rikoriko
faharikorikoana,rikoriko
firikoriko,rikoriko
harikoriko,rikoriko
harikorikoana,rikoriko
maharikoriko,rikoriko
mirikoriko,rikoriko
mpirikoriko,rikoriko
rikorikoina,rikoriko
andrimbana,rimba
fandrimba,rimba
fandrimbana,rimba
maharimba,rimba
mandrimba,rimba
mpandrimba,rimba
rimbana,rimba
rimbarimba,rimba
voarimba,rimba
farimbona,rimbona
firimbona,rimbona
rimorimo,rimo
tandrimo,rimo
firimodrimotana,rimodrimotra
firimodrimotra,rimodrimotra
irimodrimotana,rimodrimotra
maharimodrimotra,rimodrimotra
mirimodrimotra,rimodrimotra
mpirimodrimotra,rimodrimotra
andrimorimoana,rimorimo
arimorimo,rimorimo
fandrimorimo,rimorimo
fandrimorimoana,rimorimo
firimorimo,rimorimo
firimorimoana,rimorimo
irimorimoana,rimorimo
maharimorimo,rimorimo
mandrimorimo,rimorimo
mirimorimo,rimorimo
misarimorimo,rimorimo
mpandrimorimo,rimorimo
mpirimorimo,rimorimo
rimorimoana,rimorimo
sarimorimo,rimorimo
tafarimorimo,rimorimo
voarimorimo,rimorimo
rimodrimotra,rimotra
fandrindra,rindra
rinindra,rindra
andrindrana,rindra
arindra,rindra
fandrindrana,rindra
firindra,rindra
firindrana,rindra
irindrana,rindra
maharindra,rindra
mampirindra,rindra
mandrindra,rindra
mifandrindra,rindra
mirindra,rindra
mpandrindra,rindra
mpirindra,rindra
rindraina,rindra
rindrarindra,rindra
tafarindra,rindra
voarindra,rindra
mifandrindrarindra,rindrarindra
andrindrinana,rindrina
arindrina,rindrina
fandrindrina,rindrina
fandrindrinana,rindrina
firindrina,rindrina
firindrinana,rindrina
irindrinana,rindrina
maharindrina,rindrina
mandrindrina,rindrina
mirindrina,rindrina
mpandrindrina,rindrina
mpirindrina,rindrina
rindrinana,rindrina
tafarindrina,rindrina
voarindrina,rindrina
toringana,ringa
andringana,ringa
fandringa,ringa
fandringana,ringa
mandringa,ringa
mpandringa,ringa
ringaringa,ringa
mifandringana,ringana
andringanana,ringana
aringana,ringana
faharingana,ringana
fandringanana,ringana
firingana,ringana
firinganana,ringana
iringanana,ringana
maharingana,ringana
mandringana,ringana
miringana,ringana
mpandringana,ringana
mpiringana,ringana
ringanina,ringana
voaringana,ringana
aringiringy,ringiringy
firingiringiana,ringiringy
firingiringy,ringiringy
iringiringiana,ringiringy
maharingiringy,ringiringy
miringiringy,ringiringy
mpiringiringy,ringiringy
tafaringiringy,ringiringy
voaringiringy,ringiringy
firingitana,ringitra
ringindringitra,ringitra
haringitse,ringitse
maharingitse,ringitse
miharingitse,ringitse
arinike,rinike
mankarinike,rinike
marinike,rinike
mifankarinike,rinike
mihamarinike,rinike
voarinike,rinike
arinjy,rinjy
farinjy,rinjy
maharinjy,rinjy
mampirinjy,rinjy
mirinjy,rinjy
pirinjy,rinjy
voarinjy,rinjy
firintona,rintona
firintonana,rintona
irintonana,rintona
maharintona,rintona
mirintona,rintona
mpirintona,rintona
sarintona,rintona
tafarintona,rintona
korintsana,rintsana
mirio,rio
fandrionana,riona
fandriona,riona
firiona,riona
mandriona,riona
miriona,riona
tafariona,riona
andrioriovana,riorio
ariorio,riorio
fandriorio,riorio
fandrioriovana,riorio
firiorio,riorio
firioriovana,riorio
irioriovana,riorio
mahariorio,riorio
mandriorio,riorio
miriorio,riorio
mpandriorio,riorio
mpiriorio,riorio
tafariorio,riorio
voariorio,riorio
firiotana,riotra
firiotra,riotra
iriotana,riotra
mahariotra,riotra
mampiriotra,riotra
miriotra,riotra
mpiriotra,riotra
riodriotra,riotra
tafariotra,riotra
andripahana,ripaka
aripaka,ripaka
fandripahana,ripaka
fandripaka,ripaka
firipahana,ripaka
firipaka,ripaka
iripahana,ripaka
maharipaka,ripaka
mandripaka,ripaka
miripaka,ripaka
mpandripaka,ripaka
mpiripaka,ripaka
ripadripaka,ripaka
voaripaka,ripaka
aripake,ripake
miharipake,ripake
voaripake,ripake
mandrirarira,rira
andrirana,rirana
fandrirana,rirana
horirana,rirana
mandrirana,rirana
marirana,rirana
mirirana,rirana
mpandrirana,rirana
arirarira,rirarira
fanarirarirana,rirarira
fandrirarirana,rirarira
firirarirana,rirarira
manarirarira,rirarira
mirirarira,rirarira
rirariraina,rirarira
fandririnina,ririnina
mandririnina,ririnina
fandriririry,riririry
mahariririry,riririry
mandriririry,riririry
mpandriririry,riririry
voariririry,riririry
varirotra,rirotra
arirotse,rirotse
maharirotse,rirotse
mampirirotse,rirotse
mihamirirotse,rirotse
mirirotse,rirotse
pirirotse,rirotse
voarirotse,rirotse
andririsana,riry
miriry,riry
fandririsana,riry
fandriry,riry
mahariry,riry
mandriry,riry
mariry,riry
mpandriry,riry
riririry,riry
ririsana,riry
voariry,riry
risarisa,risa
korisa,risa
marisa,risa
harisarisana,risarisa
maharisarisa,risarisa
faharisarisa,risarisa
faharisarisana,risarisa
korisarisa,risarisa
marisarisa,risarisa
arisarisa,risarisa
firisarisa,risarisa
firisarisana,risarisa
irisarisana,risarisa
mirisarisa,risarisa
mpirisarisa,risarisa
tafarisarisa,risarisa
ampirisahana,risika
ampirisihina,risika
fampirisihana,risika
famporisihana,risika
mampirisika,risika
mamporisika,risika
torisika,risika
andrisihana,risika
arisika,risika
faharisihana,risika
faharisika,risika
fandrisihana,risika
fandrisika,risika
harisihana,risika
harisika,risika
maharisika,risika
mandrisika,risika
marisika,risika
mpandrisika,risika
risidrisika,risika
voarisika,risika
arisike,risike
farisike,risike
maharisike,risike
mampirisike,risike
marisike,risike
mifampirisike,risike
mihamirisike,risike
mirisike,risike
parisike,risike
pirisike,risike
voarisike,risike
mampifanaritaka,ritaka
firitaka,ritaka
miritaka,ritaka
miritarita,ritarita
mandritika,ritika
ritihina,ritika
firitiritiana,ritirity
firitirity,ritirity
iritiritiana,ritirity
maharitirity,ritirity
miritirity,ritirity
mpiritirity,ritirity
andritana,ritra
faharitana,ritra
fandritana,ritra
fandritra,ritra
mandritra,ritra
mpandritra,ritra
ridritra,ritra
ritina,ritra
ritraritra,ritra
voaritra,ritra
miharitse,ritse
miritse,ritse
voaritse,ritse
miritsodritsoka,ritsodritsoka
faritsoka,ritsoka
firitsoka,ritsoka
takoritsoka,ritsoka
andritsohana,ritsoka
fandritsohana,ritsoka
fandritsoka,ritsoka
firitsohana,ritsoka
iritsohana,ritsoka
maharitsoka,ritsoka
mandritsoka,ritsoka
miritsoka,ritsoka
mpandritsoka,ritsoka
mpiritsoka,ritsoka
ritsohina,ritsoka
tafaritsoka,ritsoka
voaritsoka,ritsoka
miritsy,ritsy
ampirivanana,rivana
ampirivanina,rivana
andrivanana,rivana
fandrivana,rivana
fandrivanana,rivana
mampirivana,rivana
mandrivana,rivana
mpandrivana,rivana
rivandrivana,rivana
rivanina,rivana
mandrivatry,rivatry
fandrivirivy,rivirivy
firivirivy,rivirivy
mandrivirivy,rivirivy
mirivirivy,rivirivy
harivo,rivo
mamparivo,rivo
marivo,rivo
mihamarivo,rivo
mandrivorivo,rivorivo
mirivorivo,rivorivo
fandrivotra,rivotra
mandrivotra,rivotra
fandrizadrizatra,rizadrizatra
mandrizadrizatra,rizadrizatra
mirizadrizatra,rizadrizatra
mpandrizadrizatra,rizadrizatra
mandrizana,rizana
andrizatana,rizatra
fandrizatana,rizatra
fandrizatra,rizatra
mandrizatra,rizatra
mirizatra,rizatra
mpandrizatra,rizatra
rizadrizatra,rizatra
ampaharoa,roa
anankiroa,roa
anankoroa,roa
ampaharoany,roa
faharoa,roa
indroa,roa
miroa,roa
roaroa,roa
roroa,roa
tsiroaroa,roa
firoahana,roahana
miroahana,roahana
mpiroahana,roahana
androahana,roaka
aroaka,roaka
fandroahana,roaka
fandroaka,roaka
firoaka,roaka
iroahana,roaka
maharoaka,roaka
mandroaka,roaka
miroaka,roaka
mpandroaka,roaka
mpiroaka,roaka
roadroaka,roaka
roahina,roaka
voaroaka,roaka
maharoake,roake
voaroake,roake
aroandroana,roandroana
firoandroana,roandroana
firoandroanana,roandroana
iroandroanana,roandroana
miroandroana,roandroana
mpiroandroana,roandroana
mampiroaroa,roaroa
miroaroa,roaroa
androatana,roatra
aroatra,roatra
fandroatana,roatra
fandroatra,roatra
firoatana,roatra
firoatra,roatra
iroatana,roatra
maharoatra,roatra
mandroatra,roatra
miroatra,roatra
mpandroatra,roatra
mpiroatra,roatra
roadroatra,roatra
roatina,roatra
aroba,roba
mampiroba,roba
mihamiroba,roba
androbana,roba
fandroba,roba
fandrobana,roba
firoba,roba
firobana,roba
irobana,roba
maharoba,roba
mandroba,roba
miroba,roba
mpandroba,roba
mpiroba,roba
robaina,roba
robaroba,roba
voaroba,roba
fandrobaka,robaka
androbahana,robaka
fandrobahana,robaka
gorobaka,robaka
maharobaka,robaka
mandrobaka,robaka
mirobaka,robaka
mpandrobaka,robaka
robadrobaka,robaka
robahana,robaka
voarobaka,robaka
arobake,robake
maharobake,robake
miharobake,robake
voarobake,robake
mirobaroba,robaroba
arobiroby,robiroby
firobirobiana,robiroby
firobiroby,robiroby
irobirobiana,robiroby
maharobiroby,robiroby
mirobiroby,robiroby
robirobina,robiroby
tafarobiroby,robiroby
androboana,robo
arobo,robo
fandrobo,robo
fandroboana,robo
maharobo,robo
mandrobo,robo
mpandrobo,robo
roboana,robo
voarobo,robo
mandroboka,roboka
androbohana,roboka
aroboka,roboka
daroboka,roboka
fandrobohana,roboka
fandroboka,roboka
firobohana,roboka
firoboka,roboka
irobohana,roboka
jaroboka,roboka
joroboka,roboka
miroboka,roboka
mpandroboka,roboka
mpiroboka,roboka
robodroboka,roboka
robohana,roboka
robohina,roboka
voaroboka,roboka
maharoboke,roboke
mampiroboke,roboke
voaroboke,roboke
fandrobona,robona
fanorobona,robona
firobona,robona
mandrobona,robona
manorobona,robona
mirobona,robona
mpanorobona,robona
mpirobona,robona
robondrobona,robona
ampiroboroboina,roborobo
androboroboana,roborobo
aroborobo,roborobo
fampiroboroboana,roborobo
fandroborobo,roborobo
fandroboroboana,roborobo
firoborobo,roborobo
firoboroboana,roborobo
iroboroboana,roborobo
maharoborobo,roborobo
mandroborobo,roborobo
miroborobo,roborobo
mpandroborobo,roborobo
mpiroborobo,roborobo
roboroboana,roborobo
roboroboina,roborobo
tafaroborobo,roborobo
voaroborobo,roborobo
mampiroborobo,roborobo
ampiroda,roda
fampiroda,roda
firoda,roda
mampiroda,roda
miroda,roda
piroda,roda
voaroda,roda
androdahana,rodaka
arodaka,rodaka
fandrodahana,rodaka
fandrodaka,rodaka
firodahana,rodaka
firodaka,rodaka
irodahana,rodaka
maharodaka,rodaka
mandrodaka,rodaka
mirodaka,rodaka
mpandrodaka,rodaka
mpirodaka,rodaka
rodadrodaka,rodaka
rodahina,rodaka
voarodaka,rodaka
mampirodana,rodana
androdanana,rodana
arodana,rodana
fandrodana,rodana
fandrodanana,rodana
firodana,rodana
firodanana,rodana
irodanana,rodana
korodana,rodana
maharodana,rodana
mandrodana,rodana
mirodana,rodana
mpandrodana,rodana
mpirodana,rodana
rodandrodana,rodana
tafarodana,rodana
voarodana,rodana
androdarodana,rodaroda
arodaroda,rodaroda
fandrodaroda,rodaroda
fandrodarodana,rodaroda
firodaroda,rodaroda
firodarodana,rodaroda
irodarodana,rodaroda
maharodaroda,rodaroda
mandrodaroda,rodaroda
mirodaroda,rodaroda
mpandrodaroda,rodaroda
mpirodaroda,rodaroda
rodarodaina,rodaroda
voarodaroda,rodaroda
rodorodo,rodo
androdonana,rodona
arodona,rodona
fandrodona,rodona
fandrodonana,rodona
firodona,rodona
firodonana,rodona
irodonana,rodona
korodona,rodona
maharodona,rodona
mandrodona,rodona
mirodona,rodona
mpandrodona,rodona
mpirodona,rodona
rodondrodona,rodona
rodonina,rodona
tafarodona,rodona
voarodona,rodona
androdorodoana,rodorodo
fandrodorodo,rodorodo
fandrodorodoana,rodorodo
firodorodo,rodorodo
firodorodoana,rodorodo
irodorodoana,rodorodo
maharodorodo,rodorodo
mampirodorodo,rodorodo
mandrodorodo,rodorodo
mirodorodo,rodorodo
mpandrodorodo,rodorodo
mpirodorodo,rodorodo
rodorodoina,rodorodo
tafarodorodo,rodorodo
voarodorodo,rodorodo
firofatana,rofatra
firofatra,rofatra
firofotana,rofatra
irofotana,rofatra
mirofatra,rofatra
mpirofatra,rofatra
fandrofia,rofia
mampirofoke,rofoke
mirofoke,rofoke
pirofoke,rofoke
forofotra,rofotra
firofotra,rofotra
korofotra,rofotra
mirofotra,rofotra
rofodrofotra,rofotra
farofy,rofy
marofy,rofy
mampirohake,rohake
pirohake,rohake
firohana,rohana
firohanana,rohana
rohanina,rohana
mampirohe,rohe
voarohirohy,rohirohy
firohitana,rohitra
firohitra,rohitra
irohitana,rohitra
maharohitra,rohitra
mirohitra,rohitra
mpirohitra,rohitra
rohidrohitra,rohitra
fandrohana,rohona
firohona,rohona
irohondrohonana,rohona
mandrohana,rohona
mirohona,rohona
mpandrohana,rohona
mpirohona,rohona
rohondrohona,rohona
androhonana,rohona
fandrohona,rohona
fandrohonana,rohona
irohonana,rohona
mandrohona,rohona
mpandrohona,rohona
maharohona,rohona
tafarohona,rohona
mirohondrohona,rohondrohona
mangorohotra,rohotra
firohotana,rohotra
firohotra,rohotra
irohotana,rohotra
maharohotra,rohotra
mirohotra,rohotra
mpirohotra,rohotra
rohodrohotra,rohotra
androhizana,rohy
arohy,rohy
fandrohizana,rohy
fandrohy,rohy
firohizana,rohy
firohy,rohy
irohizana,rohy
maharohy,rohy
mandrohy,rohy
mirohy,rohy
mpandrohy,rohy
rohirohy,rohy
rohizana,rohy
tafarohy,rohy
voarohy,rohy
miroka,roka
mandroka,roka
rokaroka,roka
fararokafana,rokaka
maharokaka,rokaka
maharokake,rokake
mirokake,rokake
pirokake,rokake
fandrokidrokiana,rokiroky
mandrokiroky,rokiroky
arokoroko,rokoroko
faharokoroko,rokoroko
faharokorokoana,rokoroko
farokoroko,rokoroko
firokoroko,rokoroko
harokorokoana,rokoroko
mampirokoroko,rokoroko
marokoroko,rokoroko
mirokoroko,rokoroko
mpirokoroko,rokoroko
parokoroko,rokoroko
pirokoroko,rokoroko
rokorokoina,rokoroko
fandroky,roky
androkiana,roky
fandrokiana,roky
firokiana,roky
firoky,roky
irokiana,roky
mandroky,roky
miroky,roky
mpandroky,roky
mpiroky,roky
rokina,roky
rokiroky,roky
voaroky,roky
andrombana,romba
mandromba,romba
rombana,romba
ronomba,romba
voaromba,romba
andrombahana,rombaka
fandrombahana,rombaka
fandrombaka,rombaka
farombaka,rombaka
firombahana,rombaka
firombaka,rombaka
ifandrombahana,rombaka
irombahana,rombaka
maharombaka,rombaka
mandrombaka,rombaka
mifandrombaka,rombaka
mirombaka,rombaka
mpandrombaka,rombaka
rombadrombaka,rombaka
rombahina,rombaka
tafarombaka,rombaka
voarombaka,rombaka
andrombinana,rombina
fandrombina,rombina
fandrombinana,rombina
maharombina,rombina
mandrombina,rombina
mpandrombina,rombina
rombinana,rombina
rombindrombina,rombina
voarombina,rombina
maharombo,rombo
voarombo,rombo
andromboromboana,romborombo
aromborombo,romborombo
fandromborombo,romborombo
fandromboromboana,romborombo
firomborombo,romborombo
firomboromboana,romborombo
iromboromboana,romborombo
mandromborombo,romborombo
miromborombo,romborombo
mpandromborombo,romborombo
mpiromborombo,romborombo
romboromboana,romborombo
romboromboina,romborombo
andrombotana,rombotra
fandrombotana,rombotra
fandrombotra,rombotra
firombotana,rombotra
firombotra,rombotra
irombotana,rombotra
maharombotra,rombotra
mandrombotra,rombotra
mirombotra,rombotra
mpandrombotra,rombotra
mpirombotra,rombotra
rombodrombotra,rombotra
rombotana,rombotra
voarombotra,rombotra
firomiromy,romiromy
miromiromy,romiromy
piromiromy,romiromy
voaromiromy,romiromy
maharomitse,romitse
miharomitse,romitse
firomodromotana,romodromotra
firomodromotra,romodromotra
iromodromotana,romodromotra
maharomodromotra,romodromotra
miromodromotra,romodromotra
aromoromo,romoromo
firomoromo,romoromo
firomoromoana,romoromo
maharomoromo,romoromo
miromoromo,romoromo
mpiromoromo,romoromo
romoromoina,romoromo
andromotana,romotra
faharomotana,romotra
fandromotana,romotra
fandromotra,romotra
haromotana,romotra
mandromotra,romotra
mpandromotra,romotra
mpiromodromotra,romotra
romodromotra,romotra
romotana,romotra
voaromotra,romotra
maharomotse,romotse
miharomotse,romotse
voaromotse,romotse
andromposana,rompotra
fandromposana,rompotra
fandrompotra,rompotra
maharompotra,rompotra
mandrompotra,rompotra
mpandrompotra,rompotra
rompodrompotra,rompotra
romposana,rompotra
voarompotra,rompotra
miharoña,rona
andronana,rona
arona,rona
fandrona,rona
fandronana,rona
firona,rona
fironana,rona
ironana,rona
maharona,rona
mandrona,rona
mirona,rona
mpandrona,rona
mpirona,rona
rondrona,rona
tafarona,rona
voarona,rona
andronahana,ronaka
aronaka,ronaka
fandronahana,ronaka
fandronaka,ronaka
fironahana,ronaka
fironaka,ronaka
ironahana,ronaka
maharonaka,ronaka
mandronaka,ronaka
mironaka,ronaka
mpandronaka,ronaka
mpironaka,ronaka
ronadronaka,ronaka
ronahina,ronaka
voaronaka,ronaka
androndrana,rondra
fandrondra,rondra
fandrondrana,rondra
maharondra,rondra
mandrondra,rondra
mpandrondra,rondra
arondrarondra,rondrarondra
firondrarondra,rondrarondra
mirondrarondra,rondrarondra
firondrorondro,rondrorondro
mirondrorondro,rondrorondro
arongaronga,rongaronga
firongaronga,rongaronga
mirongaronga,rongaronga
mpirongaronga,rongaronga
androngatana,rongatra
arongatra,rongatra
fandrongatana,rongatra
fandrongatra,rongatra
firongatana,rongatra
firongatra,rongatra
irongatana,rongatra
maharongatra,rongatra
mandrongatra,rongatra
mirongatra,rongatra
mpandrongatra,rongatra
mpirongatra,rongatra
rongadrongatra,rongatra
sarongatra,rongatra
tafarongatra,rongatra
voarongatra,rongatra
mirongatse,rongatse
pirongatse,rongatse
firongirongiana,rongirongy
firongirongy,rongirongy
irongirongiana,rongirongy
maharongirongy,rongirongy
mirongirongy,rongirongy
mpirongirongy,rongirongy
tafarongirongy,rongirongy
mirongo,rongo
androngoana,rongo
arongo,rongo
fandrongo,rongo
fandrongoana,rongo
firongo,rongo
firongoana,rongo
irongoana,rongo
maharongo,rongo
mandrongo,rongo
mpandrongo,rongo
mpirongo,rongo
rongoana,rongo
tafarongo,rongo
voarongo,rongo
mandrongony,rongony
mpandrongony,rongony
firongotana,rongotra
firongotra,rongotra
irongotana,rongotra
maharongotra,rongotra
mirongotra,rongotra
mpirongotra,rongotra
rongodrongotra,rongotra
rongotina,rongotra
voarongotra,rongotra
maharonjana,ronjana
mandronjana,ronjana
aronje,ronje
maharonje,ronje
mihamironje,ronje
mironje,ronje
pironje,ronje
voaronje,ronje
andronjenana,ronjina
aronjina,ronjina
fandronjena,ronjina
fandronjenana,ronjina
fandronjina,ronjina
fironjina,ronjina
mandronjina,ronjina
mironjina,ronjina
mpandronjina,ronjina
mpironjina,ronjina
ronjindronjina,ronjina
tafaronjina,ronjina
voaronjina,ronjina
mandronjindronjina,ronjindronjina
mironjona,ronjona
mandronono,ronono
androntonana,rontona
fandrontona,rontona
fandrontonana,rontona
firontona,rontona
firontonana,rontona
irontonana,rontona
maharontona,rontona
mandrontona,rontona
mirontona,rontona
mpandrontona,rontona
mpirontona,rontona
rontondrontona,rontona
mandrontsana,rontsana
androntsonana,rontsona
fandrontsona,rontsona
fandrontsonana,rontsona
maharontsona,rontsona
mandrontsona,rontsona
mpandrontsona,rontsona
rontsonana,rontsona
rontsondrontsona,rontsona
voarontsona,rontsona
arontsorontso,rontsorontso
mampirontsorontso,rontsorontso
mifampirontsorontso,rontsorontso
mirontsorontso,rontsorontso
pifampirontsorontso,rontsorontso
pirontsorontso,rontsorontso
aropiropy,ropiropy
firopiropy,ropiropy
maharopiropy,ropiropy
miropiropy,ropiropy
mpiropiropy,ropiropy
ropiropina,ropiropy
miropy,ropy
androrana,rora
arora,rora
fandrora,rora
fandrorana,rora
maharora,rora
mandrora,rora
mpandrora,rora
rorana,rora
voarora,rora
androrahana,roraka
androraka,roraka
aroraka,roraka
fandrorahana,roraka
fandroraka,roraka
firorahana,roraka
firoraka,roraka
irorahana,roraka
maharoraka,roraka
mandroraka,roraka
miroraka,roraka
mpandroraka,roraka
mpiroraka,roraka
roradroraka,roraka
tafaroraka,roraka
voaroraka,roraka
mandroridroritra,roridroritra
arorika,rorika
firorika,rorika
mirorika,rorika
mpirorika,rorika
roridrorika,rorika
tafarorika,rorika
voarorika,rorika
firorirory,rorirory
mirorirory,rorirory
androritana,roritra
aroritra,roritra
fandroritana,roritra
fandroritra,roritra
firoritana,roritra
firoritra,roritra
ifandroritana,roritra
iroritana,roritra
maharoritra,roritra
mandroritra,roritra
miroritra,roritra
mpandroritra,roritra
mpiroritra,roritra
roridroritra,roritra
roritina,roritra
voaroritra,roritra
maharoro,roro
mandroro,roro
mihamiroro,roro
piroro,roro
fandroroa,roroa
mandroroa,roroa
miroroa,roroa
mpandroroa,roroa
mpiroroa,roroa
faharorohana,roroka
faharoroka,roroka
harorohana,roroka
haroroka,roroka
maharoroka,roroka
maroroka,roroka
androronana,rorona
arorona,rorona
fandrorona,rorona
fandroronana,rorona
maharorona,rorona
mandrorona,rorona
mpandrorona,rorona
rorondrorona,rorona
tafarorona,rorona
firosoana,rosa
mandrosarosa,rosarosa
mirosarosa,rosarosa
ampandrosoana,roso
ampandrosoina,roso
androsoana,roso
aroso,roso
fampandrosoana,roso
fandroso,roso
fandrosoana,roso
firoso,roso
irosoana,roso
maharoso,roso
mampandroso,roso
mandroso,roso
miroso,roso
mpampandroso,roso
mpandroso,roso
mpiroso,roso
rosoana,roso
rosoroso,roso
tafaroso,roso
voaroso,roso
voarota,rota
mandrota,rota
firotaka,rotaka
mirotaka,rotaka
firotahana,rotaka
irotahana,rotaka
mpirotaka,rotaka
rotahana,rotaka
famorotana,rotana
anarotehana,rotika
androtehana,rotika
fifandrotehana,rotika
mandrotika,rotika
mifandrotika,rotika
rotidrotehina,rotika
rotidrotika,rotika
fanarotehana,rotika
fanarotika,rotika
fandrotehana,rotika
fandrotika,rotika
fifandrotika,rotika
firotehana,rotika
firotika,rotika
ifandrotehana,rotika
korotika,rotika
maharotika,rotika
manarotika,rotika
mifanarotika,rotika
mirotika,rotika
mpanarotika,rotika
mpandrotika,rotika
mpirotika,rotika
rotehina,rotika
voarotika,rotika
androtorotoana,rotoroto
arotoroto,rotoroto
fandrotoroto,rotoroto
fandrotorotoana,rotoroto
firotoroto,rotoroto
firotorotoana,rotoroto
irotorotoana,rotoroto
maharotoroto,rotoroto
mandrotoroto,rotoroto
mirotoroto,rotoroto
mpandrotoroto,rotoroto
mpirotoroto,rotoroto
rotorotoina,rotoroto
tafarotoroto,rotoroto
maharototra,rototra
mifanarototra,rototra
borotsaka,rotsaka
androtsahana,rotsaka
arotsaka,rotsaka
faharotsaka,rotsaka
fandrotsahana,rotsaka
fandrotsaka,rotsaka
firotsaka,rotsaka
irotsahana,rotsaka
korotsaka,rotsaka
maharotsaka,rotsaka
mamorotsaka,rotsaka
mandrotsaka,rotsaka
marotsaka,rotsaka
mirotsaka,rotsaka
mpandrotsaka,rotsaka
mpirotsaka,rotsaka
rotsadrotsaka,rotsaka
rotsahana,rotsaka
tafarotsaka,rotsaka
voarotsaka,rotsaka
pirotsake,rotsake
voarotsake,rotsake
mandrotsirotsy,rotsirotsy
rotsirotsina,rotsirotsy
androtsirotsiana,rotsirotsy
fandrotsirotsiana,rotsirotsy
fandrotsirotsy,rotsirotsy
maharotsirotsy,rotsirotsy
mpandrotsirotsy,rotsirotsy
voarotsirotsy,rotsirotsy
mampirotsoke,rotsoke
mirotsoke,rotsoke
pirotsoke,rotsoke
androtsiana,rotsy
fandrotsiana,rotsy
fandrotsy,rotsy
mandrotsy,rotsy
mpandrotsy,rotsy
rotsina,rotsy
rotsirotsy,rotsy
voarotsy,rotsy
horovana,rova
androvana,rova
arova,rova
fandrova,rova
fandrovana,rova
firova,rova
firovana,rova
irovana,rova
maharova,rova
mandrova,rova
mirova,rova
mpandrova,rova
mpirova,rova
rovana,rova
rovarova,rova
voarova,rova
mandrovirovy,rovirovy
rovirovina,rovirovy
fandrovitra,rovitra
mpandrovitra,rovitra
androvitana,rovitra
faharovitana,rovitra
fandrovitana,rovitra
mandrovitra,rovitra
rovitina,rovitra
voarovitra,rovitra
maharovitse,rovitse
miharovitse,rovitse
mirovitse,rovitse
mandroy,roy
varozaka,rozaka
arozaka,rozaka
firozaka,rozaka
mirozaka,rozaka
mpirozaka,rozaka
tarozaka,rozaka
fifandrozana,rozana
mpifandrozana,rozana
androzanana,rozana
fandrozana,rozana
fandrozanana,rozana
maharozana,rozana
mandrozana,rozana
mifandrozana,rozana
mpandrozana,rozana
rozandrozana,rozana
varozana,rozana
androzarozana,rozaroza
arozaroza,rozaroza
fandrozaroza,rozaroza
firozaroza,rozaroza
firozarozana,rozaroza
irozarozana,rozaroza
kirozaroza,rozaroza
maharozaroza,rozaroza
mandrozaroza,rozaroza
mirozaroza,rozaroza
mitarozaroza,rozaroza
mpandrozaroza,rozaroza
mpirozaroza,rozaroza
tafarozaroza,rozaroza
firozatana,rozatra
androzatana,rozatra
fandrozatana,rozatra
fandrozatra,rozatra
firozatra,rozatra
maharozatra,rozatra
mandrozatra,rozatra
mirozatra,rozatra
mpandrozatra,rozatra
rozadrozatra,rozatra
rozatina,rozatra
voarozatra,rozatra
marozirozy,rozirozy
mirozirozy,rozirozy
rozirozy,rozy
voarôtiky,rôtiky
hasaba,saba
mahasaba,saba
ampisabadida,sabadida
asabadida,sabadida
fampisabadida,sabadida
fisabadida,sabadida
mahasabadida,sabadida
mampisabadida,sabadida
misabadida,sabadida
pisabadida,sabadida
voasabadida,sabadida
anasabahana,sabaka
anasabakana,sabaka
asabaka,sabaka
fanasabaka,sabaka
fanasabakana,sabaka
fisabaka,sabaka
fisabakana,sabaka
isabakana,sabaka
mahasabaka,sabaka
manasabaka,sabaka
misabaka,sabaka
mpanasabaka,sabaka
mpisabaka,sabaka
sabakabaka,sabaka
sabakaina,sabaka
tafasabaka,sabaka
voasabaka,sabaka
mahasabilaka,sabilaka
manasabilaka,sabilaka
misabilaka,sabilaka
sabilabilaka,sabilaka
sabilahina,sabilaka
tafasabilaka,sabilaka
voasabilaka,sabilaka
fisabobaka,sabobaka
misabobaka,sabobaka
mpisabobaka,sabobaka
misaboboka,saboboka
anasabodihana,sabodika
asabodika,sabodika
fanasabodehana,sabodika
fanasabodihana,sabodika
fanasabodika,sabodika
fisabodehana,sabodika
fisabodihana,sabodika
fisabodika,sabodika
isabodihana,sabodika
manasabodika,sabodika
misabodika,sabodika
mpanasabodika,sabodika
mpisabodika,sabodika
sabodehina,sabodika
tafasabodika,sabodika
voasabodika,sabodika
anasabotrehana,sabotrika
fanasabotrehana,sabotrika
fanasabotrika,sabotrika
fisabotrehana,sabotrika
fisabotrika,sabotrika
isabotrehana,sabotrika
mahasabotrika,sabotrika
manasabotrika,sabotrika
misabotrika,sabotrika
mpanasabotrika,sabotrika
mpisabotrika,sabotrika
sabotrehina,sabotrika
sabotribotrika,sabotrika
sadasada,sada
mahasadaika,sadaika
mahasadaikatra,sadaikatra
mahasadia,sadia
mampisadia,sadia
pisadia,sadia
voasadia,sadia
anasadikana,sadika
asadika,sadika
fanasadika,sadika
fanasadikana,sadika
fisadika,sadika
fisadikana,sadika
isadikana,sadika
mahasadika,sadika
manasadika,sadika
misadika,sadika
mpanasadika,sadika
mpisadika,sadika
sadikadika,sadika
sadikaina,sadika
tafasadika,sadika
voasadika,sadika
misadodo,sadodo
mahasafa,safa
mampisafa,safa
pisafa,safa
voasafa,safa
asafary,safary
fisafariana,safary
fisafary,safary
isafariana,safary
mahasafary,safary
misafary,safary
mpisafary,safary
safarifary,safary
safarina,safary
voasafary,safary
misafay,safay
anasafelehana,safelika
asafelika,safelika
fanasafelehana,safelika
fanasafelika,safelika
fisafelehana,safelika
fisafelika,safelika
isafelehana,safelika
mahasafelika,safelika
manasafelika,safelika
misafelika,safelika
mpanasafelika,safelika
mpisafelika,safelika
safelehina,safelika
safelipelika,safelika
tafasafelika,safelika
voasafelika,safelika
misafelipelika,safelipelika
misafetika,safetika
fisafidianana,safidy
fisafidy,safidy
isafidianana,safidy
misafidy,safidy
mpisafidy,safidy
isafosafoana,safo
asafo,safo
fisafo,safo
fisafoana,safo
isafoana,safo
mahasafo,safo
mampisafo,safo
mifampisafo,safo
misafo,safo
mpisafo,safo
pisafo,safo
safoina,safo
safosafo,safo
voasafo,safo
asafoaka,safoaka
fisafoahana,safoaka
fisafoaka,safoaka
isafoahana,safoaka
mahasafoaka,safoaka
misafoaka,safoaka
mpisafoaka,safoaka
safoapoaka,safoaka
tafasafoaka,safoaka
anasafofohana,safofoka
asafofoka,safofoka
fanasafofohana,safofoka
fanasafofoka,safofoka
fisafofohana,safofoka
fisafofoka,safofoka
isafofohana,safofoka
mahasafofoka,safofoka
manasafofoka,safofoka
mantsafofoka,safofoka
misafofoka,safofoka
mpanasafofoka,safofoka
mpisafofoka,safofoka
safofopofoka,safofoka
tafasafofoka,safofoka
voasafofoka,safofoka
anasafontenana,safontina
asafontina,safontina
fanasafontenana,safontina
fanasafontina,safontina
fisafontenana,safontina
fisafontina,safontina
isafontenana,safontina
mahasafontina,safontina
manasafontina,safontina
misafontina,safontina
mpanasafontina,safontina
mpisafontina,safontina
safontimpontina,safontina
tafasafontina,safontina
voasafontina,safontina
manafosafo,safosafo
misafosafo,safosafo
safosafoina,safosafo
voasafosafo,safosafo
fisafotaka,safotaka
misafotaka,safotaka
anasafotofotoana,safotofoto
asafotofoto,safotofoto
fanasafotofoto,safotofoto
fanasafotofotoana,safotofoto
fisafotofoto,safotofoto
fisafotofotoana,safotofoto
isafotofotoana,safotofoto
mahasafotofoto,safotofoto
mampisafotofoto,safotofoto
manasafotofoto,safotofoto
misafotofoto,safotofoto
mpanasafotofoto,safotofoto
mpisafotofoto,safotofoto
safotofotoina,safotofoto
tafasafotofoto,safotofoto
voasafotofoto,safotofoto
asafotra,safotra
fanaforana,safotra
fanafotra,safotra
mahasafotra,safotra
mpanafotra,safotra
saforana,safotra
safotsafotra,safotra
voasafotra,safotra
asafotse,safotse
mahasafotse,safotse
mampisafotse,safotse
misafotse,safotse
pisafotse,safotse
voasafotse,safotse
anasafena,safy
anasafiana,safy
asafy,safy
fanasafena,safy
fanasafiana,safy
fanasafy,safy
fisafy,safy
mahasafy,safy
manasafy,safy
misafy,safy
mpanasafy,safy
mpisafy,safy
safina,safy
safisafy,safy
voasafy,safy
kisahasaha,saha
tantsaha,saha
mampisahabo,sahabo
fanahady,sahady
manahady,sahady
mpanahady,sahady
anasahalana,sahala
isahalana,sahala
sahalahala,sahala
fanasahala,sahala
fanasahalana,sahala
fisahala,sahala
mahasahala,sahala
manasahala,sahala
misahala,sahala
mpanasahala,sahala
sahalaina,sahala
voasahala,sahala
fisahana,sahana
fisahanana,sahana
isahanana,sahana
mahasahana,sahana
misahana,sahana
mpisahana,sahana
sahanina,sahana
sahantsahana,sahana
voasahana,sahana
mifanahantsahana,sahantsahana
asahato,sahato
fisahato,sahato
fisahatoana,sahato
isahatoana,sahato
mahasahato,sahato
misahato,sahato
mpisahato,sahato
sahatohato,sahato
sahatoina,sahato
voasahato,sahato
manahaza,sahaza
misahety,sahety
misahindrahindra,sahindrahindra
mahasahira,sahira
mampanahira,sahira
manahira,sahira
mifanahira,sahira
mihasahira,sahira
misahira,sahira
panahira,sahira
pifanahira,sahira
pisahira,sahira
voasahira,sahira
anahiranana,sahirana
fahasahiranana,sahirana
fanahirana,sahirana
fanahiranana,sahirana
fisahirana,sahirana
fisahiranana,sahirana
hasahiranana,sahirana
isahiranana,sahirana
mahasahirana,sahirana
manahirana,sahirana
misahirana,sahirana
mpanahirana,sahirana
mpisahirana,sahirana
sahiranina,sahirana
sahirankirana,sahirana
misahirankirana,sahirankirana
misahoa,sahoa
sahoahoa,sahoa
misahoahoa,sahoahoa
misahobaka,sahobaka
manasahonaka,sahonaka
misahondrahondra,sahondrahondra
fisahotahana,sahotaka
fisahotaka,sahotaka
isahotahana,sahotaka
misahotaka,sahotaka
mpisahotaka,sahotaka
sahotakotaka,sahotaka
misahovoky,sahovoky
fanasahiana,sahy
hahasahiana,sahy
mihasahy,sahy
fahasahiana,sahy
hasahiana,sahy
mahasahy,sahy
sahisahy,sahy
asahy,sahy
fisahiana,sahy
fisahy,sahy
isahiana,sahy
misahy,sahy
mpisahy,sahy
sahina,sahy
voasahy,sahy
anasaihana,saika
asaika,saika
fanasaihana,saika
fanasaika,saika
fisaihana,saika
fisaika,saika
isaihana,saika
mahasaika,saika
manasaika,saika
misaika,saika
mpanasaika,saika
mpisaika,saika
saihina,saika
saitsaika,saika
voasaika,saika
manekatra,saikatra
mahasaikatra,saikatra
saikatsaikatra,saikatra
asaiky,saiky
fisaikena,saiky
fisaiky,saiky
isaikena,saiky
mahasaiky,saiky
misaiky,saiky
mpisaiky,saiky
saikena,saiky
saikisaiky,saiky
voasaiky,saiky
fisaina,saina
fisainana,saina
isainana,saina
mahasaina,saina
mampisaina,saina
misaina,saina
mpisaina,saina
sainina,saina
saintsaina,saina
somaingisaingy,saingisaingy
manaingisaingy,saingisaingy
misaingisaingy,saingisaingy
saingisaingena,saingisaingy
mahasaingona,saingona
saingontsaingona,saingona
fisaingena,saingy
fisaingy,saingy
isaingena,saingy
mahasaingy,saingy
misaingy,saingy
mpisaingy,saingy
saingisaingy,saingy
fisaintsainana,saintsaina
misaintsaina,saintsaina
saintsainina,saintsaina
mahasaintsay,saintsay
mampisaintsay,saintsay
misaintsay,saintsay
pisaintsay,saintsay
voasaintsay,saintsay
masaisay,saisay
mifanaka,saka
misaka,saka
panaka,saka
pifanaka,saka
pisaka,saka
asaka,saka
fisakana,saka
fisàka,saka
isakana,saka
mahasaka,saka
mpisaka,saka
sakaina,saka
tafasaka,saka
voasaka,saka
asakafo,sakafo
fisakafo,sakafo
fisakafoana,sakafo
isakafoana,sakafo
mahasakafo,sakafo
mampisakafo,sakafo
misakafo,sakafo
mpampisakafo,sakafo
mpisakafo,sakafo
pisakafo,sakafo
sakafoana,sakafo
tafasakafo,sakafo
voasakafo,sakafo
fisakaia,sakaia
misakaia,sakaia
pisakaia,sakaia
anakaizana,sakaiza
asakaiza,sakaiza
fanakaiza,sakaiza
fanakaizana,sakaiza
fisakaiza,sakaiza
fisakaizana,sakaiza
isakaizana,sakaiza
mahasakaiza,sakaiza
manakaiza,sakaiza
manasakaiza,sakaiza
misakaiza,sakaiza
mpanakaiza,sakaiza
mpisakaiza,sakaiza
sakaizaina,sakaiza
sakaizakaiza,sakaiza
sakaizana,sakaiza
tafasakaiza,sakaiza
voasakaiza,sakaiza
anakambinana,sakambina
anasakambinana,sakambina
asakambina,sakambina
fanakambina,sakambina
fanakambinana,sakambina
fanasakambina,sakambina
fanasakambinana,sakambina
fisakambina,sakambina
fisakambinana,sakambina
isakambinana,sakambina
mahasakambina,sakambina
manakambina,sakambina
manasakambina,sakambina
mifampisakambina,sakambina
misakambina,sakambina
mpanakambina,sakambina
mpanasakambina,sakambina
mpisakambina,sakambina
sakambinina,sakambina
sakambinkambina,sakambina
tafasakambina,sakambina
voasakambina,sakambina
anakanana,sakana
anasakanana,sakana
asakana,sakana
fanakanana,sakana
fanasakana,sakana
fanasakanana,sakana
fisakanana,sakana
ifanakanana,sakana
isakanana,sakana
mahasakana,sakana
mampisakana,sakana
manakana,sakana
manasakana,sakana
mifampisakana,sakana
misakana,sakana
mpanakana,sakana
mpanasakana,sakana
mpisakana,sakana
sakanana,sakana
sakanina,sakana
sakantsakana,sakana
tafasakana,sakana
voasakana,sakana
misakantsakana,sakantsakana
sakantsakanana,sakantsakana
antsakefaka,sakefaka
asakelika,sakelika
fisakelehana,sakelika
fisakelika,sakelika
mahasakelika,sakelika
misakelika,sakelika
mpisakelika,sakelika
sakelehina,sakelika
voasakelika,sakelika
fanakelika,sakelika
manakelika,sakelika
mpanakelika,sakelika
sakelikelika,sakelika
anasakobonana,sakobona
asakobona,sakobona
fanasakobona,sakobona
fanasakobonana,sakobona
fisakobona,sakobona
fisakobonana,sakobona
isakobonana,sakobona
mahasakobona,sakobona
manasakobona,sakobona
misakobona,sakobona
mpanasakobona,sakobona
mpisakobona,sakobona
sakobonina,sakobona
sakobonkobona,sakobona
tafasakobona,sakobona
voasakobona,sakobona
fisakodina,sakodina
fisakodinana,sakodina
misakodina,sakodina
sakoerana,sakoitra
mahasakombe,sakombe
mampisakombe,sakombe
misakombe,sakombe
pisakombe,sakombe
voasakombe,sakombe
asakonoka,sakonoka
fisakonohana,sakonoka
fisakonoka,sakonoka
isakonohana,sakonoka
mahasakonoka,sakonoka
misakonoka,sakonoka
mpisakonoka,sakonoka
sakonohina,sakonoka
sakonokonoka,sakonoka
voasakonoka,sakonoka
mahasaky,saky
anasalakàna,salaka
asalaka,salaka
fanasalaka,salaka
fanasalakàna,salaka
fisalaka,salaka
fisalakàna,salaka
isalakàna,salaka
mahasalaka,salaka
mampisalaka,salaka
manasalaka,salaka
misalaka,salaka
mpanasalaka,salaka
mpisalaka,salaka
pisalaka,salaka
salakaina,salaka
salakana,salaka
tafasalaka,salaka
voasalaka,salaka
salalay,salala
fahasalama,salama
fahasalamàna,salama
hasalamàna,salama
mahasalama,salama
salamalama,salama
ilasalana,salasala
mampisalasala,salasala
analasalana,salasala
antsalasalany,salasala
asalasala,salasala
fanalasala,salasala
fanalasalana,salasala
fisalasala,salasala
fisalasalana,salasala
isalasalana,salasala
mahasalasala,salasala
manalasala,salasala
misalasala,salasala
mpanalasala,salasala
mpisalasala,salasala
pisalasala,salasala
salasalaina,salasala
tafasalasala,salasala
anasalazanana,salazana
asalazana,salazana
fanasalazana,salazana
fanasalazanana,salazana
fisalazana,salazana
fisalazanana,salazana
isalazanana,salazana
mahasalazana,salazana
manasalazana,salazana
misalazana,salazana
mpanasalazana,salazana
mpisalazana,salazana
salazanina,salazana
voasalazana,salazana
asale,sale
mahasale,sale
misale,sale
pisale,sale
voasale,sale
misalebolebo,salebolebo
fisalebolebo,salebolebo
mampisalebolebo,salebolebo
misalebona,salebona
asalehotra,salehotra
fisalehorana,salehotra
fisalehotra,salehotra
isalehorana,salehotra
misalehotra,salehotra
mpisalehotra,salehotra
tafasalehotra,salehotra
misalelaka,salelaka
saleladelaka,salelaka
salemboana,salembo
fisalesaka,salesaka
misalesaka,salesaka
fisaliadiaka,saliadiaka
misaliadiaka,saliadiaka
mpisaliadiaka,saliadiaka
fisaliaka,saliaka
misaliaka,saliaka
asalika,salika
fisalika,salika
mampisalika,salika
mañasalika,salika
misalika,salika
pisalika,salika
asalisaly,salisaly
manasalisaly,salisaly
fisalisaliana,salisaly
misalisaly,salisaly
anasalobonana,salobona
asalobona,salobona
fanasalobona,salobona
fanasalobonana,salobona
fisalobona,salobona
fisalobonana,salobona
isalobonana,salobona
mahasalobona,salobona
manasalobona,salobona
misalobona,salobona
mpanasalobona,salobona
mpisalobona,salobona
salobondobona,salobona
salobonina,salobona
tafasalobona,salobona
voasalobona,salobona
mahasaloke,saloke
mampisaloke,saloke
misaloke,saloke
pisaloke,saloke
voasaloke,saloke
misalondo,salondo
fisalondona,salondona
misalondona,salondona
anasalorana,salotra
asalotra,salotra
fanasalorana,salotra
fanasalotra,salotra
fisalorana,salotra
fisalotra,salotra
isalorana,salotra
mahasalotra,salotra
manasalotra,salotra
misalotra,salotra
mpanasalotra,salotra
mpisalotra,salotra
salorana,salotra
salotsalotra,salotra
tafasalotra,salotra
voasalotra,salotra
asalovana,salovana
fisalovana,salovana
fisalovanana,salovana
isalovanana,salovana
mahasalovana,salovana
misalovana,salovana
mpisalovana,salovana
salovandovana,salovana
salovanina,salovana
tafasalovana,salovana
voasalovana,salovana
fanasalisaliana,saly
fanasalisaly,saly
anasaliana,saly
asaly,saly
fanasaliana,saly
fanasaly,saly
fisaliana,saly
isaliana,saly
mahasaly,saly
manasaly,saly
misaly,saly
mpanasaly,saly
mpisaly,saly
salisaly,saly
tafasaly,saly
voasaly,saly
anasamahana,samaka
asamaka,samaka
fanasamahana,samaka
fanasamaka,samaka
fisamahana,samaka
fisamaka,samaka
isamahana,samaka
mahasamaka,samaka
manasamaka,samaka
misamaka,samaka
mpanasamaka,samaka
mpisamaka,samaka
samahina,samaka
samatsamaka,samaka
tafasamaka,samaka
voasamaka,samaka
asambasamba,sambasamba
fisambasamba,sambasamba
fisambasambana,sambasamba
isambasambana,sambasamba
mahasambasamba,sambasamba
misambasamba,sambasamba
mpisambasamba,sambasamba
sambasambaina,sambasamba
voasambasamba,sambasamba
ahasambarana,sambatra
misambatra,sambatra
fahasambarana,sambatra
hasambarana,sambatra
mahasambatra,sambatra
mahasambatse,sambatse
tantsambo,sambo
anasamboadiana,samboady
asamboady,samboady
fanasamboadiana,samboady
fanasamboady,samboady
fisamboadiana,samboady
fisamboady,samboady
isamboadiana,samboady
mahasamboady,samboady
manasamboady,samboady
misamboady,samboady
mpanasamboady,samboady
mpisamboady,samboady
samboadiana,samboady
samboadimboady,samboady
tafasamboady,samboady
voasamboady,samboady
anasamboarana,samboara
fanasamboara,samboara
fanasamboarana,samboara
fisamboara,samboara
fisamboarana,samboara
isamboarana,samboara
mahasamboara,samboara
manasamboara,samboara
misamboara,samboara
samboaravoara,samboara
anasamboaravoarana,samboaravoara
asamboaravoara,samboaravoara
fanasamboaravoara,samboaravoara
fanasamboaravoarana,samboaravoara
fisamboaravoara,samboaravoara
fisamboaravoarana,samboaravoara
isamboaravoarana,samboaravoara
mahasamboaravoara,samboaravoara
manasamboaravoara,samboaravoara
misamboaravoara,samboaravoara
mpanasamboaravoara,samboaravoara
mpisamboaravoara,samboaravoara
tafasamboaravoara,samboaravoara
isamboritana,samboritra
anasamboritana,samboritra
asamboritra,samboritra
fanasamboritana,samboritra
fanasamboritra,samboritra
fisamboritana,samboritra
fisamboritra,samboritra
mahasamboritra,samboritra
manasamboritra,samboritra
misamboritra,samboritra
mpanasamboritra,samboritra
mpisamboritra,samboritra
samborimboritra,samboritra
tafasamboritra,samboritra
voasamboritra,samboritra
ampisamborana,sambotra
antsambotra,sambotra
mampisambotra,sambotra
ampisamborina,sambotra
anamborana,sambotra
asambotra,sambotra
fanamborana,sambotra
fanambotra,sambotra
fisamborana,sambotra
fisambotra,sambotra
ifampisamborana,sambotra
isamborana,sambotra
mahasambotra,sambotra
manambotra,sambotra
misambotra,sambotra
mpanambotra,sambotra
mpisambotra,sambotra
samborina,sambotra
sambotsambotra,sambotra
sinambotra,sambotra
voasambotra,sambotra
misambotry,sambotry
miantsambotsambotra,sambotsambotra
mahasambotse,sambotse
mampanambotse,sambotse
manambotse,sambotse
panambotse,sambotse
pisambotse,sambotse
voasambotse,sambotse
sambihafa,samby
fahasamihafa,samihafa
fahasamihafana,samihafa
mahasamihafa,samihafa
fisamoimoina,samoimoina
fisamoimoinana,samoimoina
isamoimoinana,samoimoina
misamoimoina,samoimoina
fisamoina,samoina
fisamoinana,samoina
isamoinana,samoina
mahasamoina,samoina
misamoina,samoina
mpisamoina,samoina
samoimoina,samoina
fisamonina,samonina
mahasamonina,samonina
misamonina,samonina
mpisamonina,samonina
samonimonina,samonina
fisamonterana,samontitra
fisamontitra,samontitra
isamonterana,samontitra
mahasamontitra,samontitra
misamontitra,samontitra
mpisamontitra,samontitra
samontimontitra,samontitra
tafasamontitra,samontitra
misamontotra,samontotra
fisamosy,samosy
mahasamosy,samosy
misamosy,samosy
samosimosy,samosy
samosina,samosy
tafasamosy,samosy
voasamosy,samosy
mampisampa,sampa
misampa,sampa
pisampa,sampa
anampanana,sampana
asampana,sampana
fanampana,sampana
fanampanana,sampana
fisampana,sampana
fisampanana,sampana
isampanana,sampana
mahasampana,sampana
manampana,sampana
misampana,sampana
mpanampana,sampana
mpisampana,sampana
sampanana,sampana
sampanina,sampana
sampantsampana,sampana
tafasampana,sampana
voasampana,sampana
asampe,sampe
mahasampe,sampe
mampisampe,sampe
misampe,sampe
pisampe,sampe
voasampe,sampe
anasampinana,sampina
asampina,sampina
fanasampina,sampina
fanasampinana,sampina
fisampina,sampina
fisampinana,sampina
isampinana,sampina
mahasampina,sampina
manasampina,sampina
misampina,sampina
mpanasampina,sampina
mpisampina,sampina
sampintsampina,sampina
tafasampina,sampina
voasampina,sampina
anamponana,sampona
mpanampontsampona,sampona
asampona,sampona
mahasampona,sampona
samponana,sampona
sampontsampona,sampona
voasampona,sampona
misampontina,sampontina
anampontsamponana,sampontsampona
fanampontsampona,sampontsampona
fanampontsamponana,sampontsampona
manampontsampona,sampontsampona
anasampotenana,sampotina
asampotina,sampotina
fanasampotenana,sampotina
fanasampotina,sampotina
fisampotenana,sampotina
fisampotina,sampotina
isampotenana,sampotina
mahasampotina,sampotina
manasampotina,sampotina
misampotina,sampotina
mpanasampotina,sampotina
mpisampotina,sampotina
sampotimpotina,sampotina
tafasampotina,sampotina
voasampotina,sampotina
anasampazana,sampy
antsampy,sampy
asampy,sampy
fanasampazana,sampy
fanasampy,sampy
fisampazana,sampy
fisampiana,sampy
fisampy,sampy
isampazana,sampy
isampiana,sampy
mahasampy,sampy
manasampy,sampy
misampy,sampy
mpanasampy,sampy
mpisampy,sampy
sampazana,sampy
sampisampy,sampy
tafasampy,sampy
voasampy,sampy
asanàka,sanaka
fisanaka,sanaka
misanaka,sanaka
mpisanàka,sanaka
ampisañasaña,sanasana
anasanasanana,sanasana
asanasana,sanasana
fampisañasaña,sanasana
fanasanasana,sanasana
fanasanasanana,sanasana
fisanasana,sanasana
fisanasanana,sanasana
isanasanana,sanasana
mahasanasana,sanasana
mampisañasaña,sanasana
manasanasana,sanasana
misanasana,sanasana
mpanasanasana,sanasana
mpisanasana,sanasana
pisañasaña,sanasana
sanasanaina,sanasana
tafasanasana,sanasana
voasanasana,sanasana
sanatriavina,sanatria
mananatry,sanatry
sanatrina,sanatry
voasanatry,sanatry
sanantsanañy,sanañy
anandana,sanda
asanda,sanda
fananda,sanda
fanandana,sanda
fisanda,sanda
fisandana,sanda
isandana,sanda
mahasanda,sanda
mananda,sanda
misanda,sanda
mpananda,sanda
mpisanda,sanda
sandana,sanda
sandasanda,sanda
sinanda,sanda
voasanda,sanda
anandohana,sandoka
asandoka,sandoka
fanandohana,sandoka
fanandoka,sandoka
fisandohana,sandoka
fisandoka,sandoka
isandohana,sandoka
mahasandoka,sandoka
manandoka,sandoka
misandoka,sandoka
mpanandoka,sandoka
mpisandoka,sandoka
sandohana,sandoka
sandotsandoka,sandoka
sinandoka,sandoka
voasandoka,sandoka
mampisandoke,sandoke
misandoke,sandoke
pisandoke,sandoke
voasandoke,sandoke
anandrahana,sandrahaka
asandrahaka,sandrahaka
fanandrahaka,sandrahaka
fanandrahana,sandrahaka
fisandrahaka,sandrahaka
mahasandrahaka,sandrahaka
manandrahaka,sandrahaka
misandrahaka,sandrahaka
mpanandrahaka,sandrahaka
mpisandrahaka,sandrahaka
sandrahandrahaka,sandrahaka
tafasandrahaka,sandrahaka
anandratana,sandratra
asandratra,sandratra
fanandratana,sandratra
fanandratra,sandratra
fanasandratra,sandratra
fisandratana,sandratra
fisandratra,sandratra
isandratana,sandratra
mahasandratra,sandratra
manandratra,sandratra
manasandratra,sandratra
misandratra,sandratra
mpanandratra,sandratra
mpanasandratra,sandratra
sandratsandratra,sandratra
tafasandratra,sandratra
voasandratra,sandratra
misandratsandratra,sandratsandratra
manasandry,sandry
misandry,sandry
sandriana,sandry
fisanehaka,sanehaka
misanehaka,sanehaka
mpisanehaka,sanehaka
fisanga,sanga
fisangana,sanga
isangana,sanga
misanga,sanga
mpisanga,sanga
sangana,sanga
voasanga,sanga
fisangaingy,sangaingy
fisangengena,sangaingy
fisarigengena,sangaingy
isangengena,sangaingy
mahasangaingy,sangaingy
mantsangaingy,sangaingy
misangaingy,sangaingy
mpisangaingy,sangaingy
fahasanganehana,sanganehana
mahasanganehana,sanganehana
kisangasanga,sangasanga
anangasangana,sangasanga
asangasanga,sangasanga
fanangasanga,sangasanga
fanangasangana,sangasanga
manangasanga,sangasanga
misangasanga,sangasanga
mahasangatoke,sangatoke
mampisangatoke,sangatoke
misangatoke,sangatoke
pisangatoke,sangatoke
voasangatoke,sangatoke
anasangazonana,sangazona
asangazona,sangazona
fanasangazona,sangazona
fanasangazonana,sangazona
fisangazona,sangazona
fisangazonana,sangazona
isangazonana,sangazona
mahasangazona,sangazona
manasangazona,sangazona
misangazona,sangazona
mpanasangazona,sangazona
mpisangazona,sangazona
sangazonina,sangazona
tafasangazona,sangazona
voasangazona,sangazona
fisangelohana,sangeloka
fisangeloka,sangeloka
isangelohana,sangeloka
mahasangeloka,sangeloka
misangeloka,sangeloka
mpisangeloka,sangeloka
sangelongeloka,sangeloka
anasangerenana,sangerina
asangerina,sangerina
fanasangerenana,sangerina
fanasangerina,sangerina
fisangerenana,sangerina
fisangerina,sangerina
isangerenana,sangerina
mahasangerina,sangerina
manasangerina,sangerina
misangerina,sangerina
mpanasangerina,sangerina
mpisangerina,sangerina
sangeringerina,sangerina
tafasangerina,sangerina
misangisangy,sangisangy
anasangodinana,sangodina
asangodina,sangodina
fanasangodina,sangodina
fanasangodinana,sangodina
fisangodina,sangodina
fisangodinana,sangodina
isangodinana,sangodina
mahasangodina,sangodina
manasangodina,sangodina
misangodina,sangodina
mpanasangodina,sangodina
sangodingodina,sangodina
sangodinina,sangodina
tafasangodina,sangodina
voasangodina,sangodina
misangodingodina,sangodingodina
fisangoeja,sangoeja
fisangoejana,sangoeja
isangoejana,sangoeja
misangoeja,sangoeja
mpisangoeja,sangoeja
asangongo,sangongo
fisangongo,sangongo
fisangongoana,sangongo
isangongoana,sangongo
misangongo,sangongo
mpisangongo,sangongo
tafasangongo,sangongo
voasangongo,sangongo
misangory,sangory
mpisangory,sangory
tsatsangotra,sangotra
fisangorana,sangotra
fisangotra,sangotra
isangorana,sangotra
misangotra,sangotra
mpisangotra,sangotra
sangorina,sangotra
voasangotra,sangotra
asangy,sangy
fisangiana,sangy
fisangy,sangy
isangiana,sangy
mahasangy,sangy
mampisangy,sangy
mifampisangy,sangy
misangy,sangy
mpisangy,sangy
sangina,sangy
sangisangy,sangy
sinangy,sangy
voasangy,sangy
asanjake,sanjake
mampisanjake,sanjake
mananjake,sanjake
misanjake,sanjake
pisanjake,sanjake
voasanjake,sanjake
misanjo,sanjo
santarina,santatra
anantarana,santatra
asantatra,santatra
fanantarana,santatra
fanantatra,santatra
fisantarana,santatra
fisantatra,santatra
isantarana,santatra
mahasantatra,santatra
manantatra,santatra
misantatra,santatra
mpanantatra,santatra
mpisantatra,santatra
santarana,santatra
santatsantatra,santatra
voasantatra,santatra
anasaohana,saoka
asaoka,saoka
fanasaohana,saoka
fanasaoka,saoka
fisaoka,saoka
mahasaoka,saoka
manasaoka,saoka
misaoka,saoka
mpanasaoka,saoka
mpisaoka,saoka
saohana,saoka
voasaoka,saoka
fisaona,saona
fisaonana,saona
isaonana,saona
mahasaona,saona
misaona,saona
mpisaona,saona
fisaosao,saosao
masaosao,saosao
misaosao,saosao
mpisaosao,saosao
fisaorana,saotra
fisaotra,saotra
isaorana,saotra
mahasaotra,saotra
mampisaotra,saotra
mifampisaotra,saotra
misaotra,saotra
mpisaotra,saotra
saotsaotra,saotra
sinaotra,saotra
voasaotra,saotra
isaotsaorana,saotsaotra
misaotsaotra,saotsaotra
pisaotse,saotse
fahasaozanina,saozanina
hasaozanina,saozanina
fisapaoritra,sapaoritra
misapaoritra,sapaoritra
mpisapaoritra,sapaoritra
mifañasara,sara
misara,sara
pañasara,sara
voaasara,sara
asara,sara
fanasara,sara
fanasarana,sara
fisarana,sara
isarana,sara
mahasara,sara
manasara,sara
mpanasara,sara
sarana,sara
sinara,sara
voasara,sara
ampisarahana,saraka
ampisarahina,saraka
anasarahana,saraka
asaraka,saraka
fanasarahana,saraka
fanasaraka,saraka
fisarahana,saraka
fisaraka,saraka
isarahana,saraka
mahasaraka,saraka
mampisaraka,saraka
manasaraka,saraka
misaraka,saraka
mpanasaraka,saraka
mpisaraka,saraka
sarahina,saraka
saratsaraka,saraka
sinaraka,saraka
tafasaraka,saraka
voasaraka,saraka
fisarakakoake,sarakakoake
mampisarakakoake,sarakakoake
misarakakoake,sarakakoake
pisarakakoake,sarakakoake
asarake,sarake
mahasarake,sarake
mampisarake,sarake
misarake,sarake
pisarake,sarake
voasarake,sarake
misarandra,sarandra
mpisarandra,sarandra
asarandrana,sarandrana
mahasarandrana,sarandrana
manasarandrana,sarandrana
misarandrana,sarandrana
sarandranana,sarandrana
sarandranina,sarandrana
tafasarandrana,sarandrana
voasarandrana,sarandrana
fisarangaranga,sarangaranga
misarangaranga,sarangaranga
mpisarangaranga,sarangaranga
anasarangotana,sarangotra
asarangotra,sarangotra
fanasarangotana,sarangotra
fanasarangotra,sarangotra
fisarangotana,sarangotra
fisarangotra,sarangotra
isarangotana,sarangotra
mahasarangotra,sarangotra
manasarangotra,sarangotra
misarangotra,sarangotra
mpanasarangotra,sarangotra
mpisarangotra,sarangotra
sarangotina,sarangotra
tafasarangotra,sarangotra
voasarangotra,sarangotra
manarasara,sarasara
manasarasara,sarasara
manaratsaraka,saratsaraka
manasaratsaraka,saratsaraka
misaratsaraka,saratsaraka
voasaratsaraka,saratsaraka
anasarebahana,sarebaka
asarebaka,sarebaka
fanasarebahana,sarebaka
fanasarebaka,sarebaka
fisarebahana,sarebaka
fisarebaka,sarebaka
isarebahana,sarebaka
mahasarebaka,sarebaka
manasarebaka,sarebaka
misarebaka,sarebaka
mpanasarebaka,sarebaka
mpisarebaka,sarebaka
sarebadrebaka,sarebaka
tafasarebaka,sarebaka
voasarebaka,sarebaka
anasarerahana,sareraka
asareraka,sareraka
fanasareraka,sareraka
fisarerahana,sareraka
fisareraka,sareraka
isarerahana,sareraka
mahasareraka,sareraka
manasareraka,sareraka
misareraka,sareraka
mpanasareraka,sareraka
mpisareraka,sareraka
sareradreraka,sareraka
sarerahina,sareraka
fisariaka,sariaka
mahasariaka,sariaka
misariaka,sariaka
mpisariaka,sariaka
sariadriaka,sariaka
somariaka,sariaka
tafasariaka,sariaka
sarihina,sarika
asarika,sarika
fisarihana,sarika
fisarika,sarika
isarihana,sarika
mahasarika,sarika
misarika,sarika
mpisarika,sarika
sarihana,sarika
saritsarika,sarika
sinarika,sarika
voasarika,sarika
asarike,sarike
mahasarike,sarike
mampanarike,sarike
manarike,sarike
misarike,sarike
panarike,sarike
pisarike,sarike
voasarike,sarike
fisariko,sariko
fisarikoana,sariko
isarikoana,sariko
misariko,sariko
mpisariko,sariko
sarikoina,sariko
voasariko,sariko
asarimbo,sarimbo
mahasarimbo,sarimbo
mampisarimbo,sarimbo
misarimbo,sarimbo
pisarimbo,sarimbo
voasarimbo,sarimbo
mampisarinto,sarinto
misarinto,sarinto
pisarinto,sarinto
misarintona,sarintona
misariraka,sariraka
anasarirahana,sariraka
asariraka,sariraka
fanasarirahana,sariraka
fanasariraka,sariraka
mahasariraka,sariraka
manasariraka,sariraka
mpanasariraka,sariraka
sariradriraka,sariraka
sarirahina,sariraka
tafasariraka,sariraka
voasariraka,sariraka
misariry,sariry
somarisary,sarisary
ifanaritahana,saritaka
somaritaka,saritaka
anasaritahana,saritaka
asaritaka,saritaka
fanasaritahana,saritaka
fanasaritaka,saritaka
fisaritahana,saritaka
fisaritaka,saritaka
isaritahana,saritaka
mahasaritaka,saritaka
manasaritaka,saritaka
mifanaritaka,saritaka
misaritaka,saritaka
mpanasaritaka,saritaka
mpisaritaka,saritaka
saritadritaka,saritaka
saritahina,saritaka
savoritaka,saritaka
tafasaritaka,saritaka
voasaritaka,saritaka
fisarivy,sarivy
mahasarivy,sarivy
misarivy,sarivy
mpisarivy,sarivy
mahasaro,saro
misaro,saro
pisaro,saro
sinaro,saro
voasaro,saro
misarombaka,sarombaka
sarombahina,sarombaka
mahasarombake,sarombake
mampanarombake,sarombake
mifanarombake,sarombake
panarombake,sarombake
pifanarombake,sarombake
pisarombake,sarombake
voasarombake,sarombake
anaronana,sarona
asarona,sarona
fanarona,sarona
fanaronana,sarona
fisarona,sarona
fisaronana,sarona
isaronana,sarona
mahasarona,sarona
manarona,sarona
misarona,sarona
mpanarona,sarona
mpisarona,sarona
saronana,sarona
sarontsarona,sarona
voasarona,sarona
fisarongatana,sarongatra
fisarongatra,sarongatra
isarongatana,sarongatra
mahasarongatra,sarongatra
misarongatra,sarongatra
mpisarongatra,sarongatra
tafasarongatra,sarongatra
manarontsarona,sarontsarona
asaroro,saroro
fisaroro,saroro
fisaroroana,saroro
isaroroana,saroro
mahasaroro,saroro
misaroro,saroro
mpisaroro,saroro
saroroina,saroro
sarorororo,saroro
voasaroro,saroro
misarory,sarory
sarotiny,sarotra
anasarotana,sarotra
ankasarotana,sarotra
ankasarotina,sarotra
fahasarotana,sarotra
fahasarotra,sarotra
fanasarotana,sarotra
fanasarotra,sarotra
hasarotana,sarotra
hasarotina,sarotra
hasarotra,sarotra
mahasarotra,sarotra
mampihasarotra,sarotra
manasarotra,sarotra
mankasarotra,sarotra
mihasarotra,sarotra
mpampihasarotra,sarotra
mpanasarotra,sarotra
sarotsarotra,sarotra
asarotro,sarotro
fisarotro,sarotro
fisarotroana,sarotro
isarotroana,sarotro
mahasarotro,sarotro
misarotro,sarotro
mpisarotro,sarotro
voasarotro,sarotro
fahasarotsarotana,sarotsarotra
asarotse,sarotse
mahasarotse,sarotse
mañasarotse,sarotse
mihasarotse,sarotse
pañasarotse,sarotse
misary,sary
somary,sary
fisariana,sary
fisary,sary
isariana,sary
mahasary,sary
mpisary,sary
sarina,sary
sarisary,sary
ampanasa,sasa
ampisasa,sasa
asasa,sasa
fampanasa,sasa
fampisasa,sasa
fisasa,sasa
fisasana,sasa
isasana,sasa
mahasasa,sasa
mampanasa,sasa
mampisasa,sasa
misasa,sasa
mpanasa,sasa
mpisasa,sasa
panasa,sasa
pisasa,sasa
sasana,sasa
sasasasa,sasa
sinasa,sasa
voasasa,sasa
sasany,sasaka
anasahana,sasaka
antsasaka,sasaka
fanasahana,sasaka
fanasaka,sasaka
fisasahana,sasaka
fisasaka,sasaka
isasahana,sasaka
mahasasaka,sasaka
manasaka,sasaka
mifanasaka,sasaka
misasaka,sasaka
mpanasaka,sasaka
mpisasaka,sasaka
sasahina,sasaka
sasatsasaka,sasaka
sinasaka,sasaka
voasasaka,sasaka
mampanasake,sasake
mampisasake,sasake
manasake,sasake
mifanasake,sasake
misasake,sasake
panasake,sasake
pisasake,sasake
voasasake,sasake
fisasasasa,sasasasa
misasasasa,sasasasa
anasarana,sasatra
fahasasarana,sasatra
fanasatra,sasatra
fisasarana,sasatra
fisasatra,sasatra
hasasarana,sasatra
isasarana,sasatra
mahasasatra,sasatra
manasatra,sasatra
misasatra,sasatra
mpanasatra,sasatra
mpisasatra,sasatra
sasarina,sasatra
sasatsasatra,sasatra
sinasatra,sasatra
voasasatra,sasatra
manasatsasaka,sasatsasaka
asaso,saso
fisaso,saso
fisasoana,saso
isasoana,saso
mahasaso,saso
misaso,saso
mpisaso,saso
sasoina,saso
sasosaso,saso
sinaso,saso
voasaso,saso
misasosaso,sasosaso
asasy,sasy
fisasiana,sasy
fisasy,sasy
isasiana,sasy
misasy,sasy
mpisasy,sasy
sasina,sasy
sinasy,sasy
voasasy,sasy
misata,sata
satasata,sata
fisatasata,satasata
fisatasatana,satasata
isatasatana,satasata
mahasatasata,satasata
misatasata,satasata
mpisatasata,satasata
tafasatasata,satasata
fanatranana,satrana
anatrahana,satrana
fanatrana,satrana
fisatrana,satrana
fisatranana,satrana
isatranana,satrana
mahasatrana,satrana
manatrana,satrana
misatrana,satrana
mpanatrana,satrana
mpisatrana,satrana
satranana,satrana
satranina,satrana
satrantsatrana,satrana
voasatrana,satrana
fisatrasatra,satrasatra
fisatrasatrana,satrasatra
isatrasatrana,satrasatra
misatrasatra,satrasatra
mpisatrasatra,satrasatra
misatrisatry,satrisatry
anasatrohana,satroka
isatrohana,satroka
asatroka,satroka
fanasatrohana,satroka
fanasatroka,satroka
fanatrohana,satroka
fanatroka,satroka
fisatrohana,satroka
fisatroka,satroka
manasatroka,satroka
manatroka,satroka
misatroka,satroka
satrohana,satroka
sinatroka,satroka
anatronana,satrona
fanatrona,satrona
sinatrona,satrona
voasatrona,satrona
asatrona,satrona
manatrona,satrona
satronana,satrona
fisatrotrohana,satrotroka
fisatrotroka,satrotroka
isatrotrohana,satrotroka
misatrotroka,satrotroka
mpisatrotroka,satrotroka
satrotrotrotroka,satrotroka
fisatriana,satry
fisatry,satry
isatriana,satry
mahasatry,satry
misatry,satry
mpisatry,satry
satrina,satry
satrisatry,satry
asatsoke,satsoke
mampisatsoke,satsoke
mañasatsoke,satsoke
misatsoke,satsoke
pisatsoke,satsoke
voasatsoke,satsoke
ampisava,sava
fampisava,sava
manasasava,sava
pisava,sava
asava,sava
fisava,sava
fisavàna,sava
isavana,sava
mahasava,sava
mampisava,sava
misava,sava
mpisava,sava
savana,sava
savasava,sava
sinava,sava
voasava,sava
hasavarinana,savary
manavasava,savasava
fisavasava,savasava
fisavasavana,savasava
isavasavana,savasava
misavasava,savasava
savasavaina,savasava
savasavana,savasava
voasavasava,savasava
anavembenana,savembena
asavembena,savembena
fanasavembena,savembena
fanasavembenana,savembena
fanavembena,savembena
fanavembenana,savembena
fisavembena,savembena
fisavembenana,savembena
isavembenana,savembena
mahasavembena,savembena
manasavembena,savembena
manavembena,savembena
misavembena,savembena
mpanasavembenana,savembena
mpanavembena,savembena
mpisavembena,savembena
tafasavembena,savembena
anasavenavenana,savenavena
asavenavena,savenavena
fanasavenavena,savenavena
fanasavenavenana,savenavena
fisavenavena,savenavena
fisavenavenana,savenavena
isavenavenana,savenavena
mahasavenavena,savenavena
manasavenavena,savenavena
misavenavena,savenavena
mpanasavenavena,savenavena
mpisavenavena,savenavena
savenavenaina,savenavena
tafasavenavena,savenavena
voasavenavena,savenavena
anasaveraverana,saveravera
asaveravera,saveravera
fanasaveravera,saveravera
fanasaveraverana,saveravera
fanaveravera,saveravera
fisaveravera,saveravera
fisaveraverana,saveravera
isaveraverana,saveravera
mahasaveravera,saveravera
manasaveravera,saveravera
misaveravera,saveravera
mpanasaveravera,saveravera
mpanaveravera,saveravera
mpisaveravera,saveravera
saveraveraina,saveravera
hasevereña,savery
anasavihana,savika
asavika,savika
fanasavihana,savika
fanasavika,savika
fisavihana,savika
fisavika,savika
isavihana,savika
mahasavika,savika
mampisavika,savika
manasavika,savika
manavika,savika
mifampisavika,savika
misavika,savika
mpanasavika,savika
mpisavika,savika
savihina,savika
savitsavika,savika
tafasavika,savika
voasavika,savika
mampisavilivily,savilivily
manasavilivily,savilivily
misavilivily,savilivily
fanasaviliviliana,savilivily
fisaviliviliana,savilivily
anasaviliviliana,savily
antsavily,savily
anasaviliana,savily
asavily,savily
fanasaviliana,savily
fanasavily,savily
fisaviliana,savily
fisavily,savily
isaviliana,savily
mahasavily,savily
manasavily,savily
misavily,savily
mpanasavily,savily
mpisavily,savily
tafasavily,savily
voasavily,savily
ampisavo,savo
asavo,savo
mahasavo,savo
mampanavo,savo
mampisavo,savo
mifanasavo,savo
misavo,savo
panasavo,savo
pisavo,savo
voasavo,savo
misavoamboana,savoamboana
fisavoamboana,savoamboana
fisavoamboanana,savoamboana
anasavoanana,savoana
asavoana,savoana
fanasavoana,savoana
fanasavoanana,savoana
fisavoana,savoana
fisavoanana,savoana
isavoanana,savoana
mahasavoana,savoana
manasavoana,savoana
misavoana,savoana
mpanasavoana,savoana
mpisavoana,savoana
savoamboana,savoana
savoanana,savoana
tafasavoana,savoana
voasavoana,savoana
anasavahana,savoka
anasavohana,savoka
asavoka,savoka
fanasavohana,savoka
fanasavoka,savoka
mahasavoka,savoka
manasavoka,savoka
mpanasavoka,savoka
savohana,savoka
savotsavoka,savoka
sinavoka,savoka
voasavoka,savoka
savolaina,savola
anasavoretahana,savoretaka
asavoretaka,savoretaka
fanasavoretahana,savoretaka
fanasavoretaka,savoretaka
fisavoretahana,savoretaka
fisavoretaka,savoretaka
isavoretahana,savoretaka
manasavoretaka,savoretaka
misavoretaka,savoretaka
mpanasavoretaka,savoretaka
mpisavoretaka,savoretaka
savoretahina,savoretaka
tafasavoretaka,savoretaka
voasavoretaka,savoretaka
anasavoritahana,savoritaka
asavoritaka,savoritaka
fanasavoritahana,savoritaka
fanasavoritaka,savoritaka
fisavoritahana,savoritaka
fisavoritaka,savoritaka
isavoritahana,savoritaka
mahasavoritaka,savoritaka
manasavoritaka,savoritaka
misavoritaka,savoritaka
mpanasavoritaka,savoritaka
mpisavoritaka,savoritaka
savoritadritaka,savoritaka
savoritahina,savoritaka
tafasavoritaka,savoritaka
voasavoritaka,savoritaka
anasavorovoroana,savorovoro
asavorovoro,savorovoro
fanasavorovoro,savorovoro
fanasavorovoroana,savorovoro
fisavorovoro,savorovoro
fisavorovoroana,savorovoro
isavorovoroana,savorovoro
mahasavorovoro,savorovoro
mampisavorovoro,savorovoro
manasavorovoro,savorovoro
misavorovoro,savorovoro
mpanasavorovoro,savorovoro
mpisavorovoro,savorovoro
savorovoroina,savorovoro
tafasavorovoro,savorovoro
voasavorovoro,savorovoro
anasavovohana,savovoka
antsavovoka,savovoka
asavovoka,savovoka
fanasavovohana,savovoka
fanasavovoka,savovoka
fisavovohana,savovoka
fisavovoka,savovoka
isavovohana,savovoka
mahasavovoka,savovoka
manasavovoka,savovoka
miantsavovoka,savovoka
misavovoka,savovoka
mpanasavovoka,savovoka
mpisavovoka,savovoka
tafasavovoka,savovoka
voasavovoka,savovoka
anasavovonana,savovona
antsavovona,savovona
asavovona,savovona
fanasavovona,savovona
fanasavovonana,savovona
fanavovona,savovona
fisavovona,savovona
fisavovonana,savovona
isavovonana,savovona
mahasavovona,savovona
manasavovona,savovona
miantsavovona,savovona
misavovona,savovona
mpanasavovona,savovona
mpanavovona,savovona
mpisavovona,savovona
tafasavovona,savovona
voasavovona,savovona
misay,say
somazoka,sazoka
asazoka,sazoka
fisazohana,sazoka
fisazoka,sazoka
isazohana,sazoka
mahasazoka,sazoka
misazoka,sazoka
mpisazoka,sazoka
sazohina,sazoka
sazotsazoka,sazoka
sinazoka,sazoka
voasazoka,sazoka
manazy,sazy
pisazy,sazy
anasaziana,sazy
asazy,sazy
fanasaziana,sazy
fanasazy,sazy
fisaziana,sazy
fisazy,sazy
isaziana,sazy
mahasazy,sazy
manasazy,sazy
misazy,sazy
mpanasazy,sazy
mpisazy,sazy
sazena,sazy
sazina,sazy
sazisazy,sazy
sinazy,sazy
voasazy,sazy
hasañaña,sañaña
mampisañaña,sañaña
mañasañaña,sañaña
mihasañaña,sañaña
hasañoña,sañoña
anebisebena,sebiseby
asebiseby,sebiseby
fanebisebena,sebiseby
fanebiseby,sebiseby
fisebisebena,sebiseby
fisebiseby,sebiseby
isebisebena,sebiseby
mahasebiseby,sebiseby
manebiseby,sebiseby
misebiseby,sebiseby
mpanebiseby,sebiseby
mpisebiseby,sebiseby
sebisebena,sebiseby
sinebiseby,sebiseby
somebiseby,sebiseby
tafasebiseby,sebiseby
voasebiseby,sebiseby
seditsedika,sedika
somedika,sedika
asedisedy,sedisedy
fisedisedena,sedisedy
fisedisedy,sedisedy
isedisedena,sedisedy
mahasedisedy,sedisedy
misedisedy,sedisedy
mpisedisedy,sedisedy
tafasedisedy,sedisedy
someditsedika,seditsedika
anasedrana,sedra
manasedra,sedra
asedra,sedra
fisedra,sedra
fisedràna,sedra
isedrana,sedra
mahasedra,sedra
misedra,sedra
mpisedra,sedra
sedraina,sedra
voasedra,sedra
sedisedy,sedy
anasefahana,sefaka
asefaka,sefaka
fanasefahana,sefaka
fanasefaka,sefaka
fisefahana,sefaka
fisefaka,sefaka
isefahana,sefaka
mahasefaka,sefaka
manasefaka,sefaka
misefaka,sefaka
mpanasefaka,sefaka
mpisefaka,sefaka
sefahana,sefaka
sefatsefaka,sefaka
tafasefaka,sefaka
voasefaka,sefaka
antsefatsefany,sefatsefaka
fisefo,sefo
sefoina,sefo
sefosefo,sefo
fisefosefo,sefosefo
fisefosefoana,sefosefo
isefosefoana,sefosefo
misefosefo,sefosefo
mpisefosefo,sefosefo
mahaseha,seha
mihaseha,seha
fisehafana,sehaka
fisehaka,sehaka
isehafana,sehaka
mahasehaka,sehaka
misehaka,sehaka
mpisehaka,sehaka
sehatsehaka,sehaka
isehasehavana,sehaseha
asehaseha,sehaseha
fisehaseha,sehaseha
fisehasehana,sehaseha
fisehasehavana,sehaseha
isehasehana,sehaseha
mahasehaseha,sehaseha
misehaseha,sehaseha
mpisehaseha,sehaseha
tafasehaseha,sehaseha
mifanehatra,sehatra
asehatra,sehatra
fanehatra,sehatra
fisehatra,sehatra
mahasehatra,sehatra
manehatra,sehatra
misehatra,sehatra
mpanehatra,sehatra
mpisehatra,sehatra
tafasehatra,sehatra
voasehatra,sehatra
ampisehoana,seho
anehoana,seho
aseho,seho
fampiseho,seho
fampisehoana,seho
faneho,seho
fanehoana,seho
fifampisehoana,seho
fiseho,seho
fisehoana,seho
isehoana,seho
mahaseho,seho
mampiseho,seho
maneho,seho
miseho,seho
mpaneho,seho
mpiseho,seho
piseho,seho
sehoseho,seho
tafaseho,seho
voaseho,seho
fisehoka,sehoka
somehoka,sehoka
misehoseho,sehoseho
asehoseho,sehoseho
fisehosehoana,sehoseho
fisehotra,sehotra
misehotra,sehotra
anaselahana,selaka
aselaka,selaka
fanaselahana,selaka
fanaselaka,selaka
fiselahana,selaka
fiselaka,selaka
iselahana,selaka
mahaselaka,selaka
manaselaka,selaka
miselaka,selaka
mpanaselaka,selaka
mpiselaka,selaka
selahina,selaka
selatselaka,selaka
sinelaka,selaka
tafaselaka,selaka
voaselaka,selaka
anaselarana,selatra
aselatra,selatra
fanaselarana,selatra
fanaselatra,selatra
fiselarana,selatra
fiselatra,selatra
iselarana,selatra
mahaselatra,selatra
manaselatra,selatra
miselatra,selatra
mpanaselatra,selatra
mpiselatra,selatra
selarana,selatra
selatselatra,selatra
tafaselatra,selatra
manelatselaka,selatselaka
selatselahina,selatselaka
fanaselintselina,selintselina
fanelintselina,selintselina
manaselintselina,selintselina
manelintselina,selintselina
mpanaselintselina,selintselina
mpanelintselina,selintselina
fanelisely,selisely
aselisely,selisely
fanaselisely,selisely
fiseliselena,selisely
fiselisely,selisely
iseliselena,selisely
mahaselisely,selisely
manaselisely,selisely
manelisely,selisely
miselisely,selisely
mpanelisely,selisely
mpiselisely,selisely
seliselena,selisely
sinelisely,selisely
tafaselisely,selisely
voaselisely,selisely
mielotselo,selo
anelontselonana,selontselona
aselontselona,selontselona
fanaselontselona,selontselona
fanelontselona,selontselona
fanelontselonana,selontselona
fiselontselona,selontselona
fiselontselonana,selontselona
iselontselonana,selontselona
mahaselontselona,selontselona
manaselontselona,selontselona
manelontselona,selontselona
miselontselona,selontselona
mpanaselontselona,selontselona
mpanelontselona,selontselona
mpiselontselona,selontselona
sinelontselona,selontselona
tafaselontselona,selontselona
voaselontselona,selontselona
aneloseloana,seloselo
aseloselo,seloselo
faneloselo,seloselo
faneloseloana,seloselo
fiseloselo,seloselo
fiseloseloana,seloselo
iseloseloana,seloselo
manaseloselo,seloselo
maneloselo,seloselo
miseloselo,seloselo
mpiseloselo,seloselo
seloseloina,seloselo
fiselotselorana,selotselotra
fiselotselotra,selotselotra
iselotselorana,selotselotra
mahaselotselotra,selotselotra
miselotselotra,selotselotra
mpiselotselotra,selotselotra
asembana,sembana
fisembana,sembana
fisembanana,sembana
isembanana,sembana
manembana,sembana
misembana,sembana
mpisembana,sembana
sembanina,sembana
sembantsembana,sembana
voasembana,sembana
mifanembantsembana,sembantsembana
anembantsembanana,sembantsembana
fanembantsembana,sembantsembana
fanembantsembanana,sembantsembana
mahasembantsembana,sembantsembana
manembantsembana,sembantsembana
mpanembantsembana,sembantsembana
voasembantsembana,sembantsembana
misembo,sembo
anasemporana,sempotra
anemporana,sempotra
asempotra,sempotra
fahasemporana,sempotra
fanemporana,sempotra
fanempotra,sempotra
fisemporana,sempotra
fisempotra,sempotra
hasemporana,sempotra
isemporana,sempotra
mahasempotra,sempotra
manempotra,sempotra
misempotra,sempotra
mpanempotra,sempotra
mpisempotra,sempotra
semporina,sempotra
sempotsempotra,sempotra
sinempotra,sempotra
voasempotra,sempotra
mahasempotse,sempotse
manempotse,sempotse
mihasempotse,sempotse
panempotse,sempotse
manempontsempotra,sempotsempotra
manempotsempotra,sempotsempotra
anasendahana,sendaka
asendaka,sendaka
fanasendahana,sendaka
fanasendaka,sendaka
fisendahana,sendaka
fisendaka,sendaka
isendahana,sendaka
mahasendaka,sendaka
manasendaka,sendaka
misendaka,sendaka
mpanasendaka,sendaka
mpisendaka,sendaka
sendahana,sendaka
sendatsendaka,sendaka
sinendaka,sendaka
tafasendaka,sendaka
voasendaka,sendaka
asendaotra,sendaotra
mahasendaotra,sendaotra
misendoatra,sendoatra
fisendrasendra,sendra
fisendrasendrana,sendra
isendrasendrana,sendra
mpanendrasendra,sendra
mpisendrasendra,sendra
sendrasendra,sendra
anendrasendrana,sendrasendra
asendrasendra,sendrasendra
fanendrasendra,sendrasendra
fanendrasendrana,sendrasendra
kisendrasendra,sendrasendra
mahasendrasendra,sendrasendra
manendrasendra,sendrasendra
misendrasendra,sendrasendra
sendrasendraina,sendrasendra
sinendrasendra,sendrasendra
voasendrasendra,sendrasendra
ampisenge,senge
asenge,senge
mampisenge,senge
misenge,senge
pisenge,senge
asenoka,senoka
voasenoka,senoka
fisenotsenohana,senotsenoka
fisenotsenoka,senotsenoka
isenotsenohana,senotsenoka
mahasenotsenoka,senotsenoka
misenotsenoka,senotsenoka
mpisenotsenoka,senotsenoka
misentaña,sentaña
fisento,sento
fisentoana,sento
isentoana,sento
mahasento,sento
misento,sento
mpisento,sento
sentoina,sento
sentosento,sento
voasento,sento
mahasentse,sentse
mampanentse,sentse
manentse,sentse
mihasentse,sentse
misentse,sentse
panentse,sentse
pisentse,sentse
voasentse,sentse
mahasepa,sepa
mampisera,sera
misera,sera
pisera,sera
anaseranana,serana
aserana,serana
fanaserana,serana
fanaseranana,serana
faneranana,serana
fiserana,serana
fiseranana,serana
iseranana,serana
mahaserana,serana
manaserana,serana
miserana,serana
mpanaserana,serana
mpanerana,serana
mpiserana,serana
seranana,serana
seranina,serana
serantserana,serana
sinerana,serana
tafaserana,serana
voaserana,serana
fiserantseranana,serantserana
fanaserasarana,serasera
ifaneraserana,serasera
aserasera,serasera
fifaneraserana,serasera
manerasera,serasera
mifanerasera,serasera
seraseranina,serasera
ampanere,sere
ampisere,sere
asere,sere
mahasere,sere
mampanere,sere
mifanere,sere
mihasere,sere
misere,sere
panere,sere
pifanere,sere
pisere,sere
voasere,sere
seriseriny,seriny
manerisery,serisery
seriserena,serisery
mahaseretse,seritse
mampiseretse,seritse
mihaseretse,seritse
voaseritse,seritse
serena,sery
serisery,sery
ampanese,sese
asese,sese
mahasese,sese
mampanese,sese
panese,sese
voasese,sese
hasesehena,sesehena
fanesika,sesika
mifanesika,sesika
anesehana,sesika
asesika,sesika
bosesika,sesika
fanesehana,sesika
fisesehana,sesika
fisesika,sesika
isesehana,sesika
mahasesika,sesika
manesika,sesika
misesika,sesika
mpanesika,sesika
mpisesika,sesika
sesefana,sesika
sesehana,sesika
sesitsesika,sesika
sinesika,sesika
tafasesika,sesika
voasesika,sesika
vosesika,sesika
masesika,sesika
sesehena,sesika
manesitany,sesitany
voasesitany,sesitany
fiseserana,sesitra
misesitra,sesitra
mpisesitra,sesitra
anesena,sesy
asesy,sesy
fanesena,sesy
fanesy,sesy
fifanesena,sesy
fisesena,sesy
fisesisesena,sesy
fisesisesy,sesy
fisesy,sesy
isesena,sesy
isesisesena,sesy
mahasesy,sesy
manesy,sesy
masesy,sesy
mifanesy,sesy
misesisesy,sesy
misesy,sesy
mpanesy,sesy
mpisesisesy,sesy
mpisesy,sesy
panesy,sesy
pisesy,sesy
sesisesy,sesy
tafasesy,sesy
voasesy,sesy
isetasetana,setaseta
asetaseta,setaseta
fisetaseta,setaseta
fisetasetana,setaseta
mahasetaseta,setaseta
misetaseta,setaseta
mpisetaseta,setaseta
tafasetaseta,setaseta
anetrana,setra
asetra,setra
fanetra,setra
fanetrana,setra
mahasetra,setra
manetra,setra
misetra,setra
mpanetra,setra
setraina,setra
setrasetra,setra
sinetra,setra
tafasetra,setra
voasetra,setra
fisetrasetrana,setrasetra
isetrasetrana,setrasetra
misetrasetra,setrasetra
sometroka,setroka
anetrohana,setroka
asetroka,setroka
fanetrohana,setroka
fanetroka,setroka
mahasetroka,setroka
manetroka,setroka
mpanetroka,setroka
setrohana,setroka
setrohina,setroka
setrotsetroka,setroka
sinetroka,setroka
voasetroka,setroka
asetry,setry
fisetrena,setry
fisetry,setry
isetrena,setry
misetry,setry
mpanetry,setry
mpisetry,setry
setrena,setry
sinetry,setry
voasetry,setry
fisetsa,setsa
mahasetsa,setsa
misetsa,setsa
mahasetsoke,setsoke
manetsoke,setsoke
fisevosevo,sevosevo
fisevosevoana,sevosevo
isevosevoana,sevosevo
mahasevosevo,sevosevo
misevosevo,sevosevo
misevotsevoka,sevosevo
mpisevosevo,sevosevo
sevohina,sevosevo
sevosevoina,sevosevo
sinevosevo,sevosevo
tafasevosevo,sevosevo
voasevosevo,sevosevo
fisevotsevohana,sevotsevoka
fisevotsevoka,sevotsevoka
isevotsevohana,sevotsevoka
mahasevotsevoka,sevotsevoka
mpisevotsevoka,sevotsevoka
sevotsevohina,sevotsevoka
aniasiana,sia
mania,sia
mpania,sia
siasia,sia
mahasiaka,siaka
maniaka,siaka
mifampisiaka,siaka
ankasiahana,siaka
ankasiahina,siaka
fahasiahana,siaka
fahasiaka,siaka
fankasiahana,siaka
fankasiaka,siaka
hasiahana,siaka
hasiaka,siaka
mampasiaka,siaka
mankasiaka,siaka
masiaka,siaka
masiatsiaka,siaka
mpankasiaka,siaka
asiaka,siaka
fisiahana,siaka
fisiaka,siaka
isiahana,siaka
misiaka,siaka
mpisiaka,siaka
siahina,siaka
siatsiaka,siaka
siniaka,siaka
tafasiaka,siaka
voasiaka,siaka
hasiake,siake
mampasiake,siake
masiake,siake
mihamasiake,siake
pasiake,siake
fisiantsiana,siantsiana
fisiantsianana,siantsiana
mahasiantsiana,siantsiana
misiantsiana,siantsiana
mpisiantsiana,siantsiana
aniasiavana,siasia
faniasia,siasia
faniasiavana,siasia
mahasiasia,siasia
maniasia,siasia
misiasia,siasia
mpaniasia,siasia
tafasiasia,siasia
asidina,sidina
fisidina,sidina
fisidinana,sidina
isidinana,sidina
mahasidina,sidina
misidina,sidina
mpisidina,sidina
sidinina,sidina
sidintsidina,sidina
tafasidina,sidina
voasidina,sidina
anasidiondionana,sidiondiona
asidiondiona,sidiondiona
fanasidiondiona,sidiondiona
fanasidiondionana,sidiondiona
fisidiondiona,sidiondiona
fisidiondionana,sidiondiona
isidiondionana,sidiondiona
mahasidiondiona,sidiondiona
manasidiondiona,sidiondiona
misidiondiona,sidiondiona
mpanasidiondiona,sidiondiona
mpisidiondiona,sidiondiona
tafasidiondiona,sidiondiona
asifitse,sifitse
mahasifitse,sifitse
mampisifitse,sifitse
misifitse,sifitse
pisifitse,sifitse
voasifitse,sifitse
fisifotra,sifotra
fisiforana,sifotra
isiforana,sifotra
mahasifotra,sifotra
misifotra,sifotra
mpisifotra,sifotra
siforina,sifotra
sifotsifotra,sifotra
voasifotra,sifotra
manihitra,sihitra
fisika,sika
misika,sika
asike,sike
mahasike,sike
sikine,sike
isikidiavana,sikidy
fisikidianana,sikidy
isikidianana,sikidy
mahasikidy,sikidy
misikidy,sikidy
mpisikidy,sikidy
mampisikily,sikily
misikily,sikily
mpisikily,sikily
pisikily,sikily
voasikily,sikily
sikinina,sikina
anasikinana,sikina
anikinana,sikina
asikina,sikina
fanasikina,sikina
fanasikinana,sikina
fanikina,sikina
fanikinana,sikina
fisikina,sikina
fisikinana,sikina
isikinana,sikina
mahasikina,sikina
manasikina,sikina
manikina,sikina
misikina,sikina
mpanasikina,sikina
mpanikina,sikina
mpisikina,sikina
sikinana,sikina
sikintsikina,sikina
tafasikina,sikina
voasikina,sikina
misiky,siky
fisikiana,siky
fisiky,siky
isikiana,siky
mpisiky,siky
silahana,silaka
anilahana,silaka
asilaka,silaka
fanasilaka,silaka
fanilahana,silaka
fanilaka,silaka
fisilahana,silaka
fisilaka,silaka
isilahana,silaka
mahasilaka,silaka
manasilaka,silaka
manilaka,silaka
misilaka,silaka
mpanasilaka,silaka
mpanilaka,silaka
mpisilaka,silaka
silahina,silaka
silatsilaka,silaka
sinilaka,silaka
tafasilaka,silaka
voasilaka,silaka
mahasilake,silake
mampanilake,silake
manilake,silake
panilake,silake
voasilake,silake
fisilantsilana,silantsilana
fisilantsilanana,silantsilana
isilantsilanana,silantsilana
mahasilantsilana,silantsilana
misilantsilana,silantsilana
mpisilantsilana,silantsilana
fanilarana,silatra
fanilatra,silatra
manilatra,silatra
anasilarana,silatra
asilatra,silatra
fanasilarana,silatra
fanasilatra,silatra
fisilarana,silatra
fisilatra,silatra
isilarana,silatra
mahasilatra,silatra
manasilatra,silatra
misilatra,silatra
mpanasilatra,silatra
mpisilatra,silatra
silarana,silatra
silatsilatra,silatra
sinilatra,silatra
tafasilatra,silatra
voasilatra,silatra
fisilatsilahana,silatsilaka
anilisiliana,silisily
fanilisiliana,silisily
fanilisily,silisily
fisilisiliana,silisily
fisilisily,silisily
manilisily,silisily
misilisily,silisily
mahasiloke,siloke
mihasiloke,siloke
isilisiliana,sily
mahasilisily,sily
mpanilisily,sily
mpisilisily,sily
silina,sily
silisily,sily
sinily,sily
voasily,sily
animana,sima
fanima,sima
fanimana,sima
mahasima,sima
manima,sima
mpanima,sima
simaina,sima
voasima,sima
sinimaka,simaka
animahana,simaka
asimaka,simaka
fanimahana,simaka
fanimaka,simaka
fisimahana,simaka
fisimaka,simaka
isimahana,simaka
mahasimaka,simaka
manasimaka,simaka
manimaka,simaka
misimaka,simaka
mpanimaka,simaka
mpisimaka,simaka
simahana,simaka
simahina,simaka
simatsimaka,simaka
tafasimaka,simaka
voasimaka,simaka
animbana,simba
asimba,simba
fahasimbana,simba
fampanimba,simba
fanimba,simba
fanimbana,simba
fifanimba,simba
fisimba,simba
fisimbana,simba
hasimba,simba
isimbana,simba
mahasimba,simba
mampanimba,simba
manimba,simba
mifanimba,simba
mihasimba,simba
misimba,simba
mpanimba,simba
mpisimba,simba
panimba,simba
pifanimba,simba
simbana,simba
simbasimba,simba
sinimba,simba
voasimba,simba
mampisimosimo,simosimo
misimosimo,simosimo
pisimosimo,simosimo
asina,sina
mahasina,sina
ampaninda,sinda
fampaninda,sinda
mampisinda,sinda
misinda,sinda
paninda,sinda
pisinda,sinda
sominda,sinda
anindana,sinda
asinda,sinda
faninda,sinda
fanindana,sinda
fisinda,sinda
fisindana,sinda
isindana,sinda
mahasinda,sinda
maninda,sinda
mpaninda,sinda
mpisinda,sinda
sindasinda,sinda
voasinda,sinda
asindaka,sindaka
fisindahana,sindaka
fisindaka,sindaka
isindahana,sindaka
misindaka,sindaka
mpisindaka,sindaka
sindahana,sindaka
tafasindaka,sindaka
sindrohy,sindroky
maninga,singa
mifaninga,singa
kasinga,singa
misinga,singa
anasinganana,singana
aninganana,singana
asingana,singana
fanasingana,singana
fanasinganana,singana
faningana,singana
faninganana,singana
fisingana,singana
fisinganana,singana
isinganana,singana
mahasingana,singana
manasingana,singana
maningana,singana
misingana,singana
mpanasingana,singana
mpaningana,singana
mpisingana,singana
singanina,singana
singantsingana,singana
siningana,singana
voasingana,singana
anasingorana,singotra
aningorana,singotra
asingotra,singotra
faningotra,singotra
fifaningorana,singotra
fisingorana,singotra
fisingotra,singotra
isingorana,singotra
mahasingotra,singotra
maningotra,singotra
misingotra,singotra
mpaningotra,singotra
mpisingotra,singotra
singorana,singotra
siningotra,singotra
tafasingotra,singotra
voasingotra,singotra
mampisinisiny,sinisiny
misinisiny,sinisiny
pisinisiny,sinisiny
voasinisiny,sinisiny
asinjake,sinjake
mahasinjake,sinjake
mampisinjake,sinjake
maninjake,sinjake
mifaninjake,sinjake
misinjake,sinjake
paninjake,sinjake
pifaninjake,sinjake
pisinjake,sinjake
voasinjake,sinjake
asinjike,sinjike
mampisinjike,sinjike
misinjike,sinjike
pisinjike,sinjike
faninta,sinta
maninta,sinta
mpaninta,sinta
sintaina,sinta
sintasinta,sinta
anintahana,sintaka
asintaka,sintaka
fanintahana,sintaka
fanintaka,sintaka
fisintahana,sintaka
fisintaka,sintaka
isintahana,sintaka
mahasintaka,sintaka
manintaka,sintaka
misintaka,sintaka
mpanintaka,sintaka
sintatsintaka,sintaka
manintasinta,sintasinta
asinto,sinto
mifaninto,sinto
misinto,sinto
paninto,sinto
pifaninto,sinto
voasinto,sinto
anintonana,sintona
asintona,sintona
fanintona,sintona
fanintonana,sintona
fifanintonana,sintona
fisintona,sintona
fisintonana,sintona
isintonana,sintona
mahasintona,sintona
manintona,sintona
mifanintona,sintona
misintona,sintona
mpanintona,sintona
mpisintona,sintona
sinintona,sintona
sintonina,sintona
sintontsintona,sintona
tafasintona,sintona
voasintona,sintona
fanintontsintona,sintontsintona
fanintontsintonana,sintontsintona
sintontsintonina,sintontsintona
mahasintsike,sintsike
mampisintsike,sintsike
misintsike,sintsike
pisintsike,sintsike
voasintsike,sintsike
fisiohana,sioka
fisioka,sioka
isiohana,sioka
mampisioka,sioka
manioka,sioka
mifampisioka,sioka
misioka,sioka
mpisioka,sioka
siohina,sioka
siotsioka,sioka
voasioka,sioka
asiontsiona,siontsiona
fisiontsiona,siontsiona
fisiontsionana,siontsiona
isiontsionana,siontsiona
misiontsiona,siontsiona
mpisiontsiona,siontsiona
tafasiontsiona,siontsiona
maniosio,siosio
voasiotsioka,siotsioka
panira,sira
manasira,sira
masira,sira
siraina,sira
sirasira,sira
voasira,sira
masirasira,sirasira
mahasirika,sirika
asirisiry,sirisiry
mahasirisiry,sirisiry
mahasiry,sirisiry
mampanirisiry,sirisiry
manirisiry,sirisiry
mifanirisiry,sirisiry
panirisiry,sirisiry
pifanirisiry,sirisiry
voasirisiry,sirisiry
manirotry,sirotry
fampanisa,sisa
mampanisa,sisa
panisa,sisa
asisa,sisa
mahasisa,sisa
sinisa,sisa
sisana,sisa
voasisa,sisa
fanisika,sisika
fisisika,sisika
somisika,sisika
anisihana,sisika
asisika,sisika
fanisihana,sisika
fisisihana,sisika
isisihana,sisika
mahasisika,sisika
manisika,sisika
misisika,sisika
mpanisika,sisika
mpisisika,sisika
sinisika,sisika
sisifana,sisika
sisihana,sisika
sisitsisika,sisika
tafasisika,sisika
voasisika,sisika
asisike,sisike
mahasisike,sisike
mampisisike,sisike
manisike,sisike
misisike,sisike
panisike,sisike
pisisike,sisike
voasisike,sisike
asisina,sisina
fanantsisina,sisina
fanantsisiny,sisina
manantsisina,sisina
mpanantsisina,sisina
sisinana,sisina
voasisina,sisina
antsisintany,sisintany
manisitsisika,sisitsisika
fahasiso,siso
hasiso,siso
masiso,siso
pifanisy,sisy
sisina,sisy
asisy,sisy
fisisiana,sisy
fisisy,sisy
isisiana,sisy
mahasisy,sisy
misisy,sisy
mpisisy,sisy
sinisy,sisy
voasisy,sisy
asitake,sitake
fasitake,sitake
mampisitake,sitake
misitake,sitake
pisitake,sitake
voasitake,sitake
asitaky,sitaky
sitahy,sitaky
sitisitika,sitika
anasitiliana,sitily
fanasitiliana,sitily
fanasitily,sitily
mahasitily,sitily
manasitily,sitily
mpanasitily,sitily
sitilina,sitily
voasitily,sitily
fisitisitiana,sitisity
fisitisity,sitisity
isitisitiana,sitisity
mahasitisity,sitisity
misitisity,sitisity
mpisitisity,sitisity
tafasitisity,sitisity
misito,sito
setony,sito
ankasitrahana,sitraka
asitraka,sitraka
fankasitrahana,sitraka
fifankasitrahana,sitraka
fisitrahana,sitraka
fisitraka,sitraka
isitrahana,sitraka
mahasitraka,sitraka
mankasitraka,sitraka
misitraka,sitraka
mpankasitraka,sitraka
mpisitraka,sitraka
sitrahina,sitraka
voasitraka,sitraka
anasitranaha,sitrana
fanasitrana,sitrana
anasitranana,sitrana
asitrana,sitrana
fahasitranana,sitrana
fanasitranana,sitrana
mahasitrana,sitrana
manasitrana,sitrana
mihasitrana,sitrana
mpanasitrana,sitrana
sinitrana,sitrana
sitranina,sitrana
sitrantsitrana,sitrana
voasitrana,sitrana
anitrihana,sitrika
antsitrika,sitrika
asitrika,sitrika
fanasitrihana,sitrika
fanasitrika,sitrika
fanitrihana,sitrika
fanitrika,sitrika
fisitrihana,sitrika
fisitrika,sitrika
isitrihana,sitrika
mahasitrika,sitrika
manasitrika,sitrika
manitrika,sitrika
misitrika,sitrika
mpanitrika,sitrika
mpisitrika,sitrika
sitrihana,sitrika
sitritsitrika,sitrika
tafasitrika,sitrika
voasitrika,sitrika
mankasitsake,sitsake
mifankasitsake,sitsake
pankasitsake,sitsake
pifankasitsake,sitsake
asitse,sitse
fisitse,sitse
mahasitse,sitse
mampisitse,sitse
misitse,sitse
pifañisitse,sitse
voasitse,sitse
anasivanona,sivana
fisivanana,sivana
anasivanana,sivana
asivana,sivana
fanasivana,sivana
fanasivanana,sivana
fisivana,sivana
mahasivana,sivana
manasivana,sivana
misivana,sivana
mpanasivana,sivana
mpisivana,sivana
sinivana,sivana
sivanina,sivana
sivantsivana,sivana
voasivana,sivana
misivongo,sivongo
ampahasivy,sivy
fahasivy,sivy
nosinivy,sivy
sivina,sivy
tsisivisivy,sivy
fisiviana,sivy
fisivy,sivy
hasiviana,sivy
intsivy,sivy
isiviana,sivy
mahasivy,sivy
misivy,sivy
sinivy,sivy
voasivy,sivy
asizike,sizike
fasizike,sizike
mahasizike,sizike
mampisizike,sizike
misizike,sizike
pifampisizike,sizike
pisizike,sizike
voasizike,sizike
ankasoavana,soa
hasoany,soa
hasoavana,soa
mifañasoa,soa
mihasoa,soa
pañasoa,soa
anasoavana,soa
fahasoavana,soa
fanasoa,soa
fanasoavana,soa
fifanasoavana,soa
hasoa,soa
hasoavina,soa
mahasoa,soa
mampanasoa,soa
mampifanasoa,soa
manasoa,soa
mpanasoa,soa
soavina,soa
anasoahana,soaka
asoaka,soaka
fanasoahana,soaka
fanasoaka,soaka
fisoahana,soaka
fisoaka,soaka
isoahana,soaka
manasoaka,soaka
misoaka,soaka
mpanasoaka,soaka
mpisoaka,soaka
soahana,soaka
voasoaka,soaka
antsoavaly,soavaly
fiantsoavaliana,soavaly
fiantsoavaly,soavaly
iantsoavaliana,soavaly
miantsoavaly,soavaly
mpiantsoavaly,soavaly
soavalina,soavaly
fanasobilabilahana,sobilabilaka
mahasobilabilaka,sobilabilaka
manasobilabilaka,sobilabilaka
sobilabilahina,sobilabilaka
voasobilabilaka,sobilabilaka
fisobilairana,sobilaitra
fisobilaitra,sobilaitra
isobilairana,sobilaitra
misobilaitra,sobilaitra
mpisobilaitra,sobilaitra
anasobilahana,sobilaka
asobilabilaka,sobilaka
asobilaka,sobilaka
fanasobilabilaka,sobilaka
fanasobilahana,sobilaka
fanasobilaka,sobilaka
fisobilahana,sobilaka
fisobilaka,sobilaka
isobilahana,sobilaka
mahasobilaka,sobilaka
manasobilaka,sobilaka
mpanasobilabilaka,sobilaka
mpanasobilaka,sobilaka
mpisobilaka,sobilaka
sobilabilaka,sobilaka
sobilahina,sobilaka
tafasobilaka,sobilaka
voasobilaka,sobilaka
isobilarana,sobilatra
misobilatra,sobilatra
anasobilarana,sobilatra
asobilatra,sobilatra
fanasobilarana,sobilatra
fanasobilatra,sobilatra
fisobilarana,sobilatra
fisobilatra,sobilatra
manasobilatra,sobilatra
mpanasobilatra,sobilatra
sobilarina,sobilatra
tafasobilatra,sobilatra
voasobilatra,sobilatra
misodika,sodika
asodika,sodika
fisodihana,sodika
fisodika,sodika
isodihana,sodika
mahasodika,sodika
mpisodika,sodika
sinodika,sodika
sodihina,sodika
soditsodika,sodika
tafasodika,sodika
voasodika,sodika
asodisody,sodisody
fisodisodiana,sodisody
fisodisody,sodisody
isodisodiana,sodisody
mahasodisody,sodisody
mampisodisody,sodisody
misodisody,sodisody
mpisodisody,sodisody
tafasodisody,sodisody
asodo,sodo
manodo,sodo
anodokana,sodoka
asodoka,sodoka
fanodoka,sodoka
fanodokana,sodoka
mahasodòka,sodoka
mampansodoka,sodoka
manodoka,sodoka
mifansodoka,sodoka
mpanodoka,sodoka
sodokaina,sodoka
voasodoka,sodoka
anasofinana,sofina
fanasofina,sofina
fanasofinana,sofina
fisofina,sofina
mahasofina,sofina
manasofina,sofina
manofina,sofina
misofina,sofina
mpanasofina,sofina
sofinana,sofina
sofintsofina,sofina
voasofina,sofina
fisohika,sohika
misohika,sohika
mpisohika,sohika
sohihina,sohika
fisohitika,sohitika
misohitika,sohitika
mpisohitika,sohitika
asointsoina,sointsoina
fisointsoina,sointsoina
fisointsoinana,sointsoina
isointsoinana,sointsoina
mahasointsoina,sointsoina
misointsoina,sointsoina
mpisointsoina,sointsoina
tafasointsoina,sointsoina
sinoitra,soitra
asoitra,soitra
fisoirana,soitra
fisoitra,soitra
fisoitrafo,soitra
isoirana,soitra
mahasoitra,soitra
misoitra,soitra
mpisoitra,soitra
soirina,soitra
tafasoitra,soitra
voasoitra,soitra
manoitsoitra,soitsoitra
anasokana,soka
anokana,soka
asoka,soka
fanasoka,soka
fanasokana,soka
fanoka,soka
fisoka,soka
fisokana,soka
isokana,soka
mahasoka,soka
manasoka,soka
manoka,soka
misoka,soka
mpanasoka,soka
mpanoka,soka
mpisoka,soka
tafasoka,soka
voasoka,soka
fisokajiana,sokajy
manasokajy,sokajy
sokajina,sokajy
misokana,sokana
fanokatra,sokatra
sinokatra,sokatra
anokafana,sokatra
asokatra,sokatra
fanokafana,sokatra
fisokafana,sokatra
fisokatra,sokatra
isokafana,sokatra
mahasokatra,sokatra
manokatra,sokatra
misokatra,sokatra
mpanokatra,sokatra
mpisokatra,sokatra
sokafana,sokatra
sokatsokatra,sokatra
tafasokatra,sokatra
voasokatra,sokatra
asokatrika,sokatrika
fisokatrehana,sokatrika
fisokatrika,sokatrika
isokatrehana,sokatrika
mahasokatrika,sokatrika
misokatrika,sokatrika
mpisokatrika,sokatrika
sokatrikatrika,sokatrika
tafasokatrika,sokatrika
asokatse,sokatse
fasokatse,sokatse
mahasokatse,sokatse
mampanokatse,sokatse
manokatse,sokatse
misokatse,sokatse
panokatse,sokatse
pisokatse,sokatse
voasokatse,sokatse
fisokenjoke,sokenjoke
mampisokenjoke,sokenjoke
misokenjoke,sokenjoke
pisokenjoke,sokenjoke
anasokerana,sokera
asokera,sokera
fanasokera,sokera
fanasokerana,sokera
manasokera,sokera
mpanasokera,sokera
sokeraina,sokera
voasokera,sokera
asoketa,soketa
mahasoketa,soketa
manasoketa,soketa
soketaina,soketa
voasoketa,soketa
anasoketrahana,soketraka
asoketraka,soketraka
fanasoketrahana,soketraka
fanasoketraka,soketraka
fisoketrahana,soketraka
fisoketraka,soketraka
isoketrahana,soketraka
mahasoketraka,soketraka
manasoketraka,soketraka
misoketraka,soketraka
mpanasoketraka,soketraka
mpisoketraka,soketraka
soketraketraka,soketraka
tafasoketraka,soketraka
fisokiky,sokiky
mahasokiky,sokiky
misokiky,sokiky
mpisokiky,sokiky
sokikikiky,sokiky
tafasokiky,sokiky
fisokisokiana,sokisoky
fisokisoky,sokisoky
isokisokiana,sokisoky
misokisoky,sokisoky
mpisokisoky,sokisoky
asokitra,sokitra
fisokirana,sokitra
fisokitra,sokitra
isokirana,sokitra
mahasokitra,sokitra
misokitra,sokitra
mpisokitra,sokitra
sinokitra,sokitra
sokirina,sokitra
sokitsokitra,sokitra
voasokitra,sokitra
asoko,soko
fisoko,soko
fisokoana,soko
isokoana,soko
mahasoko,soko
misoko,soko
mpisoko,soko
sinoko,soko
sokoina,soko
sokosoko,soko
voasoko,soko
isokosokoana,sokosoko
misokosoko,sokosoko
sokisoky,soky
asokàka,sokàka
fisokàka,sokàka
misokàka,sokàka
mpisokàka,sokàka
sokakakaka,sokàka
tafasokàka,sokàka
mihasola,sola
anasolana,sola
asola,sola
fahasola,sola
fahasolana,sola
fanasola,sola
fanasolana,sola
fisola,sola
fisolana,sola
hasola,sola
hasolana,sola
isolana,sola
mahasola,sola
manasola,sola
misola,sola
mpanasola,sola
mpisola,sola
sinola,sola
solana,sola
solasola,sola
voasola,sola
fisolabo,solabo
mampisolabo,solabo
misolabo,solabo
anasolafahana,solafaka
asolafaka,solafaka
fanasolafahana,solafaka
fanasolafaka,solafaka
fisolafahana,solafaka
fisolafaka,solafaka
isolafahana,solafaka
mahasolafaka,solafaka
manasolafaka,solafaka
misolafaka,solafaka
mpanasolafaka,solafaka
mpisolafaka,solafaka
solafadafaka,solafaka
solafahina,solafaka
tafasolafaka,solafaka
voasolafaka,solafaka
anasolampiana,solampy
asolampy,solampy
fanasolampiana,solampy
fanasolampy,solampy
fisolampiana,solampy
fisolampy,solampy
isolampiana,solampy
mahasolampy,solampy
manasolampy,solampy
misolampy,solampy
mpanasolampy,solampy
mpisolampy,solampy
solampina,solampy
voasolampy,solampy
asolanandrana,solanandrana
fisolanandrana,solanandrana
fisolanandranana,solanandrana
isolanandranana,solanandrana
mahasolanandrana,solanandrana
misolanandrana,solanandrana
mpisolanandrana,solanandrana
solandranandrana,solanandrana
tafasolanandrana,solanandrana
voasolanandrana,solanandrana
anasolangana,solanga
asolanga,solanga
fanasolanga,solanga
fanasolangana,solanga
fisolanga,solanga
fisolangana,solanga
isolangana,solanga
mahasolanga,solanga
manasolanga,solanga
mihasolanga,solanga
misolanga,solanga
mpanasolanga,solanga
mpisolanga,solanga
solangaina,solanga
solangalanga,solanga
tafasolanga,solanga
voasolanga,solanga
fisolantsolana,solantsolana
fisolantsolanana,solantsolana
isolantsolanana,solantsolana
mahasolantsolana,solantsolana
misolantsolana,solantsolana
mpisolantsolana,solantsolana
tafasolantsolana,solantsolana
anolarana,solatra
asolatra,solatra
fanolarana,solatra
fisolarana,solatra
fisolatra,solatra
isolarana,solatra
mahasolatra,solatra
misolatra,solatra
mpanolatra,solatra
mpisolatra,solatra
sinolatra,solatra
solarana,solatra
solatsolatra,solatra
voasolatra,solatra
asolea,solea
fisolea,solea
mampisolea,solea
misolea,solea
pisolea,solea
anasolehana,solelaka
fisolelaka,solelaka
anasolelahana,solelaka
asolelaka,solelaka
fanasolelahana,solelaka
fanasolelaka,solelaka
fisolelahana,solelaka
isolelahana,solelaka
mahasolelaka,solelaka
manasolelaka,solelaka
misolelaka,solelaka
mpanasolelaka,solelaka
mpisolelaka,solelaka
soleladelaka,solelaka
solelahina,solelaka
tafasolelaka,solelaka
voasolelaka,solelaka
anasolifahana,solifaka
fanasolifahana,solifaka
fanasolifaka,solifaka
fisolifahana,solifaka
fisolifaka,solifaka
isolifahana,solifaka
mahasolifaka,solifaka
manasolifaka,solifaka
misolifaka,solifaka
mpanasolifaka,solifaka
mpisolifaka,solifaka
solifahana,solifaka
voasolifaka,solifaka
fisolifarana,solifatra
fisolifatra,solifatra
isolifarana,solifatra
misolifatra,solifatra
mpisolifatra,solifatra
asolika,solika
fisolihana,solika
fisolika,solika
isolihana,solika
mahasolika,solika
misolika,solika
mpisolika,solika
solehina,solika
solitsolika,solika
voasolika,solika
anasolilana,solila
fanasolila,solila
fanasolilana,solila
fisolila,solila
fisolilana,solila
isolilana,solila
mahasolila,solila
manasolila,solila
misolila,solila
mpanasolila,solila
solilana,solila
voasolila,solila
misolitika,solitika
fanolo,solo
mifanolo,solo
mihamanolo,solo
panolo,solo
pifanolo,solo
pisolo,solo
ampifanoloina,solo
asolo,solo
fisolo,solo
fisoloana,solo
isoloana,solo
mahasolo,solo
mampifanolo,solo
mampisolo,solo
manolo,solo
mifampisolo,solo
misolo,solo
mpanolo,solo
mpisolo,solo
sinolo,solo
soloana,solo
solosolo,solo
tafasolo,solo
voasolo,solo
mampisoloho,soloho
misoloho,soloho
pisoloho,soloho
solohorina,solohotra
anolokiana,soloky
asoloky,soloky
fanolokiana,soloky
fanoloky,soloky
fisolokiana,soloky
fisoloky,soloky
isolokiana,soloky
manoloky,soloky
misoloky,soloky
mpanoloky,soloky
mpisoloky,soloky
solokina,soloky
voasoloky,soloky
asolontsolona,solontsolona
fisolontsolona,solontsolona
fisolontsolonana,solontsolona
isolontsolonana,solontsolona
misolontsolona,solontsolona
mpisolontsolona,solontsolona
solontsolonina,solontsolona
tafasolontsolona,solontsolona
solotehina,solotika
anasolotihana,solotika
asolotika,solotika
fanasolotihana,solotika
fanasolotika,solotika
fisolotihana,solotika
fisolotika,solotika
isolotihana,solotika
mahasolotika,solotika
manasolotika,solotika
misolotika,solotika
mpanasolotika,solotika
mpisolotika,solotika
solotidotika,solotika
voasolotika,solotika
fisomadodoka,somadodoka
mahasomadodoka,somadodoka
misomadodoka,somadodoka
misomaingisaingy,somaingisaingy
misomalantsiatra,somalantsiatra
fisomambisamby,somambisamby
misomambisamby,somambisamby
misomaradimbana,somaradimbana
misomaritaka,somaritaka
fisomarodoka,somarodoka
misomarodoka,somarodoka
fisomarototra,somarototra
misomarototra,somarototra
fisomatrotroka,somatrotroka
misomatrotroka,somatrotroka
somazotsazoka,somazoka
anombinana,sombina
asombina,sombina
fanombina,sombina
fanombinana,sombina
mahasombina,sombina
manombina,sombina
sombinana,sombina
sombintsombina,sombina
fisomebiseby,somebiseby
misomebiseby,somebiseby
fisomebisebena,somebiseby
fisomedika,somedika
misomedika,somedika
misomeditsedika,someditsedika
fisomidika,somidika
misomidika,somidika
anomindana,sominda
fanominda,sominda
fanomindana,sominda
manasominda,sominda
asominda,sominda
mahasominda,sominda
manominda,sominda
somindaina,sominda
voasominda,sominda
misomokotra,somokotra
somongaina,somonga
ampisomonga,somonga
fampisomonga,somonga
fisomonga,somonga
mahasomonga,somonga
mampisomonga,somonga
mifampisomonga,somonga
misomonga,somonga
pisomonga,somonga
voasomonga,somonga
fisomoratsoratra,somoratsoratra
misomoratsoratra,somoratsoratra
misomotaka,somotaka
somorina,somotra
ankasomparana,sompatra
hasomparana,sompatra
voasompatra,sompatra
ampisompatra,sompatra
fisomparana,sompatra
fisompatra,sompatra
isomparana,sompatra
mahasompatra,sompatra
manompatra,sompatra
misompatra,sompatra
mpisompatra,sompatra
sinompatra,sompatra
somparana,sompatra
somparina,sompatra
sompatsompatra,sompatra
asompira,sompira
fasompira,sompira
mampisompira,sompira
mañasompira,sompira
misompira,sompira
pañasompira,sompira
pisompira,sompira
voasompira,sompira
anasompiranana,sompirana
anompiranana,sompirana
asompirana,sompirana
fanasompirana,sompirana
fanasompiranana,sompirana
fanompirana,sompirana
fanompiranana,sompirana
fisompirana,sompirana
fisompiranana,sompirana
isompiranana,sompirana
mahasompirana,sompirana
manasompirana,sompirana
manompirana,sompirana
misompirana,sompirana
mpanasompirana,sompirana
mpanompirana,sompirana
mpisompirana,sompirana
sompirampirana,sompirana
sompiranina,sompirana
tafasompirana,sompirana
voasompirana,sompirana
fisomàka,somàka
misomaka,somàka
somamàka,somàka
sonaina,sona
fisonaka,sonaka
misonàka,sonaka
mpisonaka,sonaka
tafasonaka,sonaka
asonanaka,sonanaka
fisonanahana,sonanaka
fisonanaka,sonanaka
isonanahana,sonanaka
misonanaka,sonanaka
tafasonanaka,sonanaka
asonanina,sonanina
fisonanina,sonanina
fisonaninana,sonanina
isonaninana,sonanina
mahasonanina,sonanina
misonanina,sonanina
mpisonanina,sonanina
sonaninanina,sonanina
tafasonanina,sonanina
asonasona,sonasona
fisonasona,sonasona
misonasona,sonasona
tafasonasona,sonasona
misondaina,sondaina
fisondañana,sondaña
misondaña,sondaña
fisondenda,sondenda
misondenda,sondenda
somondrara,sondrara
asondretaka,sondretaka
fisondretahana,sondretaka
fisondretaka,sondretaka
isondretahana,sondretaka
misondretaka,sondretaka
mpisondretaka,sondretaka
sondretadretaka,sondretaka
tafasondretaka,sondretaka
anasondrianana,sondriana
fahasondrianana,sondriana
fanasondriana,sondriana
fanasondrianana,sondriana
hasondrianana,sondriana
mahasondriana,sondriana
manasondriana,sondriana
mpanasondriana,sondriana
sondrianina,sondriana
tafasondriana,sondriana
voasondriana,sondriana
anondrotana,sondrotra
asondrotra,sondrotra
fanondrotana,sondrotra
fanondrotra,sondrotra
fisondrotana,sondrotra
fisondrotra,sondrotra
isondrotana,sondrotra
mahasondrotra,sondrotra
manondrotra,sondrotra
misondrotra,sondrotra
mpanondrotra,sondrotra
mpisondrotra,sondrotra
sondrotsondrotra,sondrotra
tafasondrotra,sondrotra
voasondrotra,sondrotra
anasondrovahana,sondrovaka
asondrovaka,sondrovaka
fanasondrovahana,sondrovaka
fanasondrovaka,sondrovaka
fisondrovahana,sondrovaka
fisondrovaka,sondrovaka
isondrovahana,sondrovaka
mahasondrovaka,sondrovaka
manasondrovaka,sondrovaka
misondrovaka,sondrovaka
mpanasondrovaka,sondrovaka
mpisondrovaka,sondrovaka
sondrovahana,sondrovaka
sondrovahina,sondrovaka
tafasondrovaka,sondrovaka
voasondrovaka,sondrovaka
somondry,sondry
asonenika,sonenika
fisonenehana,sonenika
fisonenika,sonenika
isonenehana,sonenika
mahasonenika,sonenika
misonenika,sonenika
mpisonenika,sonenika
soneninenika,sonenika
tafasonenika,sonenika
misonga,songa
anongana,songa
asonga,songa
fisonga,songa
fisongana,songa
isongana,songa
mahasonga,songa
mpanonga,songa
mpisonga,songa
songana,songa
songasonga,songa
tafasonga,songa
voasonga,songa
anasongadinana,songadina
asongadina,songadina
fanasongadina,songadina
fanasongadinana,songadina
fisongadina,songadina
fisongadinana,songadina
isongadinana,songadina
mahasongadina,songadina
mampisongadina,songadina
manasongadina,songadina
misongadina,songadina
mpanasongadina,songadina
mpisongadina,songadina
songadingadina,songadina
tafasongadina,songadina
voasongadina,songadina
misongasonga,songasonga
asongitse,songitse
mahasongitse,songitse
mampanongitse,songitse
manongitse,songitse
panongitse,songitse
voasongitse,songitse
anongonana,songona
asongona,songona
fanongona,songona
fanongonana,songona
fisongona,songona
fisongonana,songona
isongonana,songona
mahasongona,songona
manongona,songona
misongona,songona
mpanongona,songona
mpisongona,songona
sinongona,songona
songonana,songona
songontsongona,songona
voasongona,songona
anasoniavana,sonia
fanasonia,sonia
fanasoniavana,sonia
mahasonia,sonia
manasonia,sonia
soniavina,sonia
voasonia,sonia
ampisonje,sonje
mampisonje,sonje
misonje,sonje
pisonje,sonje
sonjoina,sonjo
asonjoke,sonjoke
mahasonjoke,sonjoke
mampisonjoke,sonjoke
misonjoke,sonjoke
pisonjoke,sonjoke
voasonjoke,sonjoke
asonjotse,sonjotse
mahasonjotse,sonjotse
mampanonjotse,sonjotse
mampisonjotse,sonjotse
manonjotse,sonjotse
misonjotse,sonjotse
panonjotse,sonjotse
voasonjotse,sonjotse
asononoka,sononoka
fisononohana,sononoka
fisononoka,sononoka
isononohana,sononoka
mahasononoka,sononoka
misononoka,sononoka
mpisononoka,sononoka
tafasononoka,sononoka
fifampanoratra,soratra
mampanoratra,soratra
mpifampanoratra,soratra
anoratana,soratra
asoratra,soratra
fanoratana,soratra
fanoratra,soratra
fisoratana,soratra
fisoratra,soratra
isoratana,soratra
mahasoratra,soratra
mampifanoratra,soratra
manoratra,soratra
mifampanoratra,soratra
misoratra,soratra
mpanoratra,soratra
mpisoratra,soratra
sinoratra,soratra
somoratra,soratra
soratana,soratra
soratsoratra,soratra
voasoratra,soratra
mahasoratse,soratse
mampanoratse,soratse
manoratse,soratse
mifanoratse,soratse
mihamanoratse,soratse
misoratse,soratse
panoratse,soratse
pifanoratse,soratse
pisoratse,soratse
voasoratse,soratse
somoratsoratra,soratsoratra
misoratsoratra,soratsoratra
misorera,sorera
misorery,sorery
sorerirery,sorery
fisoretra,soretra
misoretra,soretra
soredretra,soretra
fahasorisorenana,sorisory
misorisory,sorisory
fahasorisorena,sorisory
fanorisorena,sorisory
fanorisory,sorisory
manorisory,sorisory
mpanorisory,sorisory
sorisorena,sorisory
voasorisory,sorisory
anoritana,soritra
fanoritana,soritra
asoritra,soritra
fanoritra,soritra
fisoritana,soritra
fisoritra,soritra
isoritana,soritra
mahasoritra,soritra
manoritra,soritra
misoritra,soritra
mpanoritra,soritra
mpisoritra,soritra
sinoritra,soritra
soritana,soritra
soritsoritra,soritra
voasoritra,soritra
asoritse,soritse
mahasoritse,soritse
mampanoritse,soritse
misoritse,soritse
panoritse,soritse
pisoritse,soritse
voasoritse,soritse
manoritsoritra,soritsoritra
mahasoro,soro
misoro,soro
pisoro,soro
voasoro,soro
asoroka,soroka
fanantsoroka,soroka
fanatsoroka,soroka
fisorohana,soroka
iantsorohina,soroka
isorohana,soroka
mahasoroka,soroka
mpisoroka,soroka
sorotsoroka,soroka
anantsorohana,soroka
antsoroka,soroka
fanantsorohana,soroka
fiantsorohana,soroka
fiantsoroka,soroka
iantsorohana,soroka
manantsoroka,soroka
miantsoroka,soroka
mpanantsoroka,soroka
mpiantsoroka,soroka
fisoroka,soroka
misoroka,soroka
sinoroka,soroka
sorohina,soroka
voasoroka,soroka
mahasoroke,soroke
mampisoroke,soroke
misoroke,soroke
pisoroke,soroke
voasoroke,soroke
fanorona,sorona
fisorona,sorona
ifanoronana,sorona
mahasorona,sorona
mampisorona,sorona
mifampisorona,sorona
mifanorona,sorona
fisoronana,sorona
isoronana,sorona
misorona,sorona
mpisorona,sorona
asorona,sorona
fampisorona,sorona
sinorona,sorona
soronina,sorona
voasorona,sorona
anorisorena,sory
fanorena,sory
fanory,sory
misory,sory
sorena,sory
sorisory,sory
fampisosa,sosa
pisosa,sosa
anasosana,sosa
asosa,sosa
fanasosa,sosa
fanasosana,sosa
fisosa,sosa
fisosana,sosa
isosana,sosa
mahasosa,sosa
mampisosa,sosa
manasosa,sosa
misosa,sosa
mpanasosa,sosa
mpisosa,sosa
sinosa,sosa
sosana,sosa
sosasosa,sosa
tafasosa,sosa
voasosa,sosa
sinosoka,sosoka
anosohana,sosoka
fanosohana,sosoka
fisosoka,sosoka
isosohana,sosoka
mahasosoka,sosoka
manosoka,sosoka
misosoka,sosoka
mpanosoka,sosoka
mpisosoka,sosoka
sosohana,sosoka
sosotsosoka,sosoka
voasosoka,sosoka
asosoke,sosoke
mahasosoke,sosoke
mampanosoke,sosoke
misosoke,sosoke
voasosoke,sosoke
fisosohana,sosona
anosonana,sosona
asosona,sosona
asosony,sosona
fanosona,sosona
fanosonana,sosona
fisosona,sosona
fisosonana,sosona
isosonana,sosona
mahasosona,sosona
manosona,sosona
mifanosona,sosona
misosona,sosona
mpanosona,sosona
mpisosona,sosona
sinosona,sosona
sosonana,sosona
sosontsosona,sosona
voasosona,sosona
mampifanosontsosona,sosontsosona
mifanosontsosona,sosontsosona
asosososo,sosososo
fisosososo,sosososo
fisosososoana,sosososo
isosososoana,sosososo
mahasosososo,sosososo
misosososo,sosososo
mpisosososo,sosososo
tafasosososo,sosososo
voasosososo,sosososo
fahasosorana,sosotra
anasosorana,sosotra
asosotra,sosotra
fanasosorana,sosotra
fanasosotra,sosotra
mahasosotra,sosotra
manasosotra,sosotra
mpanasosotra,sosotra
sosorina,sosotra
sosotsosotra,sosotra
mahasosotse,sosotse
mihasosotse,sosotse
voasosotse,sosotse
misosy,sosy
hasosiana,sosy
mafasosy,sosy
fisotasota,sotasota
fisotasotana,sotasota
isotasotana,sotasota
misotasota,sotasota
mpisotasota,sotasota
fisotisotiana,sotisoty
fisotisoty,sotisoty
isotisotiana,sotisoty
misotisoty,sotisoty
mpisotisoty,sotisoty
sotisotena,sotisoty
anasotitihana,sotitika
asotitika,sotitika
fanasotitihana,sotitika
fanasotitika,sotitika
fisotitihana,sotitika
fisotitika,sotitika
isotitihana,sotitika
mahasotitika,sotitika
manasotitika,sotitika
misotitika,sotitika
mpanasotitika,sotitika
mpisotitika,sotitika
sotitiditika,sotitika
sotitihana,sotitika
voasotitika,sotitika
fisotrasotra,sotrasotra
fisotrasotrana,sotrasotra
isotrasotrana,sotrasotra
misotrasotra,sotrasotra
mpisotrasotra,sotrasotra
fisotrisotriana,sotrisotry
fisotrisotry,sotrisotry
isotrisotriana,sotrisotry
misotrisotry,sotrisotry
mpisotrisotry,sotrisotry
ampisotroina,sotro
fisotro,sotro
fisotroana,sotro
isotroana,sotro
mahasotro,sotro
mampisotro,sotro
misotro,sotro
mpisotro,sotro
sinotro,sotro
sotroina,sotro
sotrosotro,sotro
voasotro,sotro
mpisôva,sova
sonovoka,sovoka
voasovoka,sovoka
asovoka,sovoka
fisovohana,sovoka
fisovoka,sovoka
isovohana,sovoka
mahasovoka,sovoka
mampisovoka,sovoka
mifampisovoka,sovoka
misovoka,sovoka
mpisovoka,sovoka
sinovoka,sovoka
sovohina,sovoka
tafasovoka,sovoka
misoñisoñy,soñy
fitaba,taba
fitabàna,taba
itabana,taba
kotaba,taba
mahataba,taba
mitaba,taba
mpitaba,taba
tabaina,taba
tinaba,taba
voataba,taba
manaba,taba
atabaka,tabaka
fitabaka,tabaka
tafatabaka,tabaka
itabahana,tabaka
mitabaka,tabaka
tabahina,tabaka
voatabaka,tabaka
fatabake,tabake
mahatabake,tabake
mampitabake,tabake
mitabake,tabake
pitabake,tabake
voatabake,tabake
anatabariahana,tabariaka
atabariaka,tabariaka
fanatabariahana,tabariaka
fanatabariaka,tabariaka
fitabariahana,tabariaka
fitabariaka,tabariaka
itabariahana,tabariaka
mahatabariaka,tabariaka
manatabariaka,tabariaka
mitabariaka,tabariaka
mpanatabariaka,tabariaka
mpitabariaka,tabariaka
tafatabariaka,tabariaka
voatabariaka,tabariaka
fanabatabana,tabataba
mikotaba,tabataba
mikotabataba,tabataba
mpampitabataba,tabataba
panabataba,tabataba
anabatabana,tabataba
atabataba,tabataba
fanabataba,tabataba
fanatabatabana,tabataba
fitabataba,tabataba
fitabatabana,tabataba
itabatabana,tabataba
mahatabataba,tabataba
mampitabataba,tabataba
manabataba,tabataba
manatabataba,tabataba
mihamitabataba,tabataba
mitabataba,tabataba
mpanabataba,tabataba
mpitabataba,tabataba
tabatabaina,tabataba
tinabataba,tabataba
voatabataba,tabataba
ampanabataba,tabataba
fampanabataba,tabataba
fampitabataba,tabataba
mampanabataba,tabataba
mitabebaka,tabebaka
ataberabera,taberabera
fitaberabera,taberabera
mampitaberabera,taberabera
mitaberabera,taberabera
mitabibo,tabibo
mitabiha,tabiha
mitabitabiha,tabiha
mitaboaka,taboaka
fitaboika,taboika
mitaboika,taboika
mpitaboika,taboika
mitaboka,taboka
atabonaka,tabonaka
fitabonahana,tabonaka
fitabonaka,tabonaka
itabonahana,tabonaka
mahatabonaka,tabonaka
mitabonaka,tabonaka
mpitabonaka,tabonaka
tabonabonaka,tabonaka
voatabonaka,tabonaka
ataborebore,taborebore
fitaborebore,taborebore
mampitaborebore,taborebore
mitaborebore,taborebore
pitaborebore,taborebore
anataboretahana,taboretaka
ataboretaka,taboretaka
fanataboretahana,taboretaka
fanataboretaka,taboretaka
fitaboretahana,taboretaka
fitaboretaka,taboretaka
itaboretahana,taboretaka
mahataboretaka,taboretaka
manataboretaka,taboretaka
mitaboretaka,taboretaka
mpanataboretaka,taboretaka
mpitaboretaka,taboretaka
anataboroahana,taboroaka
ataboroaka,taboroaka
fanataboroahana,taboroaka
fanataboroaka,taboroaka
fitaboroahana,taboroaka
fitaboroaka,taboroaka
itaboroahana,taboroaka
mahataboroaka,taboroaka
manataboroaka,taboroaka
mitaboroaka,taboroaka
mpanataboroaka,taboroaka
mpitaboroaka,taboroaka
taboroahana,taboroaka
voataboroaka,taboroaka
anataborobahana,taborobaka
fanataborobahana,taborobaka
fanataborobaka,taborobaka
fitaborobahana,taborobaka
fitaborobaka,taborobaka
itaborobahana,taborobaka
mahataborobaka,taborobaka
manataborobaka,taborobaka
mitaborobaka,taborobaka
mpanataborobaka,taborobaka
mpitaborobaka,taborobaka
itaborotsahana,taborotsaka
mitaborotsaka,taborotsaka
anataboriana,tabory
manatabory,tabory
taborina,tabory
itabotetahana,tabotetaka
mitabotetaka,tabotetaka
anatabotetahana,tabotetaka
atabotetaka,tabotetaka
fanatabotetahana,tabotetaka
fanatabotetaka,tabotetaka
fitabotetahana,tabotetaka
fitabotetaka,tabotetaka
manatabotetaka,tabotetaka
mpanatabotetaka,tabotetaka
mitadidy,tadidy
tadidina,tadidy
fahatadidiana,tadidy
fitadidiana,tadidy
fitadidy,tadidy
itadidiana,tadidy
mahatadidy,tadidy
mpitadidy,tadidy
voatadidy,tadidy
mitaditady,taditady
fampitadiavana,tady
fitady,tady
mahatady,tady
mitady,tady
mpitady,tady
tomady,tady
anadiana,tady
anatadiana,tady
fanadiana,tady
fanady,tady
fanatadiana,tady
fanatady,tady
manady,tady
manatady,tady
mpanady,tady
mpanatady,tady
tadina,tady
tinady,tady
voatady,tady
fitadiavana,tady
itadiavana,tady
mampitady,tady
mifampitady,tady
tadiavina,tady
taditady,tady
fatafa,tafa
tafaina,tafa
fitafa,tafa
fitafana,tafa
itafana,tafa
mahatafa,tafa
mitafa,tafa
mpitafa,tafa
tafatafa,tafa
voatafa,tafa
hatafana,tafa
manafa,tafa
fitafasiriana,tafasiry
fitafasiry,tafasiry
itafasiriana,tafasiry
mahatafasiry,tafasiry
mitafasiry,tafasiry
mpitafasiry,tafasiry
tafasirina,tafasiry
tafasirisiry,tafasiry
voatafasiry,tafasiry
manafetafe,tafetafe
mifanafetafe,tafetafe
mahatafiditra,tafiditra
anafihana,tafika
fanafihana,tafika
fanafika,tafika
fiantafihana,tafika
fiantafika,tafika
miantafika,tafika
mpiantafika,tafika
antafika,tafika
manafika,tafika
mpanafika,tafika
tafihina,tafika
tafitafika,tafika
tinafika,tafika
voatafika,tafika
atafike,tafike
fanafike,tafike
mahatafike,tafike
mampanafike,tafike
manafike,tafike
miantafike,tafike
mifanafike,tafike
mihamanafike,tafike
panafike,tafike
pifanafike,tafike
voatafike,tafike
tafintohinana,tafintohina
anafintohinana,tafintohina
fahatafintohinana,tafintohina
fanafintohina,tafintohina
fanafintohinana,tafintohina
hatafintohinana,tafintohina
mahatafintohina,tafintohina
manafintohina,tafintohina
mpanafintohina,tafintohina
tafintohinina,tafintohina
voatafintohina,tafintohina
fitafitafiana,tafitafy
anafitafiana,tafitafy
atafitafy,tafitafy
fanafitafiana,tafitafy
fanafitafy,tafitafy
fitafitafy,tafitafy
mahatafitafy,tafitafy
manafitafy,tafitafy
mitafitafy,tafitafy
mpanafitafy,tafitafy
mpitafitafy,tafitafy
tafatafitafy,tafitafy
voatafitafy,tafitafy
fitafo,tafo
tinafo,tafo
anafoana,tafo
atafo,tafo
fanafo,tafo
fitafoana,tafo
itafoana,tafo
mahatafo,tafo
manafo,tafo
mitafo,tafo
mpanafo,tafo
panafo,tafo
tafoana,tafo
tafotafo,tafo
voatafo,tafo
anatafoahana,tafoaka
fanatafoahana,tafoaka
fanatafoaka,tafoaka
fitafoahana,tafoaka
fitafoaka,tafoaka
itafoahana,tafoaka
manatafoaka,tafoaka
mitafoaka,tafoaka
mpanatafoaka,tafoaka
mpitafoaka,tafoaka
tafatafoaka,tafoaka
fitafoforana,tafofotra
fitafofotra,tafofotra
itafoforana,tafofotra
mahatafofotra,tafofotra
mitafofotra,tafofotra
mpitafofotra,tafofotra
tafoforina,tafofotra
fitafotafo,tafotafo
mitafotafo,tafotafo
fanafiana,tafy
fanafy,tafy
fitafiana,tafy
fitafy,tafy
mpanafy,tafy
mpitafy,tafy
mahatafy,tafy
anafiana,tafy
atafy,tafy
itafiana,tafy
manafy,tafy
mitafy,tafy
tafiana,tafy
tafina,tafy
tinafy,tafy
voatafy,tafy
mitaha,taha
pitaha,taha
ampitahaina,taha
ampitahana,taha
ataha,taha
fampitaha,taha
fanahàna,taha
fitaha,taha
fitahana,taha
itahana,taha
mahataha,taha
mampitaha,taha
mpampitaha,taha
mpitaha,taha
tahana,taha
tinaha,taha
voataha,taha
mahatahaka,tahaka
tahafina,tahaka
tahatahaka,tahaka
tinahaka,tahaka
voatahaka,tahaka
mifanahatahaka,tahatahaka
itehirizana,tahiry
tehirizana,tahiry
tehirizina,tahiry
fitahirizana,tahiry
fitahiry,tahiry
itahirizana,tahiry
mahatahiry,tahiry
mitahiry,tahiry
mpitahiry,tahiry
tahirizina,tahiry
fitaho,taho
fitahoana,taho
itahoana,taho
mahataho,taho
mitaho,taho
mpitaho,taho
tahoina,taho
voataho,taho
itahontahonana,tahontahona
mpitahontahona,tahontahona
tafatahontahona,tahontahona
fitahontahona,tahontahona
fitahontahonana,tahontahona
mitahontahona,tahontahona
matahotahotra,tahotahotra
ahatahorana,tahotra
ampitahorana,tahotra
ampitahorina,tahotra
atahorana,tahotra
fahatahorana,tahotra
fampitahorana,tahotra
fatahorana,tahotra
fatahotra,tahotra
hatahorana,tahotra
mahatahotra,tahotra
mampatahotra,tahotra
mampitahotra,tahotra
matahotra,tahotra
mpatahotra,tahotra
tahotahotra,tahotra
mampatahotse,tahotse
mampitahotse,tahotse
matahotse,tahotse
mifampitahotse,tahotse
mihamatahotse,tahotse
patahotse,tahotse
pifampitahotse,tahotse
atahy,tahy
mitahy,tahy
pitahy,tahy
tinahy,tahy
fitahiana,tahy
fitahy,tahy
itahiana,tahy
mahatahy,tahy
mampitahy,tahy
mifampitahy,tahy
mpitahy,tahy
tahina,tahy
voatahy,tahy
tsitaitaika,taika
fitaika,taika
mitaika,taika
taitaika,taika
fitaikataika,taikataika
fitaikataikana,taikataika
itaikataikana,taikataika
mahataikataika,taikataika
mitaikataika,taikataika
mpitaikataika,taikataika
tafataikataika,taikataika
fitaikotaiko,taikotaiko
fitaikotaikoana,taikotaiko
itaikotaikoana,taikotaiko
mitaikotaiko,taikotaiko
mpitaikotaiko,taikotaiko
anatailanana,tailana
atailana,tailana
fanatailana,tailana
fanatailanana,tailana
fitailana,tailana
fitailanana,tailana
itailanana,tailana
mahatailana,tailana
manatailana,tailana
mitailana,tailana
mpanatailana,tailana
mpitailana,tailana
tailanina,tailana
tailantailana,tailana
voatailana,tailana
anaintainana,taina
fanaintainana,taina
hitaina,taina
ataina,taina
fitaina,taina
fitainana,taina
hataina,taina
itainana,taina
mahataina,taina
mitaina,taina
mpitaina,taina
tainana,taina
tainina,taina
taintaina,taina
voataina,taina
taingaina,tainga
anaingenana,taingina
ataingina,taingina
fanaingenana,taingina
fanaingina,taingina
fitaingenana,taingina
fitaingina,taingina
itaingenana,taingina
mahataingina,taingina
manaingina,taingina
mifampitaingina,taingina
mitaingina,taingina
mpanaingina,taingina
mpitaingina,taingina
tafataingina,taingina
taingenana,taingina
tinaingina,taingina
voataingina,taingina
fitaingo,taingo
fitaingoana,taingo
fitaingosana,taingo
itaingoana,taingo
mahataingo,taingo
mitaingo,taingo
mpitaingo,taingo
taingoina,taingo
taingosana,taingo
taingotaingo,taingo
voataingo,taingo
itainoana,taino
mitaino,taino
fanaintaina,taintaina
fitaintaina,taintaina
fitaintainana,taintaina
itaintainana,taintaina
manaintaina,taintaina
mitaintaina,taintaina
mitaitaika,taitaika
anaitaizana,taitay
fanaitaizana,taitay
fanaitay,taitay
fitaitaizana,taitay
fitaitay,taitay
itaitaizana,taitay
mahataitay,taitay
manaitay,taitay
mitaitay,taitay
mpanaitay,taitay
mpitaitay,taitay
tafataitay,taitay
taitaizina,taitay
voataitay,taitay
fanairana,taitra
anairana,taitra
ataitra,taitra
fahatairana,taitra
fanaitra,taitra
fitairana,taitra
fitaitra,taitra
hatairana,taitra
itairana,taitra
mahataitra,taitra
mitaitra,taitra
mpitaitra,taitra
tairina,taitra
tinaitra,taitra
voataitra,taitra
mahataitse,taitse
mampanaitse,taitse
mampitaitse,taitse
mifanaitse,taitse
mihataitse,taitse
mitaitse,taitse
panaitse,taitse
pifanaitse,taitse
pitaitse,taitse
voataitse,taitse
ataiza,taiza
fifampitaizana,taiza
fitaiza,taiza
fitaizana,taiza
itaizana,taiza
mahataiza,taiza
mitaiza,taiza
mpitaiza,taiza
tezaina,taiza
tinaiza,taiza
voataiza,taiza
takaitrana,takaitra
mahatakalitse,takalitse
mampanakalitse,takalitse
mampitakalitse,takalitse
manakalitse,takalitse
mifampitakalitse,takalitse
mifanakalitse,takalitse
mitakalitse,takalitse
panakalitse,takalitse
pifanakalitse,takalitse
pitakalitse,takalitse
voatakalitse,takalitse
mpanakalo,takalo
panakalo,takalo
pifanakalo,takalo
ampifanakalozana,takalo
ampifanakalozina,takalo
anakalozana,takalo
atakalo,takalo
fampifanakalozana,takalo
fanakalo,takalo
fanakalozana,takalo
fifanakalozana,takalo
fitakalo,takalo
fitakalozana,takalo
ifanakalozana,takalo
itakalozana,takalo
mahatakalo,takalo
mampantakalo,takalo
mampifantakalo,takalo
manakalo,takalo
manatakalo,takalo
mifanakalo,takalo
mifantakalo,takalo
mitakalo,takalo
mpanatakalo,takalo
mpitakalo,takalo
takalozana,takalo
voatakalo,takalo
takapohy,takapoky
fitakarana,takarina
atakarina,takarina
fitakarina,takarina
fitakarinana,takarina
itakarinana,takarina
mahatakarina,takarina
mitakarina,takarina
mpitakarina,takarina
tafatakarina,takarina
mitakasina,takasina
mitakataka,takataka
ahatakarana,takatra
fanakatra,takatra
anakarana,takatra
atakatra,takatra
fanakarana,takatra
mahatakatra,takatra
manakatra,takatra
mifanakatra,takatra
mitakatra,takatra
mpanakatra,takatra
takarina,takatra
tinakatra,takatra
voatakatra,takatra
mahatakatse,takatse
mampanakatse,takatse
mifampanakatse,takatse
mifanakatse,takatse
mihatakatse,takatse
pampanakatse,takatse
pifampanakatse,takatse
pifanakatse,takatse
voatakatse,takatse
fitakatsihana,takatsika
fitakatsika,takatsika
itakatsihana,takatsika
mitakatsika,takatsika
mpitakatsika,takatsika
takatsihina,takatsika
mahatake,take
mampitake,take
mifampitake,take
mihamitake,take
mitake,take
pitake,take
voatake,take
fitakemorana,takemotra
fitakemotra,takemotra
itakemorana,takemotra
mampitakemotra,takemotra
mitakemotra,takemotra
mpitakemotra,takemotra
taketrana,taketra
anatakibahana,takibaka
atakibaka,takibaka
fanatakibahana,takibaka
fanatakibaka,takibaka
manatakibaka,takibaka
mpanatakibaka,takibaka
takibahana,takibaka
voatakibaka,takibaka
anatakibohana,takiboka
atakiboka,takiboka
fanatakibohana,takiboka
fanatakiboka,takiboka
fitakibohana,takiboka
fitakiboka,takiboka
itakibohana,takiboka
mahatakiboka,takiboka
manatakiboka,takiboka
mitakiboka,takiboka
mpanatakiboka,takiboka
mpitakiboka,takiboka
tafatakiboka,takiboka
voatakiboka,takiboka
mitakihotse,takihotse
pitakihotse,takihotse
voatakihotse,takihotse
anatakikiana,takiky
atakiky,takiky
fanatakikiana,takiky
fanatakiky,takiky
fitakikiana,takiky
fitakiky,takiky
mahatakiky,takiky
manatakiky,takiky
mitakiky,takiky
mpanatakiky,takiky
mpitakiky,takiky
tafatakiky,takiky
voatakiky,takiky
anatakilana,takila
atakila,takila
fanatakila,takila
fanatakilana,takila
fitakila,takila
fitakilana,takila
itakilàna,takila
mahatakila,takila
manatakila,takila
mitakila,takila
mpanatakila,takila
takilaina,takila
voatakila,takila
mahatakimoka,takimoka
mitakimoka,takimoka
tafatakimoka,takimoka
anatakitsohana,takitsoka
atakitsoka,takitsoka
fanatakitsohana,takitsoka
fanatakitsoka,takitsoka
fitakitsohana,takitsoka
fitakitsoka,takitsoka
itakitsohana,takitsoka
mahatakitsoka,takitsoka
manatakitsoka,takitsoka
mitakitsoka,takitsoka
mpanatakitsoka,takitsoka
mpitakitsoka,takitsoka
tafatakitsoka,takitsoka
takitsohina,takitsoka
voatakitsoka,takitsoka
anatakizinana,takizina
atakizina,takizina
fanatakizina,takizina
fanatakizinana,takizina
fitakizina,takizina
fitakizinana,takizina
itakizinana,takizina
mahatakizina,takizina
manatakizina,takizina
mitakizina,takizina
mpanatakizina,takizina
mpitakizina,takizina
tafatakizina,takizina
takizinina,takizina
voatakizina,takizina
atako,tako
mahatako,tako
mampanako,tako
mampitako,tako
mifampitako,tako
mifanako,tako
mihamanako,tako
panako,tako
pifanako,tako
pitako,tako
takofa,tako
voatako,tako
anatakobahana,takobaka
atakobaka,takobaka
fanatakobahana,takobaka
fanatakobaka,takobaka
fitakobahana,takobaka
fitakobaka,takobaka
itakobahana,takobaka
mahatakobaka,takobaka
manatakobaka,takobaka
mitakobaka,takobaka
mpanatakobaka,takobaka
mpitakobaka,takobaka
takobahina,takobaka
voatakobaka,takobaka
anatakobohana,takoboka
atakoboka,takoboka
fanatakobohana,takoboka
fanatakoboka,takoboka
fitakobohana,takoboka
fitakoboka,takoboka
itakobohana,takoboka
mahatakoboka,takoboka
manatakoboka,takoboka
mitakoboka,takoboka
mpanatakoboka,takoboka
mpitakoboka,takoboka
tafatakoboka,takoboka
voatakoboka,takoboka
anatakodirana,takoditra
atakoditra,takoditra
fanatakodirana,takoditra
fanatakoditra,takoditra
fitakodirana,takoditra
fitakoditra,takoditra
itakodirana,takoditra
mahatakoditra,takoditra
manatakoditra,takoditra
mitakoditra,takoditra
mpanatakoditra,takoditra
takodirana,takoditra
voatakoditra,takoditra
atakoko,takoko
fitakoko,takoko
fitakokoana,takoko
itakokoana,takoko
mahatakoko,takoko
mitakoko,takoko
mpitakoko,takoko
tafatakoko,takoko
anakolahana,takolaka
atakolaka,takolaka
fanakolahana,takolaka
fanakolaka,takolaka
fitakolahana,takolaka
fitakolaka,takolaka
itakolahana,takolaka
mahatakolaka,takolaka
manakolaka,takolaka
manatakolaka,takolaka
mitakolaka,takolaka
mpanakolaka,takolaka
mpitakolaka,takolaka
tafatakolaka,takolaka
takolahina,takolaka
voatakolaka,takolaka
anakonana,takona
atakona,takona
fanakona,takona
fanakonana,takona
fitakona,takona
fitakonana,takona
itakonana,takona
mahatakona,takona
manakona,takona
mitakona,takona
mpanakona,takona
takonana,takona
takontakona,takona
tinakona,takona
voatakona,takona
ifanakonana,takona
mifampitakona,takona
mifanakona,takona
mpitakona,takona
takonina,takona
voatakontakona,takontakona
mitakoritsoka,takoritsoka
mahatakosike,takosike
mampitakosike,takosike
mifampitakosike,takosike
mihamitakosike,takosike
mitakosike,takosike
pifampitakosike,takosike
pitakosike,takosike
voatakosike,takosike
mitakosiky,takosiky
mahatakosina,takosina
manatakosina,takosina
anatakosinana,takosina
atakosina,takosina
fanatakosina,takosina
fanatakosinana,takosina
fitakosina,takosina
fitakosinana,takosina
itakosinana,takosina
mitakosina,takosina
mpanatakosina,takosina
mpitakosina,takosina
tafatakosina,takosina
takosenana,takosina
takosinina,takosina
voatakosina,takosina
fitakositra,takositra
mitakositra,takositra
mitakosona,takosona
fitakosotra,takosotra
mitakosotra,takosotra
fanakotra,takotra
anakofana,takotra
atakotra,takotra
fanakofana,takotra
fitakotra,takotra
mahatakotra,takotra
manakotra,takotra
mitakotra,takotra
mpanakotra,takotra
takofana,takotra
tinakotra,takotra
voatakotra,takotra
anatakotrohana,takotroka
atakotroka,takotroka
fanatakotrohana,takotroka
fanatakotroka,takotroka
fitakotrohana,takotroka
fitakotroka,takotroka
itakotrohana,takotroka
mahatakotroka,takotroka
manatakotroka,takotroka
mitakotroka,takotroka
mpanatakotroka,takotroka
mpitakotroka,takotroka
tafatakotroka,takotroka
takotrokotroka,takotroka
voatakotroka,takotroka
mitakovana,takovana
atakovana,takovana
fanatakovana,takovana
fitakovana,takovana
manatakovana,takovana
mpanatakovana,takovana
voatakovana,takovana
ataky,taky
fitakiana,taky
itakiana,taky
mahataky,taky
mitaky,taky
mpitaky,taky
takina,taky
tinaky,taky
voataky,taky
mitalaba,talaba
fitalaboboka,talaboboka
mitalaboboka,talaboboka
voatalagaga,talagaga
atalagaga,talagaga
fitalagaga,talagaga
fitalagagana,talagaga
italagagana,talagaga
mitalagaga,talagaga
mpitalagaga,talagaga
fitalohoana,talaho
atalaho,talaho
fitalaho,talaho
fitalahoana,talaho
italahoana,talaho
mahatalaho,talaho
mitalaho,talaho
mpitalaho,talaho
tafatalaho,talaho
talahoana,talaho
talahoina,talaho
voatalaho,talaho
fahatalanjonana,talanjona
fitalanjona,talanjona
fitalanjonana,talanjona
hatalanjonana,talanjona
italanjonana,talanjona
mahatalanjona,talanjona
mitalanjona,talanjona
mpitalanjona,talanjona
anatalantalanana,talantalana
atalantalana,talantalana
fanatalantalana,talantalana
fanatalantalanana,talantalana
fitalantalana,talantalana
fitalantalanana,talantalana
italantalanana,talantalana
mahatalantalana,talantalana
manatalantalana,talantalana
mitalantalana,talantalana
mpanatalantalana,talantalana
tafatalantalana,talantalana
talantalanana,talantalana
talantalanina,talantalana
voatalantalana,talantalana
atalapetraka,talapetraka
fitalapetrahana,talapetraka
fitalapetraka,talapetraka
italapetrahana,talapetraka
mahatalapetraka,talapetraka
mitalapetraka,talapetraka
mpitalapetraka,talapetraka
tafatalapetraka,talapetraka
voatalapetraka,talapetraka
fitalapioka,talapioka
mitalapioka,talapioka
fitalelaka,talelaka
mitalelaka,talelaka
atalily,talily
mahatalily,talily
pitalily,talily
voatalily,talily
mahataly,taly
mampanaly,taly
mampitaly,taly
mifampitaly,taly
mihamitaly,taly
pifampitaly,taly
pitaly,taly
voataly,taly
mitaly,taly
talina,taly
fitamana,tama
mahatama,tama
mihatama,tama
mitama,tama
pitama,tama
fanatamana,tamana
anatamanana,tamana
atamana,tamana
fanatamanana,tamana
mahatamana,tamana
manatamana,tamana
mpanatamana,tamana
tafatamana,tamana
tamanaina,tamana
tamanina,tamana
voatamana,tamana
tamangoana,tamango
mitamatama,tamatama
mahatamba,tamba
manamba,tamba
mitambaby,tambaby
mitambalana,tambalana
tambanana,tambana
manambatambatra,tambatambatra
atambatra,tambatra
fanambatra,tambatra
fitambarana,tambatra
fitambatra,tambatra
itambarana,tambatra
mahatambatra,tambatra
manambatra,tambatra
manatambatra,tambatra
mitambatra,tambatra
mpanambatra,tambatra
mpitambatra,tambatra
tafatambatra,tambatra
tambatambatra,tambatra
voatambatra,tambatra
fitambatse,tambatse
mahatambatse,tambatse
mampitambatse,tambatse
manambatse,tambatse
mitambatse,tambatse
tambavena,tambavy
tambaviana,tambavy
fitambelona,tambelona
mitambelona,tambelona
anatamberenana,tamberina
atamberina,tamberina
fanatamberenana,tamberina
fanatamberina,tamberina
fitamberenana,tamberina
fitamberina,tamberina
itamberenana,tamberina
mahatamberina,tamberina
manatamberina,tamberina
mitamberina,tamberina
mpanatamberina,tamberina
mpitamberina,tamberina
tafatamberina,tamberina
tamberezina,tamberina
tamberimberina,tamberina
voatamberina,tamberina
anatamberiverena,tamberivery
atamberivery,tamberivery
fanatamberiverena,tamberivery
fanatamberivery,tamberivery
fitamberiverena,tamberivery
fitamberivery,tamberivery
itamberiverena,tamberivery
mahatamberivery,tamberivery
manatamberivery,tamberivery
mitamberivery,tamberivery
mpanatamberivery,tamberivery
mpitamberivery,tamberivery
tafatamberivery,tamberivery
tamberiverena,tamberivery
voatamberivery,tamberivery
anatambesarana,tambesatra
atambesatra,tambesatra
fanatambesarana,tambesatra
fanatambesatra,tambesatra
fitambesarana,tambesatra
fitambesatra,tambesatra
itambesarana,tambesatra
mahatambesatra,tambesatra
manatambesatra,tambesatra
mitambesatra,tambesatra
mpanatambesatra,tambesatra
mpitambesatra,tambesatra
tafatambesatra,tambesatra
tambesarana,tambesatra
voatambesatra,tambesatra
mihamanambetambe,tambetambe
panambetambe,tambetambe
atambezo,tambezo
fitambezo,tambezo
fitambezoana,tambezo
mahatambezo,tambezo
mitambezo,tambezo
mpitambezo,tambezo
tafatambezo,tambezo
tambezoina,tambezo
voatambezo,tambezo
fitambezona,tambezona
fitambezonana,tambezona
itambezoana,tambezona
itambezonana,tambezona
anatambinana,tambina
atambina,tambina
fanatambina,tambina
fanatambinana,tambina
fitambina,tambina
fitambinana,tambina
itambinana,tambina
mahatambina,tambina
manatambina,tambina
mitambina,tambina
mpanatambina,tambina
mpitambina,tambina
tambinana,tambina
tinambina,tambina
voatambina,tambina
itambatambazana,tambitamby
anambatambazana,tambitamby
atambitamby,tambitamby
fanambatambazana,tambitamby
fanambitamby,tambitamby
fitambatambazana,tambitamby
fitambitambazana,tambitamby
fitambitamby,tambitamby
mahatambitamby,tambitamby
manambitamby,tambitamby
mitambitamby,tambitamby
mpanambitamby,tambitamby
mpitambitamby,tambitamby
tambatambazana,tambitamby
tinambitamby,tambitamby
voatambitamby,tambitamby
mitamboavoa,tamboavoa
atamboke,tamboke
mahatamboke,tamboke
mampitamboke,tamboke
mitamboke,tamboke
pitamboke,tamboke
anatambolavolana,tambolavola
fanatambolavola,tambolavola
fanatambolavolana,tambolavola
fitambolavola,tambolavola
manatambolavola,tambolavola
mitambolavola,tambolavola
mpanatambolavola,tambolavola
tambolavolaina,tambolavola
voatambolavola,tambolavola
mitambolimbolina,tambolimbolina
manambolina,tambolina
anatambolenana,tambolina
atambolina,tambolina
fanatambolenana,tambolina
fanatambolina,tambolina
fitambolenana,tambolina
fitambolina,tambolina
itambolenana,tambolina
itambolimbolenana,tambolina
mahatambolina,tambolina
manatambolina,tambolina
mitambolina,tambolina
mpanatambolina,tambolina
tafatambolina,tambolina
tambolenina,tambolina
tambolimbolina,tambolina
voatambolina,tambolina
mitambolivolo,tambolivolo
mitambolivoly,tambolivoly
mitambongambongana,tambongambongana
anatambonganana,tambongana
atambongana,tambongana
fanatambongana,tambongana
fanatambonganana,tambongana
fitambongana,tambongana
fitambonganana,tambongana
itambonganana,tambongana
manatambongana,tambongana
mitambongana,tambongana
mpanatambongana,tambongana
mpitambongana,tambongana
tafatambongana,tambongana
tambongambongana,tambongana
atamborokiky,tamborokiky
fitamborokiky,tamborokiky
mampitamborokiky,tamborokiky
mitamborokiky,tamborokiky
pitamborokiky,tamborokiky
anatambororotana,tambororotra
atambororotra,tambororotra
fanatambororotana,tambororotra
fanatambororotra,tambororotra
fitambororotana,tambororotra
fitambororotra,tambororotra
itambororotana,tambororotra
mahatambororotra,tambororotra
manatambororotra,tambororotra
mitambororotra,tambororotra
mpanatambororotra,tambororotra
mpitambororotra,tambororotra
tafatambororotra,tambororotra
anatambotsorana,tambotsotra
atambotsotra,tambotsotra
fanatambotsorana,tambotsotra
fanatambotsotra,tambotsotra
fitambotsorana,tambotsotra
fitambotsotra,tambotsotra
itambotsorana,tambotsotra
mahatambotsotra,tambotsotra
manatambotsotra,tambotsotra
mitambotsotra,tambotsotra
mpanatambotsotra,tambotsotra
mpitambotsotra,tambotsotra
tafatambotsotra,tambotsotra
voatambotsotra,tambotsotra
fanamby,tamby
anambazana,tamby
atamby,tamby
fanambazana,tamby
fifanambazana,tamby
fifanamby,tamby
fitambazana,tamby
fitamby,tamby
ifanambazana,tamby
itambazana,tamby
mahatamby,tamby
mampitamby,tamby
manamby,tamby
mifanamby,tamby
mitamby,tamby
mpanamby,tamby
mpifanamby,tamby
mpitamby,tamby
tambazana,tamby
tambitamby,tamby
tinamby,tamby
voatamby,tamby
fanamika,tamika
manamika,tamika
itamoana,tamo
mitamo,tamo
tamoina,tamo
voatamo,tamo
anatamorana,tamora
fanatamora,tamora
fanatamorana,tamora
mahatamora,tamora
manatamora,tamora
mpanatamora,tamora
tamoraina,tamora
voatamora,tamora
tomamotamo,tamotamo
atampake,tampake
mahatampake,tampake
mampanampake,tampake
mampitampake,tampake
manampake,tampake
mifanampake,tampake
mihatampake,tampake
mitampake,tampake
panampake,tampake
pitampake,tampake
voatapake,tampake
atampe,tampe
fatampe,tampe
hatampe,tampe
mahatampe,tampe
mampitampe,tampe
mihatampe,tampe
mitampe,tampe
pitampe,tampe
voatampe,tampe
itampesinana,tampesina
mitampesina,tampesina
atampesona,tampesona
fitampesona,tampesona
fitampesonana,tampesona
itampesonana,tampesona
mahatampesona,tampesona
mitampesona,tampesona
mpitampesona,tampesona
tafatampesona,tampesona
tampesonina,tampesona
itampifina,tampify
mampanampify,tampify
panampify,tampify
anatampifiana,tampify
atampify,tampify
fanatampifiana,tampify
fanatampify,tampify
fitampifiana,tampify
fitampify,tampify
mahatampify,tampify
manatampify,tampify
mitampify,tampify
mpanatampify,tampify
mpitampify,tampify
tafatampify,tampify
voatampify,tampify
anampehana,tampika
anampihana,tampika
manampika,tampika
tampehina,tampika
tampihina,tampika
tinampika,tampika
voatampika,tampika
atampike,tampike
mahatampike,tampike
mampanampike,tampike
manampike,tampike
mitampike,tampike
panampike,tampike
pitampike,tampike
voatampike,tampike
ramitampina,tampina
anampenana,tampina
fanampenana,tampina
fanampina,tampina
fitampenana,tampina
itampenana,tampina
manampina,tampina
mpanampina,tampina
tampenana,tampina
atampina,tampina
fitampina,tampina
mahatampina,tampina
mampitampina,tampina
mitampina,tampina
mpitampina,tampina
tampintampina,tampina
tinampina,tampina
voatampina,tampina
itampisahana,tampisaka
mitampisaka,tampisaka
mpitampisaka,tampisaka
anatampisahana,tampisaka
atampisaka,tampisaka
fanatampisahana,tampisaka
fanatampisaka,tampisaka
fitampisahana,tampisaka
fitampisaka,tampisaka
mahatampisaka,tampisaka
manatampisaka,tampisaka
mpanatampisaka,tampisaka
tafatampisaka,tampisaka
tampisahina,tampisaka
mahatampitse,tampitse
mampanampitse,tampitse
manampitse,tampitse
mihatampitse,tampitse
panampitse,tampitse
voatampitse,tampitse
anatampodiana,tampody
atampody,tampody
fanatampodiana,tampody
fanatampody,tampody
fitampodiana,tampody
fitampody,tampody
itampodiana,tampody
mahatampody,tampody
manatampody,tampody
mitampody,tampody
mpanatampody,tampody
mpitampody,tampody
tafatampody,tampody
tampodina,tampody
voatampody,tampody
fanampoka,tampoka
mpanampoka,tampoka
tinampoka,tampoka
voatampoka,tampoka
fanatampoka,tampoka
mahatampoka,tampoka
manampoka,tampoka
manatampoka,tampoka
mpanatampoka,tampoka
tampohina,tampoka
tampotampoka,tampoka
atampoka,tampoka
fanampohana,tampoka
fitampoha,tampoka
fitampohana,tampoka
fitampoka,tampoka
itampohana,tampoka
mitampoka,tampoka
mpitampoka,tampoka
tampohana,tampoka
atampoke,tampoke
kitampoke,tampoke
mahatampoke,tampoke
mampanampoke,tampoke
manampoke,tampoke
mitampoke,tampoke
panampoke,tampoke
pitampoke,tampoke
voatampoke,tampoke
atampona,tampona
fanampona,tampona
fanamponana,tampona
mahatampona,tampona
manampona,tampona
manatampona,tampona
mpanampona,tampona
tamponana,tampona
tinampona,tampona
voatampona,tampona
atampy,tampy
mahatampy,tampy
mampanampy,tampy
mitampy,tampy
panampy,tampy
voatampy,tampy
fanamy,tamy
mahatamy,tamy
mpanamy,tamy
tamina,tamy
voatamy,tamy
mitamy,tamy
tamena,tamy
atanana,tana
fampitanana,tana
fitanana,tana
fitantana,tana
fitantanana,tana
atana,tana
itanana,tana
mahatàna,tana
mampitana,tana
mifampitana,tana
mitana,tana
mpitana,tana
tanana,tana
tantàna,tana
voatana,tana
mampitanàka,tanaka
tanarahina,tanaka
tanahina,tanaka
tananahina,tanaka
mitañañake,tanake
fanatanatana,tanatana
anatanatanana,tanatana
atanatana,tanatana
fanatanatanana,tanatana
fitanatana,tanatana
fitanatanana,tanatana
itanatanana,tanatana
mahatanatana,tanatana
manatanatana,tanatana
mangotanatana,tanatana
mitanatana,tanatana
mpanatanatana,tanatana
mpitanatana,tanatana
tanatanaina,tanatana
voatanatana,tanatana
atandahatra,tandahatra
fitandaharana,tandahatra
fitandahatra,tandahatra
itandaharana,tandahatra
mampitandahatra,tandahatra
mifampitandahatra,tandahatra
mitandahatra,tandahatra
mpitandahatra,tandahatra
atandatsaka,tandatsaka
itandatsahana,tandatsaka
mitandatsaka,tandatsaka
voatandatsaka,tandatsaka
mitandava,tandava
mitandavana,tandavana
tomandavana,tandavana
kitandetse,tandetse
mahatandetse,tandetse
mampanandetse,tandetse
mihamandetse,tandetse
mitandetse,tandetse
panandetse,tandetse
pitandetse,tandetse
voatandetse,tandetse
mitandetsy,tandetsy
manandindona,tandindona
tandindomina,tandindona
voatandindona,tandindona
tandomerina,tandomitra
anandrana,tandra
atandra,tandra
fanandra,tandra
manandra,tandra
mpanandra,tandra
tandraina,tandra
tinandra,tandra
voatandra,tandra
fitandrantandrana,tandrantandrana
fitandrantandranana,tandrantandrana
itandrantandranana,tandrantandrana
mitandrantandrana,tandrantandrana
mpitandrantandrana,tandrantandrana
fitandrendrena,tandrendrena
mitandrendrena,tandrendrena
mpitandrendrena,tandrendrena
mitandreny,tandreny
anandrifiana,tandrify
atandrify,tandrify
fanandrifiana,tandrify
fanandrify,tandrify
mahatandrify,tandrify
manandrify,tandrify
mifanandrify,tandrify
mpanandrify,tandrify
tandrifina,tandrify
voatandrify,tandrify
fitandremana,tandrina
atandrina,tandrina
fampitandremana,tandrina
fitandrina,tandrina
itandremana,tandrina
mahatandrina,tandrina
mitandrina,tandrina
mpitandrina,tandrina
tandremana,tandrina
voatandrina,tandrina
itandroana,tandro
fitandro,tandro
fitandroana,tandro
fitandrovana,tandro
itandrovana,tandro
mitandro,tandro
mpitandro,tandro
tandrovina,tandro
voatandro,tandro
fanandrohana,tandroka
fanandroka,tandroka
fiantandrohana,tandroka
fiantandroka,tandroka
iantandrohana,tandroka
miantandroka,tandroka
mpanandroka,tandroka
mpiantandoka,tandroka
tandrohana,tandroka
tandrohina,tandroka
voatandroka,tandroka
anandronana,tandrona
manandrona,tandrona
tandronina,tandrona
atandry,tandry
manandry,tandry
tandrena,tandry
voatandry,tandry
atane,tane
mahatañe,tane
mampanane,tane
mampitañe,tane
manane,tane
mihamane,tane
mihamitañe,tane
mitane,tane
panane,tane
pitane,tane
voatane,tane
fitanesahana,tanesaka
fitanesaka,tanesaka
mitanesaka,tanesaka
mpitanesaka,tanesaka
mananety,tanety
hatangahia,tangahy
anatangaranana,tangarana
fanatangarana,tangarana
fanatangaranana,tangarana
manatangarana,tangarana
mpanatangarana,tangarana
tangaranina,tangarana
voatangarana,tangarana
fitangariana,tangary
fitangary,tangary
itangariana,tangary
mitangary,tangary
anatangazonana,tangazona
atangazona,tangazona
fanatangazona,tangazona
fanatangazonana,tangazona
fitangazona,tangazona
fitangazonana,tangazona
itangazonana,tangazona
mahatangazona,tangazona
manatangazona,tangazona
mifampitangazona,tangazona
mitangazona,tangazona
mpanatangazona,tangazona
tangazonina,tangazona
voatangazona,tangazona
fanange,tange
mitange,tange
anangenana,tangena
manangena,tangena
tangenana,tangena
anatangerenana,tangerina
atangerina,tangerina
fanatangerenana,tangerina
fanatangerina,tangerina
fanatangeringerenana,tangerina
fanatangeringerina,tangerina
fitangerenana,tangerina
fitangerina,tangerina
itangerenana,tangerina
mahatangerina,tangerina
manatangerina,tangerina
mitangerina,tangerina
mpanatangerina,tangerina
mpitangerina,tangerina
tafatangerina,tangerina
tangerenana,tangerina
tangeringerina,tangerina
voatangerina,tangerina
fitangezaheza,tangezaheza
mitangezaheza,tangezaheza
anatangidingidinana,tangidingidina
atangidingidina,tangidingidina
fanatangidingidina,tangidingidina
fanatangidingidinana,tangidingidina
fitangidingidina,tangidingidina
fitangidingidinana,tangidingidina
itangidingidinana,tangidingidina
mahatangidingidina,tangidingidina
manatangidingidina,tangidingidina
mitangidingidina,tangidingidina
mpanatangidingidina,tangidingidina
mpitangidingidina,tangidingidina
tafatangidingidina,tangidingidina
voatangidingidina,tangidingidina
anatangirihana,tangirika
atangirika,tangirika
fanatangirihana,tangirika
fanatangirika,tangirika
fitangirihana,tangirika
fitangirika,tangirika
itangirihana,tangirika
mahatangirika,tangirika
manatangirika,tangirika
mitangirika,tangirika
mpanatangirika,tangirika
mpitangirika,tangirika
tangirifana,tangirika
tangirihana,tangirika
voatangirika,tangirika
mahatangirike,tangirike
mampitangirike,tangirike
mifampitangirike,tangirike
pitangirike,tangirike
voatangirike,tangirike
anatangitrihana,tangitrika
atangitrika,tangitrika
fanatangitrihana,tangitrika
fitangitrihana,tangitrika
fitangitrika,tangitrika
itangitrihana,tangitrika
mahatangitrika,tangitrika
manatangitrika,tangitrika
mitangitrika,tangitrika
mpitangitrika,tangitrika
tafatangitrika,tangitrika
tangitrigitrika,tangitrika
voatangitrika,tangitrika
fanatangitrika,tangitrika
mpanatangitrika,tangitrika
tangitrihana,tangitrika
anatangizinana,tangizina
atangizina,tangizina
fanatangizina,tangizina
fanatangizinana,tangizina
fitangizina,tangizina
fitangizinana,tangizina
itangizinana,tangizina
mahatangizina,tangizina
manatangizina,tangizina
mitangizina,tangizina
mpanatangizina,tangizina
mpitangizina,tangizina
tafatangizina,tangizina
voatangizina,tangizina
atango,tango
fitango,tango
fitangosana,tango
itangosana,tango
mahatango,tango
mitango,tango
mpitango,tango
tangosana,tango
tangotango,tango
tangolehina,tangolika
tangolingolika,tangolika
anatangolehana,tangolika
atangolika,tangolika
fanatangolehana,tangolika
fanatangolika,tangolika
fitangolehana,tangolika
fitangolika,tangolika
itangolehana,tangolika
mahatangolika,tangolika
manatangolika,tangolika
mitangolika,tangolika
mpanatangolika,tangolika
mpitangolika,tangolika
tafatangolika,tangolika
tangolehana,tangolika
voatangolika,tangolika
anatangoloahana,tangoloaka
atangoloaka,tangoloaka
fanatangoloahana,tangoloaka
fanatangoloaka,tangoloaka
mahatangoloaka,tangoloaka
manatangoloaka,tangoloaka
mpanatangoloaka,tangoloaka
tangoloahana,tangoloaka
voatangoloaka,tangoloaka
anatangongoana,tangongo
atangongo,tangongo
fanatangongo,tangongo
fanatangongoana,tangongo
fitangongo,tangongo
fitangongoana,tangongo
itangongoana,tangongo
mahatangongo,tangongo
manatangongo,tangongo
mitangongo,tangongo
mpanatangongo,tangongo
mpitangongo,tangongo
tafatangongo,tangongo
tangongoana,tangongo
tangongoina,tangongo
voatangongo,tangongo
fitangopetaka,tangopetaka
mitangopetaka,tangopetaka
atangoro,tangoro
mahatangoro,tangoro
mampitangoro,tangoro
mifampitangoro,tangoro
mitangoro,tangoro
pitangoro,tangoro
voatangoro,tangoro
anatangoronana,tangorona
atangorona,tangorona
fanatangorona,tangorona
fanatangoronana,tangorona
fitangorona,tangorona
fitangoronana,tangorona
itangoronana,tangorona
mahatangorona,tangorona
manatangorona,tangorona
mitangorona,tangorona
mpanatangorona,tangorona
mpitangorona,tangorona
tafatangorona,tangorona
tangoronana,tangorona
tangoronina,tangorona
voatangorona,tangorona
anangotangosana,tangotango
fanangotango,tangotango
fanangotangosana,tangotango
manangotango,tangotango
mpanangotango,tangotango
itangozanana,tangozana
mitangozana,tangozana
tangozanina,tangozana
voatangozana,tangozana
anangiana,tangy
atangy,tangy
fanangiana,tangy
fanangy,tangy
fitangy,tangy
mahatangy,tangy
mampanangy,tangy
mitangy,tangy
mpanangy,tangy
mpitangy,tangy
tangina,tangy
voatangy,tangy
itenehana,tanika
tenehina,tanika
atanika,tanika
fitanehana,tanika
fitanika,tanika
itanehana,tanika
mahatanika,tanika
mitanika,tanika
mpitanika,tanika
tanehina,tanika
mampitanike,tanike
mitanike,tanike
pitanike,tanike
voatanike,tanike
manatanila,tanila
anatanilana,tanila
fanatanila,tanila
fanatanilana,tanila
fitanila,tanila
fitanilana,tanila
mahatanila,tanila
mitanila,tanila
mpitanila,tanila
tanilaina,tanila
voatanila,tanila
anataninana,tanina
atanina,tanina
fanatanina,tanina
fanataninana,tanina
fitanina,tanina
fitaninana,tanina
itaninana,tanina
mahatanina,tanina
manatanina,tanina
mitanina,tanina
mpanatanina,tanina
mpitanina,tanina
tafatanina,tanina
taninana,tanina
taninina,tanina
voatanina,tanina
mitanisa,tanisa
fitanisa,tanisa
fitanisana,tanisa
itanisana,tanisa
mahatanisa,tanisa
mpitanisa,tanisa
tanisaina,tanisa
voatanisa,tanisa
hatanjahina,tanjahina
atanjaka,tanjaka
fahatanjahana,tanjaka
mahatanjaka,tanjaka
anatanjahana,tanjaka
fahatanjaka,tanjaka
fanatanjahana,tanjaka
fanatanjaka,tanjaka
fitanjahana,tanjaka
fitanjaka,tanjaka
hatanjahana,tanjaka
itanjahana,tanjaka
mampahatanjaka,tanjaka
manatanjaka,tanjaka
matanjaka,tanjaka
mihatanjaka,tanjaka
mitanjaka,tanjaka
mpanatanjaka,tanjaka
mpitanjaka,tanjaka
tafatanjaka,tanjaka
tanjahina,tanjaka
tanjatanjaka,tanjaka
voatanjaka,tanjaka
atanjake,tanjake
mahatanjake,tanjake
mampatanjake,tanjake
mampitanjake,tanjake
matanjake,tanjake
mifampitanjake,tanjake
mihamatanjake,tanjake
mitanjake,tanjake
patanjake,tanjake
pitanjake,tanjake
voatanjake,tanjake
fampananjeña,tanjena
fananjeña,tanjena
hatanjeña,tanjena
mahanjeña,tanjena
mampananjeña,tanjena
mananjeña,tanjena
mihatanjeña,tanjena
pananjeña,tanjena
voatanjeña,tanjena
atanjife,tanjife
mampananjife,tanjife
mananjife,tanjife
mifananjife,tanjife
mihamananjife,tanjife
pananjife,tanjife
pifananjife,tanjife
voatanjife,tanjife
anatanjozorana,tanjozotra
atanjozotra,tanjozotra
fanatanjozorana,tanjozotra
fanatanjozotra,tanjozotra
fitanjozorana,tanjozotra
fitanjozotra,tanjozotra
itanjozorana,tanjozotra
mahatanjozotra,tanjozotra
manatanjozotra,tanjozotra
mitanjozotra,tanjozotra
mpitanjozotra,tanjozotra
tafatanjozotra,tanjozotra
tanjozorina,tanjozotra
voatanjozotra,tanjozotra
mahatankina,tankina
manatankina,tankina
fitankisina,tankisina
fitankisinana,tankisina
itankisinana,tankisina
mitankisina,tankisina
mpitankisina,tankisina
tankisinkisina,tankisina
fitankosinana,tankosina
tankosinina,tankosina
atankosina,tankosina
fitankosenana,tankosina
fitankosina,tankosina
itankosenana,tankosina
mahatankosina,tankosina
mitankosina,tankosina
mpitankosina,tankosina
tafatankosina,tankosina
tankosenana,tankosina
tankosinkosina,tankosina
voatankosina,tankosina
anatanondrehana,tanondrika
atanondrika,tanondrika
fanatanondrehana,tanondrika
fanatanondrika,tanondrika
fitanondrehana,tanondrika
fitanondrika,tanondrika
itanondrehana,tanondrika
mahatanondrika,tanondrika
manatanondrika,tanondrika
mitanondrika,tanondrika
mpanatanondrika,tanondrika
mpitanondrika,tanondrika
tafatanondrika,tanondrika
voatanondrika,tanondrika
tanondrehina,"tanondrika"""
atanontanona,tanontanona
fananontanona,tanontanona
fitanontanona,tanontanona
fitanontanonana,tanontanona
itanontanonana,tanontanona
mahatanontanona,tanontanona
mananontanona,tanontanona
mitanontanona,tanontanona
mpananontanona,tanontanona
mpitanontanona,tanontanona
tafatanontanona,tanontanona
tanontanonana,tanontanona
tanontanonina,tanontanona
voatanontanona,tanontanona
mihatanora,tanora
fahatanora,tanora
fahatanorana,tanora
hatanorana,tanora
mahatanora,tanora
tanoraina,tanora
voatanora,tanora
ampitanta,tanta
fampitanta,tanta
fifantana,tanta
fitanta,tanta
mahatanta,tanta
mampitanta,tanta
pitanta,tanta
voatanta,tanta
manantamo,tantamo
fanantana,tantana
itantanana,tantana
mahatantana,tantana
mitantana,tantana
mpitantana,tantana
voatantana,tantana
tantanina,tantana
atantana,tantana
tantanana,tantana
mifampitantara,tantara
ampitantara,tantara
fampitantara,tantara
fifampitantara,tantara
fitantara,tantara
fitantarana,tantara
itantarana,tantara
mahatantara,tantara
mampitantara,tantara
mihamitantara,tantara
mitantara,tantara
mpitantara,tantara
pitantara,tantara
tantaraina,tantara
voatantara,tantara
fanatantarana,tantarana
mahatantarana,tantarana
manatantarana,tantarana
mitantarana,tantarana
tafatantarana,tantarana
tantaranina,tantarana
voatantarana,tantarana
antantavanana,tantavana
anatantavanana,tantavana
atantavana,tantavana
fanatantavana,tantavana
fanatantavanana,tantavana
fitantavana,tantavana
fitantavanana,tantavana
itantavanana,tantavana
mahatantavana,tantavana
manatantavana,tantavana
mitantavana,tantavana
mpanatantavana,tantavana
mpitantavana,tantavana
tantavanina,tantavana
voatantavana,tantavana
atante,tante
mahatante,tante
mampanante,tante
mampitante,tante
manante,tante
mitante,tante
panante,tante
voatante,tante
mampitantehe,tantehe
mitantehe,tantehe
pitantehe,tantehe
voatantehe,tantehe
manantely,tantely
ahatanterahana,tanteraka
mananteraka,tanteraka
anatanterahana,tanteraka
aninterahana,tanteraka
atanteraka,tanteraka
fahatanterahana,tanteraka
fanatanterahana,tanteraka
fanatanteraka,tanteraka
faninterahana,tanteraka
faninteraka,tanteraka
mahatanteraka,tanteraka
manatanteraka,tanteraka
maninteraka,tanteraka
mpanatanteraka,tanteraka
mpaninteraka,tanteraka
tanterahina,tanteraka
voatanteraka,tanteraka
mahatanterake,tanterake
mañatanterake,tanterake
mihatanterake,tanterake
pañatanterake,tanterake
voatanterake,tanterake
fananty,tanty
anantazana,tanty
atanty,tanty
fanantazana,tanty
fitantazana,tanty
itantazana,tanty
mahatanty,tanty
mananty,tanty
mitanty,tanty
mpananty,tanty
mpitanty,tanty
tantazana,tanty
voatanty,tanty
taniana,tany
tomany,tany
atanaka,tanàka
fitanàka,tanàka
mitanàka,tanàka
mpitanaka,tanàka
tafatanaka,tanàka
voatanaka,tanàka
fananovana,tao
fañañovana,tao
fitao,tao
hanao,tao
ifanaovana,tao
mampanao,tao
mampitao,tao
mihamitao,tao
panao,tao
pitao,tao
ampanaovana,tao
anaonaovana,tao
anaovana,tao
atao,tao
ataotao,tao
fampitaovana,tao
fanao,tao
fanaovana,tao
hatao,tao
manao,tao
manaonao,tao
mifanao,tao
mpampanao,tao
mpanao,tao
mpifanao,tao
voatao,tao
fitaovana,tao
itaovana,tao
mahatao,tao
mitao,tao
mpitao,tao
fitaomana,taona
fitaona,taona
itaomana,taona
mahataona,taona
mitaona,taona
mpitaona,taona
taomina,taona
voataona,taona
mitaontaona,taontaona
fitapahana,tapaka
mpanapaka,tapaka
anapahana,tapaka
fanapahana,tapaka
fanapaka,tapaka
fifanapahana,tapaka
fifanipahana,tapaka
fitapaka,tapaka
ifanapahana,tapaka
mahatapaka,tapaka
manapaka,tapaka
mitapaka,tapaka
tapahina,tapaka
tapatapaka,tapaka
tinapaka,tapaka
voatapaka,tapaka
ampitapatapa,tapatapa
fampitapatapa,tapatapa
fitapatapa,tapatapa
mampitapatapa,tapatapa
mihamitapatapa,tapatapa
mitapatapa,tapatapa
pitapatapa,tapatapa
voatapatapa,tapatapa
mampifanapatapaka,tapatapaka
manapatapaka,tapatapaka
mifanapatapaka,tapatapaka
mitapatapaka,tapatapaka
tapatapahina,tapatapaka
mitapelaka,tapelaka
fitapiaka,tapiaka
mitapiaka,tapiaka
fanatapika,tapika
anatapihana,tapika
fanatapihana,tapika
mahatapika,tapika
manatapika,tapika
mpanatapika,tapika
tapihina,tapika
voatapika,tapika
mitapikotra,tapikotra
manapisa,tapisa
atapitapy,tapitapy
fitapitapiana,tapitapy
fitapitapy,tapitapy
itapitapiana,tapitapy
mitapitapy,tapitapy
mpitapitapy,tapitapy
tafatapitapy,tapitapy
tsitapitapy,tapitapy
voatapitapy,tapitapy
fahataperana,tapitra
fanaperana,tapitra
fanapitra,tapitra
mahatapitra,tapitra
manapitra,tapitra
mpanapitra,tapitra
tapitapitra,tapitra
anaperana,tapitra
taperina,tapitra
anatapoahana,tapoaka
atapoaka,tapoaka
fanatapoahana,tapoaka
fanatapoaka,tapoaka
fitapoahana,tapoaka
fitapoaka,tapoaka
itapoahana,tapoaka
mahatapoaka,tapoaka
manatapoaka,tapoaka
mitapoaka,tapoaka
mpanatapoaka,tapoaka
mpitapoaka,tapoaka
tapoapoaka,tapoaka
voatapoaka,tapoaka
kitapoake,tapoake
atapy,tapy
fitapiana,tapy
fitapy,tapy
itapiana,tapy
mahatapy,tapy
mitapy,tapy
mpitapy,tapy
voatapy,tapy
fahatarana,tara
fitaraiky,taraiky
mitaraiky,taraiky
mpitaraiky,taraiky
taraikiraiky,taraiky
fitaraina,taraina
fitarainana,taraina
itarainana,taraina
mahataraina,taraina
mitaraina,taraina
mpitaraina,taraina
tafataraina,taraina
taraindraina,taraina
tarainina,taraina
mitarana,tarana
taranina,tarana
anaranahana,taranaka
fanaranahana,taranaka
fanaranaka,taranaka
manaranaka,taranaka
mpanaranaka,taranaka
taranahina,taranaka
mitaranjo,taranjo
fitararaka,tararaka
mitararaka,tararaka
mahatarare,tarare
mihatarare,tarare
itaratarana,taratara
fitaratara,taratara
mitaratara,taratara
tarataraina,taratara
tomarataratra,tarataratra
mitarataratra,tarataratra
kitaratasy,taratasy
ataratra,taratra
fitaratra,taratra
itarafana,taratra
mahataratra,taratra
mitaratra,taratra
mpitaratra,taratra
tafataratra,taratra
tarafina,taratra
tarataratra,taratra
voataratra,taratra
fitaratse,taratse
mampitaratse,taratse
mifampitaratse,taratse
mitaratse,taratse
pifampitaratse,taratse
pitaratse,taratse
mahataray,taray
mampitaray,taray
mifampitaray,taray
mitaray,taray
pitaray,taray
voataray,taray
atarazo,tarazo
mahatarazo,tarazo
mampitarazo,tarazo
pitarazo,tarazo
tarazoina,tarazo
itarazoana,tarazo
mitarazo,tarazo
mitarazoka,tarazoka
mitaredretra,taredretra
mitarehy,tarehy
fitaretra,taretra
mitaretra,taretra
mpitaretra,taretra
taredretra,taretra
fitaria,taria
fitariavana,taria
itariavana,taria
mitaria,taria
mpitaria,taria
tafataria,taria
tariavina,taria
voataria,taria
ahatarihana,tarika
taritarika,tarika
atarika,tarika
fitarihana,tarika
fitarika,tarika
itarihana,tarika
itaritana,tarika
kitaritarika,tarika
mahatarika,tarika
mampitarika,tarika
mifampitarika,tarika
mitarika,tarika
mpitarika,tarika
tarihina,tarika
taritina,tarika
voatarika,tarika
atarike,tarike
fitarike,tarike
kitarike,tarike
mahatarike,tarike
mampitarike,tarike
mifampitarike,tarike
mifanarike,tarike
mihamitarike,tarike
mitarike,tarike
pifampitarike,tarike
pifanarike,tarike
pitarike,tarike
voatarike,tarike
fitaritarika,taritarika
mitaritarika,taritarika
fitaroka,taroka
manaroka,taroka
mifampitaroka,taroka
mifanaroka,taroka
mitaroka,taroka
tarokondry,taroka
anarohana,taroka
fanarohana,taroka
fanaroka,taroka
tarotaroka,taroka
itarohana,taroka
tarofana,taroka
tarohana,taroka
voataroka,taroka
mitaroke,taroke
pitaroke,taroke
mitarotaroka,tarotaroka
fitarozaka,tarozaka
mitarozaka,tarozaka
mpitarozaka,tarozaka
fitarozika,tarozika
mitarozika,tarozika
mpitarozika,tarozika
mitary,tary
tarina,tary
tasitasy,tasy
tataina,tata
miantatafoka,tatafoka
mitatafoka,tatafoka
atataka,tataka
fanataka,tataka
fitatahana,tataka
fitataka,tataka
itatahana,tataka
mitataka,tataka
mitatàka,tataka
mpitataka,tataka
tatahina,tataka
tinataka,tataka
anatahana,tataka
fanatahana,tataka
mahatataka,tataka
manataka,tataka
mpanataka,tataka
tatahana,tataka
voatataka,tataka
anatatahana,tataka
fanatatahana,tataka
fanatatàka,tataka
manatataka,tataka
mpanatatàka,tataka
mahatatake,tatake
mampanatake,tatake
manatake,tatake
mihatatake,tatake
panatake,tatake
pitatake,tatake
voatatake,tatake
mitatana,tatana
atatana,tatana
itatanana,tatana
tatanina,tatana
voatatana,tatana
fanataovana,tatao
anatataovana,tatao
atatao,tatao
fanatatao,tatao
fanatataovana,tatao
fitatao,tatao
fitataovana,tatao
itataovana,tatao
mahatatao,tatao
manatatao,tatao
mitatao,tatao
mpanatatao,tatao
mpitatao,tatao
tafatatao,tatao
tataovana,tatao
tataovina,tatao
voatatao,tatao
anatataroana,tataro
atataro,tataro
fanatataro,tataro
fanatataroana,tataro
fitataro,tataro
mahatataro,tataro
manatataro,tataro
mitataro,tataro
mpanatataro,tataro
tataroana,tataro
tataroina,tataro
voatataro,tataro
atatatata,tatatata
fampitatatata,tatatata
fitatatata,tatatata
fitatatatana,tatatata
itatatatana,tatatata
mampitatatata,tatatata
mitatatata,tatatata
mpitatatata,tatatata
pitatatata,tatatata
voatata,tatatata
anatarana,tatatra
atatatra,tatatra
fanatarana,tatatra
fanatatra,tatatra
fitatarana,tatatra
fitatatra,tatatra
itatarana,tatatra
mahatatatra,tatatra
manatatra,tatatra
mitatatra,tatatra
mpanatatra,tatatra
mpitatatra,tatatra
tatarana,tatatra
tinatatra,tatatra
voatatatra,tatatra
anatatavohana,tatavoka
atatavoka,tatavoka
fanatatavohana,tatavoka
fanatatavoka,tatavoka
fitatavoka,tatavoka
manatatavoka,tatavoka
mitatavoka,tatavoka
mpanatatavoka,tatavoka
mpitatavoka,tatavoka
tafatatavoka,tatavoka
voatatavoka,tatavoka
fitaterana,tatitra
fitatitra,tatitra
itaterana,tatitra
mahatatitra,tatitra
mitatitra,tatitra
taterina,tatitra
voatatitra,tatitra
mahatatitse,tatitse
mampitatitse,tatitse
mifampitatitse,tatitse
mihamitatitse,tatitse
mitatitse,tatitse
pitatitse,tatitse
voatatitse,tatitse
mahatava,tava
mampitava,tava
pitava,tava
voatava,tava
atavana,tavana
fitavana,tavana
fitavanana,tavana
itavanana,tavana
mitavana,tavana
mpitavana,tavana
tafatavana,tavana
tavanina,tavana
voatavana,tavana
mitavandra,tavandra
tavandraina,tavandra
mampitavanja,tavanja
mitavanja,tavanja
pitavanja,tavanja
fatave,tave
mampatave,tave
mañatave,tave
mitavintavina,tavintavina
tavintavenina,tavintavina
atavo,tavo
mampitavo,tavo
pañavo,tavo
pitavo,tavo
atavoaly,tavoaly
fitavoaly,tavoaly
mampitavoaly,tavoaly
mitavoaly,tavoaly
pitavoaly,tavoaly
mitavoka,tavoka
anatavohana,tavoka
anavohana,tavoka
atavoka,tavoka
fanatavohana,tavoka
fanatavoka,tavoka
fanavohana,tavoka
fanavoka,tavoka
fitavohana,tavoka
fitavoka,tavoka
itavohana,tavoka
mahatavoka,tavoka
manatavoka,tavoka
manavoka,tavoka
mpanatavoka,tavoka
mpanavoka,tavoka
mpitavoka,tavoka
tavohana,tavoka
tavotavoka,tavoka
voatavoka,tavoka
anatavonana,tavona
atavona,tavona
fanatavona,tavona
fanatavonana,tavona
fitavona,tavona
fitavonana,tavona
itavonana,tavona
mahatavona,tavona
manatavona,tavona
manavona,tavona
mitavona,tavona
mpanatavona,tavona
mpitavona,tavona
tavonana,tavona
voatavona,tavona
mitavontavona,tavontavona
mitavoravora,tavoravora
itavozavozàna,tavozavoza
mitavozavoza,tavozavoza
fankatavy,tavy
ankatavezana,tavy
fankatavezana,tavy
hatavezana,tavy
hatavezina,tavy
hatavy,tavy
mahatavy,tavy
mankatavy,tavy
matavy,tavy
tavezina,tavy
ahatazanana,tazana
fitazana,tazana
fitazanana,tazana
itazanana,tazana
mahatazana,tazana
mampitazana,tazana
mifampitazana,tazana
mitazana,tazana
tazanina,tazana
tazantazana,tazana
voatazana,tazana
itazantazanana,tazantazana
mampanazo,tazo
manazo,tazo
panazo,tazo
voatazo,tazo
tazoina,tazo
atazona,tazona
fitazona,tazona
fitazonana,tazona
itazonana,tazona
mahatazona,tazona
mitazona,tazona
mpitazona,tazona
tazonina,tazona
tinazona,tazona
voatazona,tazona
fitazotazo,tazotazo
mitazotazo,tazotazo
hitañy,tañy
mitañy,tañy
mankatea,tea
mifankatea,tea
pifankatea,tea
pitea,tea
anebahana,tebaka
fanebahana,tebaka
fanebaka,tebaka
mahatebaka,tebaka
mampantebaka,tebaka
manebaka,tebaka
mifanebaka,tebaka
mifantebaka,tebaka
mpanebaka,tebaka
tebahina,tebaka
tebatebaka,tebaka
tinebaka,tebaka
voatebaka,tebaka
fitebitebena,tebiteby
fitebiteby,tebiteby
itebitebena,tebiteby
mitebiteby,tebiteby
mpitebiteby,tebiteby
fitebohana,teboka
fiteboka,teboka
miteboka,teboka
ateboke,teboke
mampiteboke,teboke
miteboke,teboke
piteboke,teboke
voateboke,teboke
voateboteboka,teboteboka
fitefa,tefa
mahatefa,tefa
mampitefa,tefa
mihatefa,tefa
mitefa,tefa
pitefa,tefa
fanatefaka,tefaka
fitefahana,tefaka
tefatsofina,tefaka
anatefahana,tefaka
atefaka,tefaka
fanatefahana,tefaka
fitefaka,tefaka
itefahana,tefaka
manatefaka,tefaka
mitefaka,tefaka
mpanatefaka,tefaka
mpitefaka,tefaka
tefahina,tefaka
tefatefaka,tefaka
voatefaka,tefaka
ampanefe,tefe
atefe,tefe
mahatefe,tefe
mampanefe,tefe
manefe,tefe
panefe,tefe
voatefe,tefe
atefintefina,tefintefina
fitefintefenana,tefintefina
fitefintefina,tefintefina
itefintefenana,tefintefina
mahatefintefina,tefintefina
mitefintefina,tefintefina
mpitefintefina,tefintefina
tafatefintefina,tefintefina
tefitefena,tefitefy
mitefitefy,tefitefy
fitefitra,tefitra
mahatefitra,tefitra
mitefitra,tefitra
mpitefitra,tefitra
manefotefo,tefo
anatefohana,tefoka
atefoka,tefoka
fanatefohana,tefoka
fanatefoka,tefoka
fitefohana,tefoka
fitefoka,tefoka
itefohana,tefoka
mahatefoka,tefoka
manatefoka,tefoka
mitefoka,tefoka
mpanatefoka,tefoka
mpitefoka,tefoka
tefohana,tefoka
voatefoka,tefoka
anefena,tefy
atefy,tefy
fanefena,tefy
fanefy,tefy
mahatefy,tefy
mampanefy,tefy
manefy,tefy
mpanefy,tefy
tefena,tefy
tefitefy,tefy
voatefy,tefy
atehaka,tehaka
fitehafana,tehaka
fitehaka,tehaka
itehafana,tehaka
mahatehaka,tehaka
manehaka,tehaka
mitehaka,tehaka
mpitehaka,tehaka
tehafina,tehaka
tehatehaka,tehaka
tinehaka,tehaka
voatehaka,tehaka
mahatehake,tehake
mampitehake,tehake
mifampitehake,tehake
mitehake,tehake
pifampitehake,tehake
pitehake,tehake
voatehake,tehake
anehatehafana,tehatehaka
mahatehatehaka,tehatehaka
manehatehaka,tehatehaka
tehatehafina,tehatehaka
mahatehe,tehe
mampitehe,tehe
mihamitehe,tehe
mitehe,tehe
pitehe,tehe
voatehe,tehe
atehika,tehika
fitehefana,tehika
fitehika,tehika
itehefana,tehika
mahatehika,tehika
mitehika,tehika
mpitehika,tehika
tafatehika,tehika
tehefana,tehika
tinehika,tehika
voatehika,tehika
atehina,tehina
fitehenana,tehina
fitehina,tehina
itehenana,tehina
mahatehina,tehina
mitehina,tehina
mpitehina,tehina
tafatehina,tehina
tehenana,tehina
tehenina,tehina
tehintehina,tehina
voatehina,tehina
mitehintehina,tehintehina
atele,tele
mahatele,tele
mampanele,tele
mihamanele,tele
mitele,tele
voatele,tele
ankatelemana,telina
fitelina,telina
ahatelemana,telina
atelina,telina
fankatelemana,telina
fitelemana,telina
itelemana,telina
mahatelina,telina
mampitelina,telina
mankatelina,telina
mitelina,telina
mpitelina,telina
tafatelina,telina
voatelina,telina
ampahatelo,telo
fitelo,telo
fiteloana,telo
hateloana,telo
intelo,telo
iteloana,telo
mahatelo,telo
mitelo,telo
mpitelo,telo
teloina,telo
telovina,telo
tsitelotelo,telo
fahatelo,telo
kitelo,telo
fanemitra,temitra
anemerana,temitra
atemitra,temitra
fanemerana,temitra
fitemerana,temitra
fitemitra,temitra
itemerana,temitra
mahatemitra,temitra
manemitra,temitra
mitemitra,temitra
mpanemitra,temitra
temerana,temitra
temerina,temitra
voatemitra,temitra
fitemohana,temoka
fitemoka,temoka
mahatemoka,temoka
mitemoka,temoka
mpitemoka,temoka
voatemoka,temoka
fitemontemona,temontemona
fitemontemonana,temontemona
itemontemonana,temontemona
mahatemontemona,temontemona
mitemontemona,temontemona
mpitemontemona,temontemona
mampitepo,tempo
pitepo,tempo
fitenana,tena
itenana,tena
mananontena,tena
mitena,tena
tenaina,tena
mampitena,tena
mifampitena,tena
tenatena,tena
tenatenaina,tenatena
fampaneñateña,tenatena
fanenatena,tenatena
fitenatena,tenatena
fitenatenana,tenatena
itenatenana,tenatena
mampaneñateña,tenatena
mampitenatena,tenatena
manenatena,tenatena
mifampitenatena,tenatena
mifaneñateña,tenatena
mitenatena,tenatena
mpanenatena,tenatena
mpitenatena,tenatena
paneñateña,tenatena
voateñateña,tenatena
tendana,tenda
anendroana,tendro
fanendro,tendro
fanendroana,tendro
manendro,tendro
mitendro,tendro
mpanendro,tendro
tendroina,tendro
tinendro,tendro
voatendro,tendro
notendrena,tendry
anendrena,tendry
atendry,tendry
fanendrena,tendry
fanendry,tendry
fitendrena,tendry
fitendry,tendry
itendrena,tendry
mahatendry,tendry
manendry,tendry
mitendry,tendry
mpanendry,tendry
mpitendry,tendry
tendrena,tendry
tendritendry,tendry
tinendry,tendry
voatendry,tendry
mitene,tene
atenge,tenge
mampitenge,tenge
manenge,tenge
mifampitenge,tenge
mifanenge,tenge
mitenge,tenge
panenge,tenge
pitenge,tenge
voatenge,tenge
miteniteny,teniteny
anenerana,tenitra
fanenerana,tenitra
fanenitra,tenitra
mahatenitra,tenitra
manenitra,tenitra
mpanenitra,tenitra
tenerina,tenitra
voatenitra,tenitra
manenje,tenje
voatenje,tenje
mahateno,teno
mihateno,teno
fanenona,tenona
anenomana,tenona
fanenomana,tenona
mahatenona,tenona
manenona,tenona
mpanenona,tenona
tenomina,tenona
tenontenona,tenona
voatenona,tenona
fanentina,tentina
anentenana,tentina
atentina,tentina
fanentenana,tentina
fitentenana,tentina
fitentina,tentina
itentenana,tentina
mahatentina,tentina
manentina,tentina
mitentina,tentina
mpanentina,tentina
mpitentina,tentina
tentenana,tentina
tentitentina,tentina
tinentina,tentina
voatentina,tentina
mitentitentina,tentitentina
ampitenenina,teny
ateny,teny
fifampitenenana,teny
fitenenana,teny
fiteny,teny
itenenana,teny
mahateny,teny
mampiteny,teny
mifampiteny,teny
miteny,teny
mpiteny,teny
tenenina,teny
teniteny,teny
voateny,teny
fitepoana,tepo
fitepo,tepo
mitepo,tepo
tepotepo,tepo
fitepotepo,tepotepo
fitepotepoana,tepotepo
itepotepoana,tepotepo
mahatepotepo,tepotepo
mitepotepo,tepotepo
mpitepotepo,tepotepo
tafatepotepo,tepotepo
ahaterahana,teraka
ateraka,teraka
fahaterahana,teraka
fiterahana,teraka
fiteraka,teraka
iterahana,teraka
mahateraka,teraka
maneraka,teraka
mifampiteraka,teraka
miteraka,teraka
mpiteraka,teraka
aterake,terake
mahaterake,terake
mampiterake,terake
manerake,terake
mihaterake,terake
miterake,terake
pampiterake,terake
piterake,terake
voaterake,terake
miteratera,teratera
mahatere,tere
mampitere,tere
mihatere,tere
pitere,tere
voatere,tere
fahateriterena,teritery
teriterena,teritery
maneritery,teritery
mpiteritery,teritery
mahatero,tero
mampitero,tero
mihamitero,tero
mitero,tero
pitero,tero
fiteronterona,teronterona
fiteronteronana,teronterona
iteronteronana,teronterona
mahateronterona,teronterona
miteronterona,teronterona
mpiteronterona,teronterona
fahaterena,tery
fenerena,tery
fitery,tery
miteritery,tery
anerena,tery
atery,tery
fanery,tery
fiterena,tery
iterena,tery
mahatery,tery
mampantery,tery
mampifantery,tery
manery,tery
mifantery,tery
mitery,tery
mpanery,tery
mpitery,tery
terena,tery
teritery,tery
tinery,tery
fitesontesona,tesontesona
fitesontesonana,tesontesona
itesontesonana,tesontesona
mitesontesona,tesontesona
mpitesontesona,tesontesona
tafatesontesona,tesontesona
fitetatetana,tetateta
mitetateta,tetateta
anatetevana,tete
atete,tete
fanatete,tete
fanatetevana,tete
fitete,tete
fitetevana,tete
itetevana,tete
mahatete,tete
manatete,tete
mitete,tete
mpanatete,tete
tafatete,tete
tetevana,tete
voatete,tete
mahatetike,teteke
mampaneteke,teteke
manetike,teteke
paneteke,teteke
hatetika,tetika
atetika,tetika
fahatetehana,tetika
fitetehana,tetika
fitetika,tetika
itetehana,tetika
mahatetika,tetika
matetika,tetika
mitetika,tetika
mpitetika,tetika
tetehina,tetika
tetitetika,tetika
tinetika,tetika
voatetika,tetika
matetitetika,tetitetika
tetena,tety
tetiarana,tety
tetimana,tety
tetirazana,tety
titezy,tety
atety,tety
fitetezana,tety
fitety,tety
itetezana,tety
mahatety,tety
mampitety,tety
mifampitety,tety
mitety,tety
mpitety,tety
tafatety,tety
tetezana,tety
tetezina,tety
tinety,tety
voatety,tety
anevatevana,tevateva
atevateva,tevateva
fanevateva,tevateva
fanevatevana,tevateva
fitevateva,tevateva
fitevatevana,tevateva
itevatevana,tevateva
mahatevateva,tevateva
manevateva,tevateva
mitevateva,tevateva
tevatevaina,tevateva
tevatevazina,tevateva
tinevateva,tevateva
voatevateva,tevateva
hateve,teve
mampateve,teve
mateve,teve
mihamateve,teve
voateve,teve
voateveke,teveke
anevehana,tevika
atevika,tevika
fanevehana,tevika
fanevika,tevika
fitevehana,tevika
fitevika,tevika
itevehana,tevika
mahatevika,tevika
manevika,tevika
mitevika,tevika
mpanevika,tevika
mpitevika,tevika
tafatevika,tevika
tevehina,tevika
tevitevika,tevika
tinevika,tevika
voatevika,tevika
hatevenina,tevina
hatevezina,tevina
hatevina,tevina
anatevenana,tevina
anatevezana,tevina
fahatevenana,tevina
fanatevenana,tevina
fanatevezana,tevina
fanatevina,tevina
hatevenana,tevina
mahatevina,tevina
manatevina,tevina
mankatevina,tevina
matevina,tevina
mihatevina,tevina
mpanatevina,tevina
voatevina,tevina
manevitevika,tevitevika
atevy,tevy
fitevena,tevy
fitevy,tevy
itevena,tevy
mahatevy,tevy
mitevy,tevy
mpitevy,tevy
tevena,tevy
tinevy,tevy
voatevy,tevy
ampiteza,teza
fampiteza,teza
hatezana,teza
mahateza,teza
mampiteza,teza
piteza,teza
ateza,teza
fahateza,teza
fahatezana,teza
fiteza,teza
hateza,teza
mateza,teza
miteza,teza
voateza,teza
ahatezerana,tezitra
mampahatezitra,tezitra
mpampahatezitra,tezitra
fahatezerana,tezitra
fahatezitra,tezitra
fitezerana,tezitra
fitezitra,tezitra
hatezerana,tezitra
itezerana,tezitra
mahatezitra,tezitra
mitezitra,tezitra
mpitezitra,tezitra
terezana,tezitra
tezerana,tezitra
tezitezitra,tezitra
tinezitra,tezitra
voatezitra,tezitra
fitezontezo,tezontezo
mampitezontezo,tezontezo
mitezontezo,tezontezo
pitezontezo,tezontezo
fitezotezo,tezotezo
mitezotezo,tezotezo
fifankatia,tia
mampifankatia,tia
fifankatiavana,tia
fitia,tia
fitiavana,tia
ifankatiavana,tia
itiavana,tia
mahatia,tia
mampitia,tia
mifankatia,tia
mitia,tia
mpifankatia,tia
mpitia,tia
tiana,tia
tiatia,tia
tiavina,tia
mahatiaro,tiaro
mampahatiaro,tiaro
mampatiaro,tiaro
mihamahatiaro,tiaro
pahatiaro,tiaro
fitiatiatra,tiatiatra
mitiatiatra,tiatiatra
mitibaky,tibaky
fitibatiba,tibatiba
mitibatiba,tibatiba
atifaka,tifaka
fitifaka,tifaka
mitifaka,tifaka
tifahina,tifaka
voatifaka,tifaka
anatifihana,tifika
atifika,tifika
fanatifihana,tifika
fanatifika,tifika
fitifihana,tifika
fitifika,tifika
itifihana,tifika
mahatifika,tifika
manatifika,tifika
mitifika,tifika
mpanatifika,tifika
mpitifika,tifika
tafatifika,tifika
tifihina,tifika
voatifika,tifika
tinifitra,tifitra
tofirina,tifitra
atifitra,tifitra
fifampitifirana,tifitra
fitifirana,tifitra
fitifitra,tifitra
itifirana,tifitra
mahatifitra,tifitra
mampitifitra,tifitra
mifampitifitra,tifitra
mitifitra,tifitra
mpitifitra,tifitra
tifirina,tifitra
voatifitra,tifitra
atifitse,tifitse
mahatifitse,tifitse
mampitifitse,tifitse
mifampitifitse,tifitse
mihamitifitse,tifitse
mitifitse,tifitse
pitifitse,tifitse
voatifitse,tifitse
fatify,tify
mampatify,tify
mihamatify,tify
mitihika,tihika
tihitihika,tihika
tihintihina,tihina
fitihintihina,tihintihina
fitihintihinana,tihintihina
itihintihinana,tihintihina
mahatihintihina,tihintihina
mitihintihina,tihintihina
mpitihintihina,tihintihina
mitihitihika,tihitihika
fitikina,tikina
fitikinana,tikina
itikinana,tikina
mahatikina,tikina
mitikina,tikina
mpitikina,tikina
tikintikina,tikina
fitikintikina,tikintikina
fitikintikinana,tikintikina
itikintikinana,tikintikina
mahatikintikina,tikintikina
mitikintikina,tikintikina
mpitikintikina,tikintikina
fitikitiky,tikitiky
hitikitiky,tikitiky
mitikitiky,tikitiky
atikitse,tikitse
mampitikitse,tikitse
mitikitse,tikitse
pitikitse,tikitse
fitily,tily
tinily,tily
atily,tily
fitiliana,tily
itiliana,tily
mahatily,tily
mitily,tily
mpitily,tily
tilina,tily
voatily,tily
atingy,tingy
tinimpatimpaky,tinimpaky
fitintina,tintina
mitintina,tintina
mitipitipy,tipitipy
tipitipy,tipy
mitiry,tiry
mitomiry,tiry
fitititra,tititra
mititìtra,tititra
mamititsy,titsy
fititiana,tity
fitity,tity
ititiana,tity
mitity,tity
mpitity,tity
titina,tity
fankatovana,to
tozy,to
ankatoavana,to
fankatoavana,to
mahato,to
mankatò,to
tovina,to
mankatoa,toa
mitoa,toa
ankatoavina,toa
anoavana,toa
fanoa,toa
fanoavana,toa
mahatoa,toa
manoa,toa
mpanoa,toa
toavina,toa
fanoantoana,toantoana
fitoantoana,toantoana
manoantoana,toantoana
mitoantoana,toantoana
toatoavina,toatoa
anoatoavana,toatoa
fanoatoa,toatoa
fanoatoavana,toatoa
manoatoa,toatoa
mpanoatoa,toatoa
tobaina,toba
anatobahana,tobaka
atobaka,tobaka
fanatobahana,tobaka
fanatobaka,tobaka
fitobahana,tobaka
fitobaka,tobaka
itobahana,tobaka
mahatobaka,tobaka
manatobaka,tobaka
mitobaka,tobaka
mpanatobaka,tobaka
mpitobaka,tobaka
tafatobaka,tobaka
tobahana,tobaka
tobahina,tobaka
tobatobaka,tobaka
voatobaka,tobaka
fanobatoba,tobatoba
anobatobana,tobatoba
atobatoba,tobatoba
fanobatobana,tobatoba
fitobatoba,tobatoba
fitobatobana,tobatoba
itobatobàna,tobatoba
manobatoba,tobatoba
mitobatoba,tobatoba
mpanobatoba,tobatoba
mpitobatoba,tobatoba
tafatobatoba,tobatoba
tobatobaina,tobatoba
voatobatoba,tobatoba
mitobe,tobe
fitobebaka,tobebaka
mitobebaka,tobebaka
fitobohana,toboka
antobiny,toby
atoby,toby
fitobiana,toby
fitoby,toby
itobiana,toby
mahatoby,toby
mitoby,toby
mpitoby,toby
tafatoby,toby
tobitoby,toby
voatoby,toby
anatodihana,todika
atodika,todika
fampitodihana,todika
fanatodihana,todika
fanatodika,todika
fitodihana,todika
fitodika,todika
itodihana,todika
mahatodika,todika
manatodika,todika
mitodika,todika
mpanatodika,todika
mpitodika,todika
tafatodika,todika
todihina,todika
toditodika,todika
voatodika,todika
atoditra,toditra
voatoditra,toditra
anodiana,tody
fanodiana,tody
anodiavana,tody
atody,tody
fanodiavana,tody
fanody,tody
fitodiana,tody
fitody,tody
itodiana,tody
mahatody,tody
manody,tody
mitody,tody
mpanody,tody
mpitody,tody
tafatody,tody
todina,tody
voatody,tody
mitoetoetra,toetoetra
ampitoerana,toetra
itomoerana,toetra
mahatomoetra,toetra
mpitomoetra,toetra
toetoetra,toetra
atoetra,toetra
fitoerana,toetra
fitoetra,toetra
itoerana,toetra
mahatoetra,toetra
mitoetra,toetra
mpitoetra,toetra
tafatoetra,toetra
toerana,toetra
tomoetra,toetra
anatofantsihana,tofantsika
atofantsika,tofantsika
fanatofantsihana,tofantsika
fanatofantsika,tofantsika
fitofantsihana,tofantsika
fitofantsika,tofantsika
itofantsihana,tofantsika
mahatofantsika,tofantsika
manatofantsika,tofantsika
mitofantsika,tofantsika
mpanatofantsika,tofantsika
mpitofantsika,tofantsika
tafatofantsika,tofantsika
voatofantsika,tofantsika
anatofatofana,tofatofa
atofatofa,tofatofa
fanatofatofa,tofatofa
fanatofatofana,tofatofa
fitofatofa,tofatofa
fitofatofahana,tofatofa
fitofatofana,tofatofa
itofatofahana,tofatofa
mahatofatofa,tofatofa
manatofatofa,tofatofa
mitofatofa,tofatofa
mpanatofatofa,tofatofa
tafatofatofa,tofatofa
voatofatofa,tofatofa
anatofefehana,tofefika
atofefika,tofefika
fanatofefehana,tofefika
fanatofefika,tofefika
fitofefehana,tofefika
fitofefika,tofefika
itofefehana,tofefika
manatofefika,tofefika
mitofefika,tofefika
mpanatofefika,tofefika
mpitofefika,tofefika
tafatofefika,tofefika
voatofefika,tofefika
mitofendro,tofendro
anatofezahana,tofezaka
atofezaka,tofezaka
fanatofezahana,tofezaka
fanatofezaka,tofezaka
fitofezahana,tofezaka
fitofezaka,tofezaka
itofezahana,tofezaka
mahatofezaka,tofezaka
manatofezaka,tofezaka
mitofezaka,tofezaka
mpanatofezaka,tofezaka
tafatofezaka,tofezaka
tofezahina,tofezaka
voatofezaka,tofezaka
fitofina,tofina
miantofina,tofina
mitofina,tofina
mpitofina,tofina
tofintofina,tofina
anatofintofinana,tofintofina
atofintofina,tofintofina
fanatofintofina,tofintofina
fanatofintofinana,tofintofina
fitofintofina,tofintofina
fitofintofinana,tofintofina
itofintofinana,tofintofina
manatofintofina,tofintofina
mitofintofina,tofintofina
mpanatofintofina,tofintofina
mpitofintofina,tofintofina
tafatofintofina,tofintofina
voatofintofina,tofintofina
mahatofoka,tofoka
anatoforana,tofotra
atofotra,tofotra
fanatoforana,tofotra
fanatofotra,tofotra
fitoforana,tofotra
fitofotra,tofotra
itoforana,tofotra
mahatofotra,tofotra
manatofotra,tofotra
mitofotra,tofotra
mpanatofotra,tofotra
mpitofotra,tofotra
tafatofotra,tofotra
voatofotra,tofotra
fanoha,toha
fitoha,toha
mahatoha,toha
tohaina,toha
tsitoha,toha
voatoha,toha
anohana,toha
fanohana,toha
manoha,toha
mpanoha,toha
fitohana,toha
itohana,toha
mitoha,toha
mpitoha,toha
tohatoha,toha
mitohaky,tohaky
fifanohanana,tohana
itohanana,tohana
mampantohana,tohana
mampifantohana,tohana
mifantohana,tohana
mitohana,tohana
mpitohana,tohana
anohanana,tohana
atohana,tohana
fanohanana,tohana
fitohanana,tohana
mahatohana,tohana
mampanohana,tohana
mampifanohana,tohana
manohana,tohana
mifanohana,tohana
mpanohana,tohana
tohanana,tohana
tohantohana,tohana
manohantohana,tohantohana
mitohatoha,tohatoha
toharana,tohatra
tohatohatra,tohatra
voatohatra,tohatra
fitohatra,tohatra
itoharana,tohatra
mitohatra,tohatra
mpitohatra,tohatra
toharina,tohatra
mitohenjy,tohenjy
fitohifana,tohika
fitohika,tohika
itohifana,tohika
mahatohika,tohika
mitohika,tohika
mpitohika,tohika
tafatohika,tohika
tohifina,tohika
voatohika,tohika
tohinana,tohina
anohinana,tohina
atohina,tohina
fanohina,tohina
fanohinana,tohina
mahatohina,tohina
mampantohina,tohina
mampifantohina,tohina
manohina,tohina
mifantohina,tohina
mpanohina,tohina
tohinina,tohina
tohintohina,tohina
voatohina,tohina
atohinjaka,tohinjaka
fitohinjaka,tohinjaka
mitohinjaka,tohinjaka
mpitohinjaka,tohinjaka
manohintohina,tohintohina
voatohintohina,tohintohina
atohitohy,tohitohy
totohitra,tohitra
anoherana,tohitra
atohitra,tohitra
fanoherana,tohitra
fanohitra,tohitra
fifanoherana,tohitra
mahatohitra,tohitra
manohitra,tohitra
mifanohitra,tohitra
mitohitra,tohitra
mpanohitra,tohitra
toherina,tohitra
tohitohitra,tohitra
voatohitra,tohitra
atohoka,tohoka
fanohofana,tohoka
fanohoka,tohoka
fitohofana,tohoka
fitohoka,tohoka
itohofana,tohoka
mampanohoka,tohoka
mitohoka,tohoka
mpitohoka,tohoka
tohofana,tohoka
tohotohoka,tohoka
tomohoka,tohoka
tonohoka,tohoka
voatohoka,tohoka
fitohotra,tohotra
mitohotra,tohotra
anohizana,tohy
atohy,tohy
fanohizana,tohy
fifampitohizana,tohy
fifanohizana,tohy
fitohizana,tohy
fitohy,tohy
ifampitohizana,tohy
itohizana,tohy
mahatohy,tohy
mampitohy,tohy
mifampitohy,tohy
mitohy,tohy
mpampitohy,tohy
mpitohy,tohy
tafatohy,tohy
tohitohy,tohy
tohizana,tohy
tohizina,tohy
voatohy,tohy
tointoina,toina
anoinana,toina
fanoina,toina
fanoinana,toina
mampantoina,toina
mampifantoina,toina
manoina,toina
mifantoina,toina
mpanoina,toina
tsitointoina,tointoina
mifankatojo,tojo
mifanojo,tojo
mifankatojy,tojy
fahatokaña,toka
fitoka,toka
fitokana,toka
itokana,toka
mitoka,toka
mpitoka,toka
tokavina,toka
fitokalo,tokalo
mitokalo,tokalo
mpitokalo,tokalo
natokana,tokana
tsitokantokana,tokana
anokanana,tokana
atokana,tokana
fanokana,tokana
fanokanana,tokana
fitokanana,tokana
itokanana,tokana
mahatokana,tokana
manokana,tokana
mitokana,tokana
mpanokana,tokana
mpitokana,tokana
tokantokana,tokana
voatokana,tokana
mitokantokana,tokantokana
mampitokelaka,tokelaka
anatokelahana,tokelaka
atokelaka,tokelaka
fanatokelahana,tokelaka
fanatokelaka,tokelaka
fitokelahana,tokelaka
fitokelaka,tokelaka
itokelahana,tokelaka
mahatokelaka,tokelaka
manatokelaka,tokelaka
mitokelaka,tokelaka
mpanatokelaka,tokelaka
mpitokelaka,tokelaka
tafatokelaka,tokelaka
tokelakelaka,tokelaka
voatokelaka,tokelaka
mitokiky,tokiky
anatokikiana,tokiky
atokiky,tokiky
fanatokikiana,tokiky
fanatokiky,tokiky
fitokikiana,tokiky
fitokiky,tokiky
itokikiana,tokiky
mahatokiky,tokiky
manatokiky,tokiky
mpanatokiky,tokiky
mpitokiky,tokiky
tafatokiky,tokiky
tokikikiky,tokiky
voatokiky,tokiky
antokony,toko
atoko,toko
anokoana,toko
antoko,toko
fanoko,toko
fanokoana,toko
fiantoko,toko
fiantokoana,toko
fitoko,toko
fitokoana,toko
iantokoana,toko
itokoana,toko
mahatoko,toko
manoko,toko
miantoko,toko
mitoko,toko
mpanoko,toko
mpiantoko,toko
mpitoko,toko
tafatoko,toko
tokoana,toko
tsitokotoko,toko
voatoko,toko
fitokoa,tokoa
fitokoavana,tokoa
itokoavana,tokoa
mitokoa,tokoa
mpitokoa,tokoa
tokoavana,tokoa
tokoavina,tokoa
voatokoa,tokoa
fitokonana,tokona
anokonana,tokona
atokona,tokona
fanokona,tokona
fanokonana,tokona
mahatokona,tokona
manokona,tokona
mpanokona,tokona
voatokona,tokona
fitokona,tokona
itokonana,tokona
mitokona,tokona
mpitokona,tokona
mitokotoko,tokotoko
fitokozihirana,tokozihitra
fitokozihitra,tokozihitra
itokozihirana,tokozihitra
mitokozihitra,tokozihitra
mpitokozihitra,tokozihitra
atokiana,toky
fitokiana,toky
fitoky,toky
itokiana,toky
itokisana,toky
mahatoky,toky
mitoky,toky
mpitoky,toky
ahatokiana,toky
fahatokiana,toky
fahatokisana,toky
fitokisana,toky
hatokiana,toky
matoky,toky
tokina,toky
voatoky,toky
atokàka,tokàka
fitokakana,tokàka
fitokàka,tokàka
itokakàna,tokàka
mahatokàka,tokàka
mampitokàka,tokàka
mitokàka,tokàka
mpitokàka,tokàka
tolany,tola
tolatola,tola
fitola,tola
fitolana,tola
itolana,tola
mahatola,tola
mitola,tola
mpitola,tola
voatola,tola
mampitolagaga,tolagaga
fitolagaga,tolagaga
fitolagagana,tolagaga
itolagagana,tolagaga
mitolagaga,tolagaga
mpitolagaga,tolagaga
manolaka,tolaka
atolaka,tolaka
fanolahana,tolaka
fanolaka,tolaka
fitolahana,tolaka
fitolaka,tolaka
itolahana,tolaka
mahatolaka,tolaka
mitolaka,tolaka
mpanolaka,tolaka
mpitolaka,tolaka
tafatolaka,tolaka
tolatolaka,tolaka
voatolaka,tolaka
fitolakàka,tolakàka
mitolakàka,tolakàka
mpitolakàka,tolakàka
mampifanolana,tolana
anatolantsihana,tolantsika
atolantsika,tolantsika
fanatolantsihana,tolantsika
fanatolantsika,tolantsika
fitolantsihana,tolantsika
fitolantsika,tolantsika
itolantsihana,tolantsika
mahatolantsika,tolantsika
manatolantsika,tolantsika
mitolantsika,tolantsika
mpanatolantsika,tolantsika
mpitolantsika,tolantsika
tafatolantsika,tolantsika
tolantsidantsika,tolantsika
voatolantsika,tolantsika
anolatolana,tolatola
manolatola,tolatola
anatolatolana,tolatola
atolatola,tolatola
fanatolatola,tolatola
fanatolatolana,tolatola
fitolatola,tolatola
fitolatolana,tolatola
itolatolana,tolatola
mahatolatola,tolatola
manatolatola,tolatola
mitolatola,tolatola
mpanatolatola,tolatola
mpitolatola,tolatola
tafatolatola,tolatola
voatolatola,tolatola
fitolefika,tolefika
mitolefika,tolefika
mpitolefika,tolefika
mitoletsy,toletsy
anatolilana,tolila
atolila,tolila
fanatolila,tolila
fanatolilana,tolila
fitolila,tolila
fitolilana,tolila
itolilana,tolila
mahatolila,tolila
manatolila,tolila
mitolila,tolila
mpanatolila,tolila
mpitolila,tolila
voatolila,tolila
fitolitsika,tolitsika
mitolitsika,tolitsika
atoloko,toloko
fitoloko,toloko
fitolokoana,toloko
itolokoana,toloko
mahatoloko,toloko
mitoloko,toloko
mpitoloko,toloko
tolokoina,toloko
tolokoloko,toloko
voatoloko,toloko
mitolokoloko,tolokoloko
fitoloky,toloky
mitoloky,toloky
mpitoloky,toloky
mifampitolona,tolona
mifampitoloña,tolona
atolona,tolona
fitolomana,tolona
fitolona,tolona
itolomana,tolona
mahatolona,tolona
mampitolona,tolona
mitolona,tolona
mpitolona,tolona
tafatolona,tolona
tolomina,tolona
tolontolona,tolona
voatolona,tolona
atolotra,tolotra
fitolorana,tolotra
fitolotra,tolotra
itolorana,tolotra
mahatolotra,tolotra
mampantolotra,tolotra
mampifantolotra,tolotra
manolotra,tolotra
mifantolotra,tolotra
mitolotra,tolotra
mpanolotra,tolotra
mpitolotra,tolotra
tolorana,tolotra
tolotolotra,tolotra
tonolotra,tolotra
voatolotra,tolotra
hatomady,tomady
tomaditady,tomady
fitomamotamo,tomamotamo
mitomamotamo,tomamotamo
fitomandavana,tomandavana
mitomandavana,tomandavana
fitomaniana,tomany
fitomany,tomany
itomaniana,tomany
mahatomany,tomany
mitomany,tomany
mpitomany,tomany
mitomarataratra,tomarataratra
mitombaitra,tombaitra
manombaka,tombaka
manombana,tombana
tomombana,tombana
anombanana,tombana
fanombanana,tombana
fitombana,tombana
mahatombana,tombana
mitombana,tombana
mpanombana,tombana
tinombana,tombana
tombanana,tombana
tombantombana,tombana
voatombana,tombana
fanombantombanana,tombantombana
manombantombana,tombantombana
fiantombenana,tombina
fiantombina,tombina
anombenana,tombina
atombina,tombina
fanombenana,tombina
fitombenana,tombina
fitombina,tombina
iantombenana,tombina
itombenana,tombina
mahatombina,tombina
matombina,tombina
miantombina,tombina
mitombina,tombina
mpanombina,tombina
mpitombina,tombina
tafatombina,tombina
tombenana,tombina
voatombina,tombina
fitombo,tombo
mitombo,tombo
mpampitombo,tombo
ampitomboana,tombo
ampitomboina,tombo
antombony,tombo
fampitomboana,tombo
fanombo,tombo
fiombo,tombo
fitomboana,tombo
itomboana,tombo
mampitombo,tombo
miombo,tombo
mpitombo,tombo
tombotombo,tombo
atomboka,tomboka
fanomboka,tomboka
fanombotomboka,tomboka
fiantombohana,tomboka
fiantomboka,tomboka
fitombohana,tomboka
fitomboka,tomboka
iantombohana,tomboka
itombohana,tomboka
mahatomboka,tomboka
manatòmboka,tomboka
manomboka,tomboka
miantomboka,tomboka
mitomboka,tomboka
mpiantomboka,tomboka
mpitomboka,tomboka
tinomboka,tomboka
tombohina,tomboka
voatomboka,tomboka
anombohana,tomboka
fanombohana,tomboka
mpanomboka,tomboka
tombohana,tomboka
tombotomboka,tomboka
anombotombohana,tombotomboka
fanombotombohana,tombotomboka
manombotomboka,tombotomboka
mpanombotomboka,tombotomboka
mitominjaka,tominjaka
tominjaminjaka,tominjaka
mitominjana,tominjana
atomoetra,tomoetra
fitomoerana,tomoetra
fitomoetra,tomoetra
mitomoetra,tomoetra
tafatomoetra,tomoetra
tomoerana,tomoetra
tomohotohoka,tomohoka
anatomombanana,tomombana
fahatomombanana,tomombana
fanatomombanana,tomombana
hatomombana,tomombana
mahatomombana,tomombana
manatomombana,tomombana
voatomombana,tomombana
antomotra,tomotra
atomotra,tomotra
tafatomotra,tomotra
tomorina,tomotra
voatomotra,tomotra
fanompo,tompo
fanompoa,tompo
fanompoana,tompo
manompo,tompo
manompotompo,tompo
anompoana,tompo
fitompo,tompo
fitompoana,tompo
itompoana,tompo
mahatompo,tompo
mifanompo,tompo
mitompo,tompo
mpanompo,tompo
mpitompo,tompo
tinompo,tompo
tompoana,tompo
tompoina,tompo
tompotompo,tompo
voatompo,tompo
mitompotany,tompotany
fitonàka,tonaka
mitonàka,tonaka
mpitonàka,tonaka
tonafana,tonaka
voatonaka,tonaka
atonantonana,tonantonana
fanatonantonana,tonantonana
fitonantonana,tonantonana
fitonantonanana,tonantonana
itonantonanana,tonantonana
mahatonantonana,tonantonana
manatonantonana,tonantonana
mitonantonana,tonantonana
tafatonantonana,tonantonana
voatonantonana,tonantonana
ampitondraina,tondra
entina,tondra
fifampitondrana,tondra
fitondra,tondra
fitondrana,tondra
itondrana,tondra
mahatondra,tondra
mifampitondra,tondra
mitondra,tondra
mpitondra,tondra
fahatondrahana,tondraka
fanondraka,tondraka
mampitondraka,tondraka
anondrahana,tondraka
atondraka,tondraka
fanondrahana,tondraka
fitondrahana,tondraka
fitondraka,tondraka
itondrahana,tondraka
mahatondraka,tondraka
manondraka,tondraka
mitondraka,tondraka
mpanondraka,tondraka
mpitondraka,tondraka
tafatondraka,tondraka
tondrahana,tondraka
tondratondraka,tondraka
voatondraka,tondraka
fitondrantondrana,tondrantondrana
mitondrantondrana,tondrantondrana
mpitondrantondrana,tondrantondrana
fitondrendrena,tondrendrena
mitondrendrena,tondrendrena
mpitondrendrena,tondrendrena
mitondrintondrina,tondrintondrina
anondritana,tondritra
atondritra,tondritra
fanondritana,tondritra
fanondritra,tondritra
fitondritra,tondritra
mahatondritra,tondritra
manondritra,tondritra
mifanondritra,tondritra
mitondritra,tondritra
mpanondritra,tondritra
tafatondritra,tondritra
tondritana,tondritra
tondritina,tondritra
voatondritra,tondritra
fanondromanga,tondro
notondroiny,tondro
anondroana,tondro
atondro,tondro
fanondro,tondro
fanondroana,tondro
ifanondroana,tondro
mahatondro,tondro
manondro,tondro
mifanondro,tondro
mpanondro,tondro
tafatondro,tondro
tondroina,tondro
voatondro,tondro
notondroiñy,tondroiñy
atondrotra,tondrotra
fitonendrina,tonendrina
mitonendrina,tonendrina
mpitonendrina,tonendrina
tonendrinendrina,tonendrina
antonery,tonery
kitongatonga,tonga
tsitongatonga,tonga
ahatongavana,tonga
fahatonga,tonga
fahatongavana,tonga
mahatonga,tonga
tongavina,tonga
anongalihana,tongalika
atongalika,tongalika
fanatongalihana,tongalika
fanatongalika,tongalika
fanongalihana,tongalika
fitongalihana,tongalika
fitongalika,tongalika
itongalihana,tongalika
mahatongalika,tongalika
manatongalika,tongalika
mitongalika,tongalika
mpanatongalika,tongalika
mpitongalika,tongalika
tafatongalika,tongalika
atongika,tongika
fanongika,tongika
fitongika,tongika
mahatongika,tongika
manatongika,tongika
manongika,tongika
mitongika,tongika
mpanongika,tongika
voatongika,tongika
anongilanana,tongilana
atongilana,tongilana
fanongilana,tongilana
fanongilanana,tongilana
fitongilana,tongilana
fitongilanana,tongilana
mahatongilana,tongilana
manatongilana,tongilana
manongilana,tongilana
mitongilana,tongilana
mpanongilana,tongilana
mpitongilana,tongilana
tafatongilana,tongilana
tongilanina,tongilana
voatongilana,tongilana
anongoavana,tongoa
atongoa,tongoa
fanongoa,tongoa
fanongoavana,tongoa
fifanongoa,tongoa
fifanongoavana,tongoa
fitongoa,tongoa
fitongoavana,tongoa
itongoavana,tongoa
mahatongoa,tongoa
manongoa,tongoa
mifanongoa,tongoa
mitongoa,tongoa
mpanongoa,tongoa
mpitongoa,tongoa
tafatongoa,tongoa
tongoavana,tongoa
tongoavina,tongoa
voatongoa,tongoa
anongorana,tongotra
fanongorana,tongotra
mahatongotra,tongotra
mitongotra,tongotra
mpanongotra,tongotra
tinongotra,tongotra
tongorana,tongotra
voatongotra,tongotra
manonitony,tonitony
tonitonena,tonitony
voatonitony,tonitony
fitonjika,tonjika
mitonjika,tonjika
anonjenana,tonjina
atonjina,tonjina
fanonjenana,tonjina
fanonjina,tonjina
fitonjenana,tonjina
fitonjina,tonjina
itonjenana,tonjina
mahatonjina,tonjina
manonjina,tonjina
mitonjina,tonjina
mpanonjina,tonjina
mpitonjina,tonjina
tafatonjina,tonjina
tonjenana,tonjina
tonjintonjina,tonjina
voatonjina,tonjina
manonjona,tonjona
atono,tono
fitono,tono
fitonoana,tono
itonoana,tono
mahatono,tono
mitono,tono
mpitono,tono
tonotono,tono
voatono,tono
ampanonona,tonona
antonona,tonona
fampanonona,tonona
fanonanana,tonona
fanononana,tonona
fitonona,tonona
itononana,tonona
tonontonona,tonona
fampanononana,tonona
fitononana,tonona
mitonona,tonona
tononana,tonona
mahatonona,tonona
mpanonona,tonona
tononina,tonona
voatonona,tonona
tonontononina,tonontonona
mampitondra,tonra
anontana,tonta
antonta,tonta
atonta,tonta
fanontana,tonta
fiantonta,tonta
manonta,tonta
mihatonta,tonta
tontaina,tonta
antontany,tonta
fanonta,tonta
kanonta,tonta
mahatonta,tonta
mifanonta,tonta
mpanonta,tonta
tinonta,tonta
tontafana,tonta
tontana,tonta
tontatonta,tonta
voatonta,tonta
anatontaliana,tontaly
atontaly,tontaly
fanatontaliana,tontaly
fanatontaly,tontaly
mahatontaly,tontaly
manatontaly,tontaly
mpanatontaly,tontaly
tontalina,tontaly
voatontaly,tontaly
manontatonta,tontatonta
anatontohirana,tontohitra
atontohitra,tontohitra
fanatontohirana,tontohitra
fanatontohitra,tontohitra
fitontohirana,tontohitra
fitontohitra,tontohitra
mahatontohitra,tontohitra
manatontohitra,tontohitra
mitontohitra,tontohitra
mpanatontohitra,tontohitra
tafatontohitra,tontohitra
voatontohitra,tontohitra
manontolo,tontolo
anontonana,tontona
atontona,tontona
fanontona,tontona
fanontonana,tontona
fiantontona,tontona
fitontona,tontona
fitontonana,tontona
itontonana,tontona
mahatontona,tontona
manatontona,tontona
manontona,tontona
miantontona,tontona
mifanontona,tontona
mitontona,tontona
mpanontona,tontona
tontonana,tontona
tontontontona,tontona
voatontona,tontona
ahatontosana,tontosa
anatontosana,tontosa
atontosa,tontosa
fahatontosana,tontosa
fanatontosa,tontosa
fanatontosana,tontosa
mahatontosa,tontosa
manatontosa,tontosa
mpanatontosa,tontosa
tontosaina,tontosa
tontosatosa,tontosa
fanatoniana,tony
fitonena,tony
hitony,tony
mampitony,tony
tonina,tony
anonena,tony
atony,tony
fanonena,tony
fanony,tony
fitony,tony
mahatony,tony
manony,tony
mitony,tony
mpanony,tony
tafatony,tony
tonena,tony
tonitony,tony
atonaka,tonàka
atonàka,tonàka
mampitonàka,tonàka
mitopa,topa
topatopa,topa
anopatopana,topatopa
anatopatopana,topatopa
atopatopa,topatopa
fanatopatopa,topatopa
fanatopatopana,topatopa
fitopatopa,topatopa
fitopatopana,topatopa
itopatopana,topatopa
mahatopatopa,topatopa
manatopatopa,topatopa
manopatopa,topatopa
mitopatopa,topatopa
mpanatopatopa,topatopa
mpitopatopa,topatopa
voatopatopa,topatopa
anopazana,topy
atopy,topy
fanopazana,topy
fanopy,topy
fitopazana,topy
fitopy,topy
itopazana,topy
mahatopy,topy
manopy,topy
miantopy,topy
mitopy,topy
mpanopy,topy
mpitopy,topy
topazana,topy
topitopy,topy
voatopy,topy
mañora,tora
antorabintsy,toraka
fiantoraka,toraka
fitoraka,toraka
iantorahana,toraka
mahatoraka,toraka
mampitoraka,toraka
miantoratoraka,toraka
mifampitoraka,toraka
mpiantoraka,toraka
mpitoraka,toraka
anorahana,toraka
antoraka,toraka
fanorahana,toraka
fanoraka,toraka
fiantorahana,toraka
fifampitorahana,toraka
fitorahana,toraka
itorahana,toraka
mpanoraka,toraka
toratoraka,toraka
atoraka,toraka
mitoraka,toraka
tinoraka,toraka
torahana,toraka
voatoraka,toraka
anoranana,torana
fahatoranana,torana
hatoranana,torana
mahatorana,torana
mpanorana,torana
toranina,torana
torantorana,torana
voatorana,torana
mantorana,torana
mpitoratoraka,toratoraka
atoreo,toreo
fitoreo,toreo
fitoreovana,toreo
mahatoreo,toreo
mitoreo,toreo
mpitoreo,toreo
tafatoreo,toreo
toreoreo,toreo
mitoreoreo,toreoreo
fitoretra,toretra
mahatoretra,toretra
mitoretra,toretra
mpitoretra,toretra
toredretra,toretra
anatorevahana,torevaka
atorevaka,torevaka
fanatorevahana,torevaka
fanatorevaka,torevaka
fitorevahana,torevaka
fitorevaka,torevaka
itorevahana,torevaka
mahatorevaka,torevaka
manatorevaka,torevaka
mitorevaka,torevaka
mpanatorevaka,torevaka
mpitorevaka,torevaka
tafatorevaka,torevaka
torevadrevaka,torevaka
fitoringana,toringana
mitoringana,toringana
ampitorisihina,torisika
anatorisihana,torisika
atorisika,torisika
fanatorisihana,torisika
fanatorisika,torisika
mahatorisika,torisika
mampitorisika,torisika
manatorisika,torisika
mpanatorisika,torisika
torisihina,torisika
torosihina,torisika
voatorisika,torisika
mitoriteny,toriteny
matoritory,toritory
mitoritory,toritory
anoroana,toro
atoro,toro
fanoroana,toro
mahatoro,toro
mampanoro,toro
mampantoro,toro
mifanoro,toro
mifantoro,toro
mpanoro,toro
toroana,toro
torotoro,toro
voatoro,toro
fitoroka,toroka
fitorohana,toroka
itorohana,toroka
mahatoroka,toroka
mampitoroka,toroka
mifampitoroka,toroka
mitoroka,toroka
mpitoroka,toroka
torohana,toroka
torohina,toroka
voatoroka,toroka
mitorona,torona
anatorosiana,torosy
atorosy,torosy
fanatorosiana,torosy
fanatorosy,torosy
fitorosiana,torosy
fitorosy,torosy
itorosiana,torosy
mahatorosy,torosy
manatorosy,torosy
mitorosy,torosy
mpanatorosy,torosy
mpitorosy,torosy
torosina,torosy
voatorosy,torosy
fanorotoro,torotoro
torotorohina,torotoro
anorotoroana,torotoro
fahatorotoroana,torotoro
fanorotoroana,torotoro
manorotoro,torotoro
mifampitorotoro,torotoro
mpanorotoro,torotoro
tinorotoro,torotoro
torotoroina,torotoro
voatorotoro,torotoro
mahatorovana,torovana
anatorovohana,torovoka
atorovoka,torovoka
fanatorovohana,torovoka
fanatorovoka,torovoka
fitorovohana,torovoka
fitorovoka,torovoka
itorovohana,torovoka
mahatorovoka,torovoka
manatorovoka,torovoka
mitorovoka,torovoka
mpanatorovoka,torovoka
mpitorovoka,torovoka
tafatorovoka,torovoka
torovodrovoka,torovoka
voatorovoka,torovoka
fitoriana,tory
fitoriany,tory
fitory,tory
itonana,tory
itoriana,tory
mampatory,tory
mitory,tory
torina,tory
voatory,tory
mahatory,tory
mifampitory,tory
tinory,tory
toritory,tory
atoriana,tory
fahatoriana,tory
fampatoriana,tory
fatoriana,tory
fatory,tory
matory,tory
mpatory,tory
anosahana,tosaka
atosaka,tosaka
fanosahana,tosaka
fanosaka,tosaka
fitosahana,tosaka
fitosaka,tosaka
itosahana,tosaka
mahatosaka,tosaka
manosaka,tosaka
mitosaka,tosaka
mpanosaka,tosaka
tosahana,tosaka
tosahina,tosaka
tosatosaka,tosaka
voatosaka,tosaka
fifanosehana,tosika
anosehana,tosika
atosika,tosika
fanosehana,tosika
fanosika,tosika
mahatosika,tosika
manosika,tosika
mifanosika,tosika
mpanosika,tosika
tositosika,tosika
atositosika,tositosika
mifanositosika,tositosika
voatositosika,tositosika
mahatosy,tosy
mitosy,tosy
fitosiana,tosy
fitosy,tosy
itosiana,tosy
mpitosy,tosy
tosina,tosy
voatosy,tosy
anatotalina,totaly
atotaly,totaly
manatotaly,totaly
mitotaly,totaly
totalina,totaly
atotototo,toto
fitoto,toto
tinoto,toto
anotoana,toto
fanoto,toto
fanotoana,toto
fitotoana,toto
itotoana,toto
mahatoto,toto
manoto,toto
mifanoto,toto
mitoto,toto
mpanoto,toto
mpitoto,toto
tonoto,toto
totoina,toto
totototo,toto
voatoto,toto
mitotojanjina,totojanjina
atotoky,totoky
manatotoky,totoky
fanatotongana,totongana
fitotonganana,totongana
anatotonganana,totongana
atotongana,totongana
fanatotonganana,totongana
fitotongana,totongana
mahatotongana,totongana
manatotongana,totongana
mitotongana,totongana
mpanatotongana,totongana
totonganana,totongana
totongantongana,totongana
voatotongana,totongana
mampitotototo,totototo
fitotototo,totototo
fitotototoana,totototo
itotototoana,totototo
mahatotototo,totototo
manotototo,totototo
mitotototo,totototo
mpitotototo,totototo
voatotototo,totototo
anotofana,tototra
atototra,tototra
fanotofana,tototra
fanototra,tototra
fifanotofana,tototra
fitotofana,tototra
fitototra,tototra
ifanotofana,tototra
itotofana,tototra
mahatototra,tototra
manototra,tototra
mitototra,tototra
mpanototra,tototra
mpitototra,tototra
tinototra,tototra
tonototra,tototra
totofana,tototra
totorana,tototra
voatototra,tototra
anotorana,tototra
atotòtra,tototra
fanotorana,tototra
fitotòtra,tototra
manotòtra,tototra
mitotòtra,tototra
mpanotòtra,tototra
totorina,tototra
voatotòtra,tototra
mitotozanjina,totozanjina
fitoty,toty
mitoty,toty
totena,toty
anovanana,tovana
atovana,tovana
fanovanana,tovana
fitovana,tovana
fitovanana,tovana
mahatovana,tovana
manovana,tovana
mitovana,tovana
mpanovana,tovana
tinovana,tovana
tovanana,tovana
voatovana,tovana
tovantovana,tovana
manovantovana,tovantovana
anatovevena,tovevy
atovevy,tovevy
fanatovevena,tovevy
fanatovevy,tovevy
fitovevena,tovevy
fitovevy,tovevy
mahatovevy,tovevy
manatovevy,tovevy
mitovevy,tovevy
tafatovevy,tovevy
fitovitoviana,tovitovy
mitovitovy,tovitovy
apelatovo,tovo
fanovo,tovo
kanovo,tovo
lehitovo,tovo
tovozana,tovo
fitovo,tovo
fitovoana,tovo
itovoana,tovo
mahatovo,tovo
mitovo,tovo
mpitovo,tovo
anovozana,tovo
atovo,tovo
fanovozana,tovo
manovo,tovo
mpanovo,tovo
tinovo,tovo
tovozina,tovo
voatovo,tovo
zatovo,tovo
mpitovolahy,tovolahy
fitovonana,tovona
anovonana,tovona
atovona,tovona
fanovona,tovona
fanovonana,tovona
fitovona,tovona
mahatovona,tovona
manovona,tovona
mitovona,tovona
mpanovona,tovona
tovonana,tovona
tovontovona,tovona
voatovona,tovona
mahatovotra,tovotra
ampitoviana,tovy
ampitovina,tovy
fampitoviana,tovy
fitoviana,tovy
fitovizana,tovy
fitovy,tovy
itoviana,tovy
mampitovy,tovy
mitovy,tovy
tovitovy,tovy
mahatoy,toy
fitozo,tozo
fitozoana,tozo
itozoana,tozo
mahatozo,tozo
mitozo,tozo
mpitozo,tozo
tafatozo,tozo
tinozo,tozo
tozoina,tozo
tozotozo,tozo
voatozo,tozo
itozotozoana,tozotozo
anatrabahana,trabaka
atrabaka,trabaka
fanatrabahana,trabaka
fanatrabaka,trabaka
fanatrabarana,trabaka
fitrabahana,trabaka
fitrabaka,trabaka
fitrabarana,trabaka
itrabahana,trabaka
mahatrabaka,trabaka
manatrabaka,trabaka
mitrabaka,trabaka
mpanatrabaka,trabaka
tafatrabaka,trabaka
trabahana,trabaka
trabarana,trabaka
trabatrabaka,trabaka
voatrabaka,trabaka
hatraboka,traboka
matraboka,traboka
fanatrafana,trafana
fanatrafanana,trafana
fitrafana,trafana
mahatrafana,trafana
manatrafana,trafana
mitrafana,trafana
mpanatrafana,trafana
mpitrafana,trafana
tafatrafana,trafana
trafantrafana,trafana
voatrafana,trafana
fitrafantrafana,trafantrafana
mitrafantrafana,trafantrafana
anatrafantrafanana,trafantrafana
atrafantrafana,trafantrafana
fanatrafantrafanana,trafantrafana
fitrafantrafanana,trafantrafana
itrafantrafanana,trafantrafana
trafantrafanina,trafantrafana
matrafotrafo,trafo
trafoina,trafo
mitraho,traho
trahotraho,traho
mitrahotraho,trahotraho
atraika,traika
fiantraika,traika
fiantraikana,traika
fitraihana,traika
fitraika,traika
fitraikana,traika
iantraikàna,traika
itraihana,traika
itraikana,traika
mahatraika,traika
miantraika,traika
mitraika,traika
mpiantraika,traika
traitraika,traika
voatraika,traika
fitraingo,traingo
fitraingoana,traingo
itraingoana,traingo
mahatraingo,traingo
manatraingo,traingo
mitraingo,traingo
traingoina,traingo
trinaingo,traingo
voatraingo,traingo
manaitra,traitra
miantraitraika,traitraika
anatrakana,traka
atraka,traka
fanatrahana,traka
fanatraka,traka
fanatrakana,traka
fitrahana,traka
fitraka,traka
fitrakana,traka
itrahana,traka
mahatraka,traka
manatraka,traka
mitraka,traka
mpanatraka,traka
mpitraka,traka
tafatraka,traka
tratraka,traka
voatraka,traka
mitrakitraky,trakitraky
atrandraka,trandraka
fitrandrahana,trandraka
fitrandraka,trandraka
itrandrahana,trandraka
mahatrandraka,trandraka
mitrandraka,trandraka
mpitrandraka,trandraka
trandrahina,trandraka
trinandraka,trandraka
voatrandraka,trandraka
anatrangana,tranga
atranga,tranga
fanatranga,tranga
fanatrangana,tranga
fitranga,tranga
fitrangana,tranga
itrangana,tranga
mahatranga,tranga
manatranga,tranga
mitranga,tranga
mpanatranga,tranga
mpitranga,tranga
tafatranga,tranga
trangatranga,tranga
voatranga,tranga
mitrangatranga,trangatranga
fitranitrany,tranitrany
mitranitrany,tranitrany
fampiantranoana,trano
fiantrano,trano
fiantranoana,trano
iantranoana,trano
kitranotrano,trano
miantrano,trano
mpiantrano,trano
tranotrano,trano
tsitranotrano,trano
mitranotrano,tranotrano
anatraohana,traoka
atraoka,traoka
mitraoka,traoka
traohina,traoka
traotraoka,traoka
fanatrarana,tratra
fanatratra,tratra
ahatrarana,tratra
anatratrarana,tratra
ankatrarana,tratra
fahatrarana,tratra
fahatratrarana,tratra
fanatratrarana,tratra
fankatrarana,tratra
fankatratra,tratra
mahatratra,tratra
manatratra,tratra
mankatratra,tratra
mpanatratra,tratra
mpankatratra,tratra
tratrarina,tratra
voatratra,tratra
tratraina,tratra
mitratraingo,tratraingo
mitratraka,tratraka
anatratrevana,tratreva
atratreva,tratreva
fanatratreva,tratreva
fanatratrevana,tratreva
fitratreva,tratreva
fitratrevana,tratreva
itratrevàna,tratreva
mahatratreva,tratreva
manatratreva,tratreva
mitratreva,tratreva
mpanatratreva,tratreva
mpitratreva,tratreva
tratrevaina,tratreva
tratrevatreva,tratreva
voatratreva,tratreva
mitratrevatreva,tratrevatreva
anatrebehana,trebika
atrebika,trebika
fanatrebehana,trebika
fanatrebika,trebika
fitrebehana,trebika
fitrebika,trebika
itrebehana,trebika
mahatrebika,trebika
manatrebika,trebika
mitrebika,trebika
mpanatrebika,trebika
mpitrebika,trebika
trebehina,trebika
trebitrebika,trebika
trinebika,trebika
voatrebika,trebika
fitrebiky,trebiky
mitrebona,trebona
anatrebonana,trebona
atrebona,trebona
fanatrebona,trebona
fanatrebonana,trebona
fitrebona,trebona
fitrebonana,trebona
itrebonana,trebona
mahatrebona,trebona
manatrebona,trebona
mpanatrebona,trebona
trebonina,trebona
trebontrebona,trebona
voatrebona,trebona
fitrefona,trefona
fitrefonana,trefona
itrefonana,trefona
mahatrefona,trefona
mitrefona,trefona
mpitrefona,trefona
trefontrefona,trefona
atrefotra,trefotra
fitreforana,trefotra
fitrefotra,trefotra
itreforana,trefotra
mitrefotra,trefotra
treforana,trefotra
voatrefotra,trefotra
fitrehatreha,trehatreha
fitrehatrehana,trehatreha
mahatrehatreha,trehatreha
mitrehatreha,trehatreha
mpitrehatreha,trehatreha
tafatrehatreha,trehatreha
mitrehy,trehy
atreka,treka
mitrembo,trembo
fitrena,trena
mahatrena,trena
mitrena,trena
mpitrena,trena
tafatrena,trena
trentrena,trena
mitreoka,treoka
treotreoka,treoka
mitreotreoka,treotreoka
fitrerona,trerona
fitreronana,trerona
itreronana,trerona
mahatrerona,trerona
mitrerona,trerona
mpitrerona,trerona
treronina,trerona
trerontrerona,trerona
mitrerontrerona,trerontrerona
anatresahana,tresaka
atresaka,tresaka
fanatresahana,tresaka
fanatresaka,tresaka
fitresahana,tresaka
fitresaka,tresaka
itresahana,tresaka
mahatresaka,tresaka
manatresaka,tresaka
mitresaka,tresaka
mpanatresaka,tresaka
mpitresaka,tresaka
tafatresaka,tresaka
tresahina,tresaka
tresatresaka,tresaka
voatresaka,tresaka
mitresatresaka,tresatresaka
fahatretrehana,tretrika
hatretrehana,tretrika
mahatretrika,tretrika
mitretroka,tretroka
fitrevatreva,trevatreva
fitrevatrevana,trevatreva
itrevatrevana,trevatreva
mitrevatreva,trevatreva
mpitrevatreva,trevatreva
mitriaka,triaka
andriarana,triatra
fandriarana,triatra
fandriatra,triatra
fitriarana,triatra
fitriatra,triatra
itriarana,triatra
mahatriatra,triatra
mandriatra,triatra
mitriatra,triatra
mpandriatra,triatra
triarina,triatra
triatriatra,triatra
voatriatra,triatra
mitriatriatra,triatriatra
mitribitribika,tribitribika
mitribitriby,tribitriby
anatrifanana,trifana
atrifana,trifana
fanatrifana,trifana
fanatrifanana,trifana
fitrifana,trifana
fitrifanana,trifana
itrifanana,trifana
kotrifana,trifana
mahatrifana,trifana
manatrifana,trifana
mitrifana,trifana
mpanatrifana,trifana
mpitrifana,trifana
tafatrifana,trifana
trifanina,trifana
trifantrifana,trifana
voatrifana,trifana
atrifantrifana,trifantrifana
fitrifantrifana,trifantrifana
fitrifantrifanana,trifantrifana
kotrifantrifana,trifantrifana
mitrifantrifana,trifantrifana
fitrifonana,trifona
itrifonana,trifona
fitrikatrika,trikatrika
mitrikatrika,trikatrika
fitrikitriky,trikitriky
mitrikitriky,trikitriky
mitrimoka,trimoka
anatringana,tringa
fanatringa,tringa
fanatringana,tringa
itringatringana,tringa
kotringa,tringa
manatringa,tringa
mpitringatringa,tringa
tringatringa,tringa
fitringatringa,tringatringa
fitringatringana,tringatringa
kotringatringa,tringatringa
mitringatringa,tringatringa
anatringitringiana,tringitringy
atringitringy,tringitringy
fanatringitringiana,tringitringy
fanatringitringy,tringitringy
fitringitringiana,tringitringy
fitringitringy,tringitringy
itringitringiana,tringitringy
mahatringitringy,tringitringy
manatringitringy,tringitringy
mitringitringy,tringitringy
tafatringitringy,tringitringy
voatringitringy,tringitringy
fitrirana,tritra
fitritra,tritra
itrirana,tritra
mitritra,tritra
anatritratritrana,tritratritra
atritratritra,tritratritra
fanatritratritra,tritratritra
fanatritratritrana,tritratritra
fitritratritra,tritratritra
fitritratritrana,tritratritra
itritratritrana,tritratritra
kotritratritra,tritratritra
mahatritratritra,tritratritra
manatritratritra,tritratritra
mitritratritra,tritratritra
mpitritratritra,tritratritra
tafatritratritra,tritratritra
fitritritritry,tritritritry
mitritritritry,tritritritry
tritritritry,tritry
fitroahana,troaka
fitroaka,troaka
itroahana,troaka
mitroaka,troaka
troatroaka,troaka
anatroarana,troatra
atroatra,troatra
fanatroarana,troatra
fanatroatra,troatra
fitroarana,troatra
fitroatra,troatra
itroarana,troatra
mahatroatra,troatra
manatroatra,troatra
mitroatra,troatra
mpanatroatra,troatra
mpitroatra,troatra
tafatroatra,troatra
troarana,troatra
troatroatra,troatra
voatroatra,troatra
fitroatroatra,troatroatra
mitroatroatra,troatroatra
anatrobahana,trobaka
atrobaka,trobaka
fanatrobahana,trobaka
fanatrobaka,trobaka
fanatrobarana,trobaka
fitrobahana,trobaka
fitrobaka,trobaka
fitrobarana,trobaka
itrobahana,trobaka
mahatrobaka,trobaka
manatrobaka,trobaka
mitrobaka,trobaka
mpanatrobaka,trobaka
tafatrobaka,trobaka
trobahana,trobaka
trobarana,trobaka
trobatrobaka,trobaka
voatrobaka,trobaka
fitroka,troka
atroka,troka
fitrofana,troka
fitrohana,troka
itrohana,troka
mahatroka,troka
mitroka,troka
mpitroka,troka
trofina,troka
trohina,troka
trotroka,troka
voatroka,troka
mpitroky,troky
fitrona,trona
fitronana,trona
itronana,trona
mahatrona,trona
mitrona,trona
mpitrona,trona
tafatrona,trona
trontrona,trona
atrongy,trongy
fitrongisana,trongy
fitrongy,trongy
itrongisana,trongy
mahatrongy,trongy
mitrongy,trongy
mpitrongy,trongy
tafatrongy,trongy
trongisina,trongy
trongitrongy,trongy
voatrongy,trongy
itrosana,trosa
mitrosa,trosa
fitrosa,trosa
fitrosana,trosa
mahatrosa,trosa
mampitrosa,trosa
mpitrosa,trosa
trosaina,trosa
voatrosa,trosa
anatrosinana,trosina
atrosina,trosina
fanatrosina,trosina
fanatrosinana,trosina
fitrosina,trosina
fitrosinana,trosina
itrosinana,trosina
mahatrosina,trosina
manatrosina,trosina
mitrosina,trosina
mpanatrosina,trosina
mpitrosina,trosina
tafatrosina,trosina
trosinina,trosina
trosintrosina,trosina
voatrosina,trosina
mitrosintrosina,trosintrosina
fahatrotrahana,trotraka
hatrotrahana,trotraka
mahatrotraka,trotraka
trotrahina,trotraka
fitrotro,trotro
fitrotroana,trotro
itrotroana,trotro
mahatrotro,trotro
mitrotro,trotro
mpitrotro,trotro
trinotro,trotro
trotroina,trotro
voatrotro,trotro
mitrotroka,trotroka
anatrotrongiana,trotrongy
atrotrongy,trotrongy
fanatrotrongiana,trotrongy
fanatrotrongy,trotrongy
fitrotrongiana,trotrongy
fitrotrongy,trotrongy
itrotrongiana,trotrongy
mahatrotrongy,trotrongy
manatrotrongy,trotrongy
manotrongy,trotrongy
mitrotrongy,trotrongy
mpanatrotrongy,trotrongy
mpitrotrongy,trotrongy
tafatrotrongy,trotrongy
trotrongitrongy,trotrongy
voatrotrongy,trotrongy
anatsabahana,tsabaka
atsabaka,tsabaka
fanatsabahana,tsabaka
fanatsabaka,tsabaka
fitsabahana,tsabaka
fitsabaka,tsabaka
itsabahana,tsabaka
mahatsabaka,tsabaka
manatsabaka,tsabaka
mitsabaka,tsabaka
mpanatsabaka,tsabaka
mpitsabaka,tsabaka
tafatsabaka,tsabaka
tsabahina,tsabaka
voatsabaka,tsabaka
antsabo,tsabo
fitsabo,tsabo
tsaboina,tsabo
fitsaboana,tsabo
itsaboana,tsabo
mahatsabo,tsabo
mitsabo,tsabo
mpitsabo,tsabo
tsinabo,tsabo
voatsabo,tsabo
atsaboaka,tsaboaka
fitsaboahana,tsaboaka
fitsaboaka,tsaboaka
itsaboahana,tsaboaka
mahatsaboaka,tsaboaka
matsaboaka,tsaboaka
mitsaboaka,tsaboaka
tafatsaboaka,tsaboaka
tsaboaboaka,tsaboaka
mampitsahatra,tsahatra
anatsaharana,tsahatra
atsahatra,tsahatra
fanatsaharana,tsahatra
fanatsahatra,tsahatra
fitsaharana,tsahatra
fitsahatra,tsahatra
itsaharana,tsahatra
mahatsahatra,tsahatra
manatsahatra,tsahatra
mitsahatra,tsahatra
mpanatsahatra,tsahatra
mpitsahatra,tsahatra
tafatsahatra,tsahatra
tsahatsahatra,tsahatra
voatsahatra,tsahatra
anatsahoana,tsaho
fanatsaho,tsaho
fanatsahoana,tsaho
hitsaho,tsaho
manatsaho,tsaho
mitsaho,tsaho
mpanatsaho,tsaho
tsahoina,tsaho
tsahotsaho,tsaho
voatsaho,tsaho
fitsaika,tsaika
fitsaikana,tsaika
mahatsaika,tsaika
mitsaika,tsaika
mpitsaika,tsaika
tsaikana,tsaika
tsaitsaika,tsaika
tsinaika,tsaika
voatsaika,tsaika
fitsaihana,tsaika
itsaihana,tsaika
tsehina,tsaika
itsaikana,tsaika
manatsaika,tsaika
tsaikafina,tsaika
anatsaikonana,tsaikona
atsaikona,tsaikona
fanatsaikona,tsaikona
fanatsaikonana,tsaikona
fitsaikona,tsaikona
fitsaikonana,tsaikona
itsaikonana,tsaikona
mahatsaikona,tsaikona
manatsaikona,tsaikona
mitsaikona,tsaikona
mpanatsaikona,tsaikona
mpitsaikona,tsaikona
tafatsaikona,tsaikona
tsaikonina,tsaikona
tsaikontsaikona,tsaikona
mitsaikontsaikona,tsaikontsaikona
mitsainga,tsainga
anaingohana,tsaingoka
atsaingoka,tsaingoka
fanaingohana,tsaingoka
fanaingoka,tsaingoka
fitsaingohana,tsaingoka
fitsaingoka,tsaingoka
itsaingohana,tsaingoka
mahatsaingoka,tsaingoka
manaingoka,tsaingoka
mitsaingoka,tsaingoka
mpanaingoka,tsaingoka
mpitsaingoka,tsaingoka
tsaingohina,tsaingoka
tsaingotsaingoka,tsaingoka
tsinaingoka,tsaingoka
voatsaingoka,tsaingoka
manatsaitsaika,tsaitsaika
mitsaitsaika,tsaitsaika
fitsakana,tsaka
mahatsaka,tsaka
mitsaka,tsaka
mpitsaka,tsaka
anatsakana,tsaka
atsaka,tsaka
fanatsakana,tsaka
fitsaka,tsaka
mpanatsaka,tsaka
tafatsaka,tsaka
voatsaka,tsaka
itsakana,tsaka
fitsakatsaka,tsakatsaka
fitsakatsakana,tsakatsaka
itsakatsakana,tsakatsaka
mahatsakatsaka,tsakatsaka
mitsakatsaka,tsakatsaka
mpitsakatsaka,tsakatsaka
tafatsakatsaka,tsakatsaka
tsakotsako,tsako
atsako,tsako
fitsako,tsako
fitsakoana,tsako
itsakoana,tsako
mahatsako,tsako
mitsako,tsako
mpitsako,tsako
tsakoina,tsako
tsinako,tsako
voatsako,tsako
mitsakoaka,tsakoaka
tsakotsakoina,tsakotsako
manakotsako,tsakotsako
mitsakotsako,tsakotsako
mitsakitsaky,tsaky
mitsaky,tsaky
atsamaka,tsamaka
mitsamaka,tsamaka
mitsambikimbikina,tsambikimbikina
atsambikina,tsambikina
fitsambikina,tsambikina
fitsambikinana,tsambikina
mahatsambikina,tsambikina
mitsambikina,tsambikina
mpitsambikina,tsambikina
tafatsambikina,tsambikina
tsambikimbikina,tsambikina
mitsambokina,tsambokina
mitsamiky,tsamiky
atsamontsamona,tsamontsamona
fitsamontsamona,tsamontsamona
fitsamontsamonana,tsamontsamona
itsamontsamonana,tsamontsamona
mahatsamontsamona,tsamontsamona
mitsamontsamona,tsamontsamona
mpitsamontsamona,tsamontsamona
tafatsamontsamona,tsamontsamona
tsamontsamonina,tsamontsamona
atsananaka,tsananaka
fitsananahana,tsananaka
fitsananaka,tsananaka
itsananahana,tsananaka
mahatsananaka,tsananaka
mitsananàka,tsananaka
mpitsananaka,tsananaka
tafatsananaka,tsananaka
voatsananaka,tsananaka
fampampitsangana,tsangana
fanangana,tsangana
fifamangana,tsangana
fifampananganana,tsangana
kitsangana,tsangana
mampampitsangana,tsangana
mampifamangana,tsangana
mampifampitsangana,tsangana
mifamangana,tsangana
mpampampanangana,tsangana
mpampampitsangana,tsangana
mpifamangana,tsangana
atsangana,tsangana
fampahatsangana,tsangana
fananganana,tsangana
fitsangana,tsangana
fitsanganana,tsangana
itsanganana,tsangana
mahatsangana,tsangana
mampampanangana,tsangana
mampifampanangana,tsangana
mitsangana,tsangana
mpitsangana,tsangana
tafatsangana,tsangana
tsanganana,tsangana
tsangantsangana,tsangana
voatsangana,tsangana
mifampananganana,tsanganana
mpifampananganana,tsanganana
mampitsangantsangana,tsangantsangana
fitsangantsanganana,tsangantsangana
mitsangantsangana,tsangantsangana
mpampitsangantsangana,tsangantsangana
mpitsangantsangana,tsangantsangana
mahatsangy,tsangy
tafatsantsana,tsantsana
fitsantsana,tsantsana
fitsantsanana,tsantsana
itsantsanana,tsantsana
mahatsantsana,tsantsana
mitsantsana,tsantsana
mpitsantsana,tsantsana
tsafatsantsana,tsantsana
fitsantselatra,tsantselatra
mitsantselatra,tsantselatra
tafatsantselatra,tsantselatra
tsantselatselatra,tsantselatra
kitsantsona,tsantsona
fitsaoka,tsaoka
fitsaohana,tsaoka
itsaohana,tsaoka
mahatsaoka,tsaoka
mitsaoka,tsaoka
mpitsaoka,tsaoka
tsaohina,tsaoka
voatsaoka,tsaoka
fitsaontsaona,tsaontsaona
fitsaontsaonana,tsaontsaona
itsaontsaonana,tsaontsaona
mahatsaontsaona,tsaontsaona
mitsaontsaona,tsaontsaona
mpitsaontsaona,tsaontsaona
tafatsaontsaona,tsaontsaona
kitsaotsao,tsaotsao
matsaotsao,tsaotsao
mitsaotsao,tsaotsao
ahatsapana,tsapa
atsapa,tsapa
fahatsapana,tsapa
fitsapa,tsapa
tsapay,tsapa
fitsapana,tsapa
itsapana,tsapa
mahatsapa,tsapa
mampitsapa,tsapa
mifampitsapa,tsapa
mitsapa,tsapa
mpitsapa,tsapa
tsapaina,tsapa
tsapatsapa,tsapa
tsapatsapaka,tsapaka
anatsapahana,tsapaka
antsapaka,tsapaka
atsapaka,tsapaka
fanatsapahana,tsapaka
fanatsapaka,tsapaka
fitsapahana,tsapaka
fitsapaka,tsapaka
itsapahana,tsapaka
mahatsapaka,tsapaka
manatsapaka,tsapaka
mitsapaka,tsapaka
mpanatsapaka,tsapaka
mpitsapaka,tsapaka
tafatsapaka,tsapaka
tsapahana,tsapaka
tsarapaka,tsapaka
tsinapaka,tsapaka
voatsapaka,tsapaka
mitsapatsapa,tsapatsapa
antsapatsapaka,tsapatsapaka
mitsapatsapaka,tsapatsapaka
mitsapodilana,tsapodilana
fatsarana,tsara
fitsara,tsara
mitsara,tsara
mpitsara,tsara
tsaraina,tsara
anatsarana,tsara
fahatsara,tsara
fahatsarana,tsara
fanatsara,tsara
fanatsarana,tsara
fitsarana,tsara
hatsara,tsara
hatsaraina,tsara
hatsarana,tsara
ifampitsarana,tsara
mahatsara,tsara
manatsara,tsara
mifampitsara,tsara
mihatsara,tsara
mpanatsara,tsara
tsaratsara,tsara
voatsara,tsara
fampitsarana,tsara
itsarana,tsara
atsaraingona,tsaraingona
fitsaraingona,tsaraingona
fitsaraingonana,tsaraingona
itsaraingonana,tsaraingona
mahatsaraingona,tsaraingona
mitsaraingona,tsaraingona
mpitsaraingona,tsaraingona
tafatsaraingona,tsaraingona
tsaraingondraingona,tsaraingona
tsaraingonina,tsaraingona
voatsaraingona,tsaraingona
anatsarapahana,tsarapaka
atsarapaka,tsarapaka
fanatsarapahana,tsarapaka
fanatsarapaka,tsarapaka
fitsarapahana,tsarapaka
fitsarapaka,tsarapaka
itsarapahana,tsarapaka
mahatsarapaka,tsarapaka
manatsarapaka,tsarapaka
mitsarapaka,tsarapaka
mpanatsarapaka,tsarapaka
mpitsarapaka,tsarapaka
tafatsarapaka,tsarapaka
tsarapahana,tsarapaka
voatsarapaka,tsarapaka
anatsararahana,tsararaka
atsararàka,tsararaka
fanatsararahana,tsararaka
fanatsararaka,tsararaka
fitsararaka,tsararaka
mahatsararàka,tsararaka
manatsararaka,tsararaka
mitsararàka,tsararaka
mpanatsararaka,tsararaka
tafatsararaka,tsararaka
voatsararaka,tsararaka
mitsaratsara,tsaratsara
tsaratsaraina,tsaratsara
fihatsarambelatsihy,tsaravelatsihy
ihatsarambelatsihy,tsaravelatsihy
mihatsaravelatsihy,tsaravelatsihy
mpihatsaravelatsihy,tsaravelatsihy
fanatsatoka,tsatoka
anatsatohana,tsatoka
atsatoka,tsatoka
fanatsatohana,tsatoka
fitsatohana,tsatoka
fitsatoka,tsatoka
itsatohana,tsatoka
mahatsatoka,tsatoka
manatsatoka,tsatoka
mitsatoka,tsatoka
mpanatsatoka,tsatoka
mpitsatoka,tsatoka
tafatsatoka,tsatoka
tsatohana,tsatoka
tsatotsatoka,tsatoka
voatsatoka,tsatoka
mitsatotsatoka,tsatotsatoka
mitsatsà,tsatsa
voatsatsa,tsatsa
atsatsaingoka,tsatsaingoka
fitsatsaingohana,tsatsaingoka
fitsatsaingoka,tsatsaingoka
itsatsaingohana,tsatsaingoka
mahatsatsaingoka,tsatsaingoka
mitsatsaingoka,tsatsaingoka
mpitsatsaingoka,tsatsaingoka
tafatsatsaingoka,tsatsaingoka
tsatsaingohina,tsatsaingoka
tsatsaingotsatsaingoka,tsatsaingoka
voatsatsaingoka,tsatsaingoka
atsatsaingona,tsatsaingona
fitsatsaingona,tsatsaingona
fitsatsaingonana,tsatsaingona
itsatsaingonana,tsatsaingona
mahatsatsaingona,tsatsaingona
mitsatsaingona,tsatsaingona
mpitsatsaingona,tsatsaingona
tafatsatsaingona,tsatsaingona
tsatsaingonina,tsatsaingona
tsatsaingontsaingona,tsatsaingona
voatsatsaingona,tsatsaingona
mitsatsaingontsaingona,tsatsaingontsaingona
fanatsatsaka,tsatsaka
anatsatsahana,tsatsaka
fanatsatsahana,tsatsaka
fitsatsahana,tsatsaka
fitsatsaka,tsatsaka
itsatsàhana,tsatsaka
mahatsatsàka,tsatsaka
manatsatsàka,tsatsaka
mangotsatsaka,tsatsaka
mitsatsàka,tsatsaka
mpanatsatsàka,tsatsaka
mpitsatsàka,tsatsaka
tsatsahina,tsatsaka
voatsatsaka,tsatsaka
fitsatsatsatsa,tsatsatsatsa
fitsatsatsatsana,tsatsatsatsa
itsatsatsatsana,tsatsatsatsa
mitsatsatsatsa,tsatsatsatsa
mpitsatsatsatsa,tsatsatsatsa
tafatsatsatsatsa,tsatsatsatsa
anatsatsiahana,tsatsiaka
atsatsiaka,tsatsiaka
fanatsatsiahana,tsatsiaka
fanatsatsiaka,tsatsiaka
fitsatsiahana,tsatsiaka
fitsatsiaka,tsatsiaka
itsatsiahana,tsatsiaka
mahatsatsiaka,tsatsiaka
manatsatsiaka,tsatsiaka
mitsatsiaka,tsatsiaka
mpanatsatsiaka,tsatsiaka
tafatsatsiaka,tsatsiaka
tsatsiahina,tsatsiaka
tsatsiatsiaka,tsatsiaka
voatsatsiaka,tsatsiaka
anatsatsihana,tsatsika
atsatsika,tsatsika
fanatsatsihana,tsatsika
fanatsatsika,tsatsika
fitsatsihana,tsatsika
fitsatsika,tsatsika
itsatsihana,tsatsika
mahatsatsika,tsatsika
manatsatsika,tsatsika
mitsatsika,tsatsika
mpanatsatsika,tsatsika
mpitsatsika,tsatsika
tafatsatsika,tsatsika
voatsatsika,tsatsika
ramatsatso,tsatso
anatsatsoana,tsatso
atsatso,tsatso
fanatsatso,tsatso
fanatsatsoana,tsatso
hatsatso,tsatso
hatsatsoana,tsatso
mahatsatso,tsatso
manatsatso,tsatso
matsatso,tsatso
mihatsatso,tsatso
mitsatso,tsatso
mpanatsatso,tsatso
tsatsoina,tsatso
voatsatso,tsatso
anavatsavana,tsavatsava
fanavatsava,tsavatsava
fanavatsavana,tsavatsava
mahatsavatsava,tsavatsava
manavatsava,tsavatsava
mpanavatsava,tsavatsava
fanatsefaka,tsefaka
anatsefahana,tsefaka
atsefaka,tsefaka
fanatsefahana,tsefaka
fitsefahana,tsefaka
fitsefaka,tsefaka
itsefahana,tsefaka
mahatsefaka,tsefaka
manatsefaka,tsefaka
mitsefaka,tsefaka
mpanatsefaka,tsefaka
mpitsefaka,tsefaka
tafatsefaka,tsefaka
tsatsefaka,tsefaka
tsefahina,tsefaka
tsefatsefaka,tsefaka
voatsefaka,tsefaka
mitsefatsefaka,tsefatsefaka
tsefotsefotra,tsefotra
anatseforana,tsefotra
atsefotra,tsefotra
fanatseforana,tsefotra
fanatsefotra,tsefotra
fitseforana,tsefotra
fitsefotra,tsefotra
itseforana,tsefotra
mahatsefotra,tsefotra
manatsefotra,tsefotra
mitsefotra,tsefotra
mpanatsefotra,tsefotra
mpitsefotra,tsefotra
tseforana,tsefotra
voatsefotra,tsefotra
mitsefotsefotra,tsefotsefotra
atsehatseha,tsehatseha
fitsehatseha,tsehatseha
fitsehatsehana,tsehatseha
itsehatsehana,tsehatseha
mitsehatseha,tsehatseha
mpitsehatseha,tsehatseha
tafatsehatseha,tsehatseha
atsehontsehona,tsehontsehona
fitsehontsehona,tsehontsehona
fitsehontsehonana,tsehontsehona
itsehontsehonana,tsehontsehona
mahatsehontsehona,tsehontsehona
mitsehontsehona,tsehontsehona
mpitsehontsehona,tsehontsehona
tafatsehontsehona,tsehontsehona
tsehontsehonina,tsehontsehona
mitseky,tseky
mitsela,tsela
anatselafana,tselaka
anatselahana,tselaka
atselaka,tselaka
fanatselahana,tselaka
fanatselaka,tselaka
fitselahana,tselaka
fitselaka,tselaka
itselahana,tselaka
mahatselaka,tselaka
manatselaka,tselaka
matselaka,tselaka
mitselaka,tselaka
mitselatselaka,tselaka
mpanatselaka,tselaka
mpitselaka,tselaka
tafatselaka,tselaka
tselahana,tselaka
tselatselaka,tselaka
voatselaka,tselaka
tsantselatra,tselatra
atselatra,tselatra
fitselarana,tselatra
fitselatra,tselatra
itselàrana,tselatra
manatselatra,tselatra
mitselatra,tselatra
mpitselatra,tselatra
tafatselatra,tselatra
tselarana,tselatra
tselatselatra,tselatra
voatselatra,tselatra
mitselatselatra,tselatselatra
antselika,tselika
atselika,tselika
fitselehana,tselika
fitselika,tselika
itselehana,tselika
mahatselika,tselika
mitselika,tselika
mpitselika,tselika
tafatselika,tselika
tsatselika,tselika
tselehina,tselika
tselitselika,tselika
voatselika,tselika
fitselotseloka,tselotseloka
mitselotseloka,tselotseloka
mpitselotseloka,tselotseloka
anatsembohana,tsemboka
fahatsembohana,tsemboka
fanatsembohana,tsemboka
fanatsemboka,tsemboka
fitsembohana,tsemboka
fitsemboka,tsemboka
hatsembohana,tsemboka
itsembohana,tsemboka
mahatsemboka,tsemboka
manatsemboka,tsemboka
mitsemboka,tsemboka
mpanatsemboka,tsemboka
tsembohina,tsemboka
tsembotsemboka,tsemboka
voatsemboka,tsemboka
fifanena,tsena
fitsena,tsena
fitsenana,tsena
itsenana,tsena
mitsena,tsena
mpifanena,tsena
mpitsena,tsena
fiantsena,tsena
fiantsenana,tsena
iantsenana,tsena
miantsena,tsena
mpiantsena,tsena
atsena,tsena
fifanenana,tsena
ifanenana,tsena
mahatsena,tsena
mifampitsena,tsena
mifanena,tsena
tsenaina,tsena
voatsena,tsena
anentsenana,tsentsina
atsentsina,tsentsina
fanentsenana,tsentsina
fanentsina,tsentsina
fitsentsenana,tsentsina
fitsentsina,tsentsina
itsentsenana,tsentsina
mahatsentsina,tsentsina
manentsina,tsentsina
mitsentsina,tsentsina
mpanentsina,tsentsina
mpitsentsina,tsentsina
tafatsentsina,tsentsina
tsentsenana,tsentsina
tsentsintsentsina,tsentsina
tsinentsina,tsentsina
voatsentsina,tsentsina
mitsentsitra,tsentsitra
atsentsitra,tsentsitra
fitsentsefana,tsentsitra
fitsentsitra,tsentsitra
itsentsefana,tsentsitra
mahatsentsitra,tsentsitra
mpitsentsitra,tsentsitra
tafatsentsitra,tsentsitra
tsentsefina,tsentsitra
tsentsitsentsitra,tsentsitra
voatsentsitra,tsentsitra
mahatsepoka,tsepoka
tsepohina,tsepoka
tserohina,tseroka
itsetahana,tsetaka
anatsetahana,tsetaka
atsetaka,tsetaka
fanatsetahana,tsetaka
fanatsetaka,tsetaka
fitsetahana,tsetaka
fitsetaka,tsetaka
manatsetaka,tsetaka
mitsetaka,tsetaka
mpanatsetaka,tsetaka
tafatsetaka,tsetaka
tsetahana,tsetaka
voatsetaka,tsetaka
mampitsetra,tsetra
atsetra,tsetra
fitserana,tsetra
fitsetra,tsetra
itserana,tsetra
mahatsetra,tsetra
mitsetra,tsetra
mitsetsetra,tsetra
mpitsetra,tsetra
tafatsetra,tsetra
tsetsetra,tsetra
anatsetsahana,tsetsaka
atsetsaka,tsetsaka
fanatsetsahana,tsetsaka
fanatsetsaka,tsetsaka
fitsetsahana,tsetsaka
fitsetsaka,tsetsaka
itsetsahana,tsetsaka
mahatsetsaka,tsetsaka
manatsetsaka,tsetsaka
mitsetsaka,tsetsaka
mpanatsetsaka,tsetsaka
mpitsetsaka,tsetsaka
tafatsetsaka,tsetsaka
tsetsahana,tsetsaka
tsetsahina,tsetsaka
voatsetsaka,tsetsaka
atsetsatsetsa,tsetsatsetsa
fitsetsatsetsa,tsetsatsetsa
fitsetsatsetsana,tsetsatsetsa
itsetsatsetsàna,tsetsatsetsa
mitsetsatsetsa,tsetsatsetsa
mpitsetsatsetsa,tsetsatsetsa
tafatsetsatsetsa,tsetsatsetsa
atsetsetra,tsetsetra
itsetserana,tsetsetra
fanetsetra,tsetsetra
manetsetra,tsetsetra
fitsetsohana,tsetsoka
fitsetsoka,tsetsoka
itsetsohana,tsetsoka
mahatsetsoka,tsetsoka
mitsetsoka,tsetsoka
mpitsetsoka,tsetsoka
tafatsetsoka,tsetsoka
tsetsotsetsoka,tsetsoka
kotsetsotsetso,tsetsotsetso
ampahatsiahivina,tsiahy
tsiahitsiahy,tsiahy
tsiahivina,tsiahy
ahatsiahivana,tsiahy
atsiahy,tsiahy
fahatsiahivana,tsiahy
fahatsiahy,tsiahy
mahatsiahy,tsiahy
mampahatsiahy,tsiahy
mpahatsiahy,tsiahy
tsahivina,tsiahy
tsiahiahy,tsiahy
voatsiahy,tsiahy
tsatsiaka,tsiaka
anatsiahana,tsiaka
atsiaka,tsiaka
fanatsiahana,tsiaka
fanatsiaka,tsiaka
fitsiahana,tsiaka
fitsiaka,tsiaka
itsiahana,tsiaka
mahatsiaka,tsiaka
manatsiaka,tsiaka
matsiaka,tsiaka
mitsiaka,tsiaka
mpanatsiaka,tsiaka
mpitsiaka,tsiaka
tafatsiaka,tsiaka
tsiahina,tsiaka
tsiatsiaka,tsiaka
voatsiaka,tsiaka
ampahatsiarovina,tsiaro
anatsiarovana,tsiaro
fahatsiaro,tsiaro
mahatsiaro,tsiaro
mpampahatsiaro,tsiaro
ahatsiarovana,tsiaro
ampahatsiarovana,tsiaro
fahatsiarovana,tsiaro
fampahatsiarovana,tsiaro
fifampahatsiarovana,tsiaro
mampahatsiaro,tsiaro
mpahatsiaro,tsiaro
tsaroana,tsiaro
tsarovana,tsiaro
tsarovina,tsiaro
tsiarotsiaro,tsiaro
voatsiaro,tsiaro
mahatsiarotsiaro,tsiarotsiaro
fitsiatsia,tsiatsia
mitsiatsia,tsiatsia
mitsiatsiaka,tsiatsiaka
mitsibilabilaka,tsibilabilaka
mitsibolobolo,tsibolobolo
fitsidafodafoka,tsidafodafoka
mitsidafodafoka,tsidafodafoka
mpitsidafodafoka,tsidafodafoka
fitsidika,tsidika
atsidika,tsidika
fitsidihana,tsidika
hitsidika,tsidika
itsidihana,tsidika
mahatsidika,tsidika
mampitsidika,tsidika
mifampitsidika,tsidika
mitsidika,tsidika
mpitsidika,tsidika
tafatsidika,tsidika
tsidihina,tsidika
tsiditsidika,tsidika
voatsidika,tsidika
mitsiditsidika,tsiditsidika
anatsidradrana,tsidradra
atsidradra,tsidradra
fanatsidradra,tsidradra
fanatsidradrahana,tsidradra
fanatsidradraka,tsidradra
fanatsidradrana,tsidradra
fitsidradra,tsidradra
fitsidradrana,tsidradra
itsidradrana,tsidradra
manatsidradra,tsidradra
mitsidradra,tsidradra
mpitsidradra,tsidradra
tsidradradradra,tsidradra
tsidradraina,tsidradra
anatsidradrahana,tsidradraka
atsidradraka,tsidradraka
fitsidradrahana,tsidradraka
fitsidradraka,tsidradraka
itsidradrahana,tsidradraka
mahatsidradraka,tsidradraka
manatsidradraka,tsidradraka
mitsidradraka,tsidradraka
mpanatsidradraka,tsidradraka
tafatsidradraka,tsidradraka
tsidradrahina,tsidradraka
voatsidradraka,tsidradraka
fitsifaka,tsifaka
mitsifaka,tsifaka
tsifahina,tsifaka
mitsihanihany,tsihanihany
anihifana,tsihika
atsihika,tsihika
fanihifana,tsihika
fanihika,tsihika
mahatsihika,tsihika
manihika,tsihika
mpanihika,tsihika
tsihifina,tsihika
tsihitsihika,tsihika
voatsihika,tsihika
atsika,tsika
fitsihana,tsika
fitsika,tsika
itsihana,tsika
mahatsika,tsika
mitsika,tsika
mpanatsika,tsika
tsihina,tsika
voatsika,tsika
fitsikabaka,tsikabaka
mitsikabaka,tsikabaka
mahatsikaiky,tsikaiky
mitsikakakaka,tsikakakaka
mahatsikala,tsikala
atsikala,tsikala
fanatsikala,tsikala
fanatsikalana,tsikala
fanatsikalanana,tsikala
fitsikala,tsikala
fitsikalana,tsikala
manatsikala,tsikala
mitsikala,tsikala
mpanatsikala,tsikala
tafatsikala,tsikala
tsikalaina,tsikala
tsikalakala,tsikala
tsikalàna,tsikala
voatsikala,tsikala
anatsikalanana,tsikalana
atsikalana,tsikalana
fitsikalanana,tsikalana
itsikalanana,tsikalana
mahatsikalana,tsikalana
manatsikalana,tsikalana
mitsikalana,tsikalana
mpanatsikalana,tsikalana
tafatsikalana,tsikalana
tsikalanina,tsikalana
tsikalankalana,tsikalana
fitsikamokamo,tsikamokamo
fitsikamokamoana,tsikamokamo
mitsikamokamo,tsikamokamo
fitsikanikany,tsikanikany
mitsikanikany,tsikanikany
mpitsikanikany,tsikanikany
anatsikaninana,tsikanina
atsikanina,tsikanina
fanatsikanina,tsikanina
fanatsikaninana,tsikanina
fitsikanina,tsikanina
fitsikaninana,tsikanina
itsikaninana,tsikanina
mahatsikanina,tsikanina
manatsikanina,tsikanina
mitsikanina,tsikanina
mpanatsikanina,tsikanina
mpitsikanina,tsikanina
tafatsikanina,tsikanina
tsikaninkanina,tsikanina
voatsikanina,tsikanina
fitsikarakara,tsikarakara
mitsikarakara,tsikarakara
mitsikarakaraka,tsikarakaraka
mahatsikaritra,tsikaritra
voatsikaritra,tsikaritra
atsikaroka,tsikaroka
fitsikarohana,tsikaroka
fitsikaroka,tsikaroka
itsikarohana,tsikaroka
mahatsikaroka,tsikaroka
mitsikaroka,tsikaroka
mpitsikaroka,tsikaroka
tafatsikaroka,tsikaroka
tsikarohina,tsikaroka
tsikarokaroka,tsikaroka
voatsikaroka,tsikaroka
anatsikebonana,tsikebona
atsikebona,tsikebona
fanatsikebona,tsikebona
fanatsikebonana,tsikebona
fitsikebona,tsikebona
fitsikebonana,tsikebona
itsikebonana,tsikebona
mahatsikebona,tsikebona
manatsikebona,tsikebona
mitsikebona,tsikebona
mpanatsikebona,tsikebona
mpitsikebona,tsikebona
tafatsikebona,tsikebona
tsikebonina,tsikebona
tsikebonkebona,tsikebona
voatsikebona,tsikebona
anatsikefakefahana,tsikefakefaka
atsikefakefaka,tsikefakefaka
fanatsikefakefahana,tsikefakefaka
fanatsikefakefaka,tsikefakefaka
fitsikefakefahana,tsikefakefaka
fitsikefakefaka,tsikefakefaka
itsikefakefahana,tsikefakefaka
mahatsikefakefaka,tsikefakefaka
manatsikefakefaka,tsikefakefaka
mitsikefakefaka,tsikefakefaka
mpanatsikefakefaka,tsikefakefaka
tsikefakefahina,tsikefakefaka
voatsikefakefaka,tsikefakefaka
mitsikehina,tsikehina
fitsikerana,tsikera
mpitsikera,tsikera
anatsikerana,tsikera
atsikera,tsikera
fanatsikera,tsikera
fanatsikerana,tsikera
fitsikera,tsikera
itsikerana,tsikera
mahatsikera,tsikera
manatsikera,tsikera
mitsikera,tsikera
mpanatsikera,tsikera
tsikeraina,tsikera
tsikerakera,tsikera
voatsikera,tsikera
mitsikerakera,tsikerakera
itsikiakiavana,tsikiakia
fitsikiakia,tsikiakia
fitsikiakianana,tsikiakia
fitsikiakiavana,tsikiakia
itsikiakianana,tsikiakia
mahatsikiakia,tsikiakia
mitsikiakia,tsikiakia
mpitsikiakia,tsikiakia
tafatsikiakia,tsikiakia
mitsikikikiky,tsikikikiky
itsikiloana,tsikilo
atsikilo,tsikilo
fitsikilo,tsikilo
fitsikiloana,tsikilo
mahatsikilo,tsikilo
mampitsikilo,tsikilo
mifampitsikilo,tsikilo
mitsikilo,tsikilo
mpitsikilo,tsikilo
tafatsikilo,tsikilo
tsikiloina,tsikilo
tsikilokilo,tsikilo
tsikilovina,tsikilo
voatsikilo,tsikilo
fitsikintsikina,tsikintsikina
fitsikintsikinana,tsikintsikina
itsikintsikinana,tsikintsikina
mahatsikintsikina,tsikintsikina
mitsikintsikina,tsikintsikina
mpitsikintsikina,tsikintsikina
tafatsikintsikina,tsikintsikina
mitsikirikiry,tsikirikiry
hitsikitsiky,tsikitsiky
fitsikofokofohana,tsikofokofoka
fitsikofokofoka,tsikofokofoka
itsikofokofohana,tsikofokofoka
mahatsikofokofoka,tsikofokofoka
mitsikofokofoka,tsikofokofoka
mpitsikofokofoka,tsikofokofoka
tafatsikofokofoka,tsikofokofoka
anatsikoinkoinana,tsikoinkoina
fanatsikoinkoina,tsikoinkoina
fanatsikoinkoinana,tsikoinkoina
fitsikoinkoina,tsikoinkoina
fitsikoinkoinana,tsikoinkoina
itsikoinkoinana,tsikoinkoina
mahatsikoinkoina,tsikoinkoina
manatsikoinkoina,tsikoinkoina
mitsikoinkoina,tsikoinkoina
mpanatsikoinkoina,tsikoinkoina
mpitsikoinkoina,tsikoinkoina
tafatsikoinkoina,tsikoinkoina
tsikokoina,tsikoko
mitsikondrikondry,tsikondrikondry
tsikondrikondry,tsikondry
anatsikozakozana,tsikozakoza
fanatsikozakoza,tsikozakoza
fanatsikozakozana,tsikozakoza
fitsikozakoza,tsikozakoza
fitsikozakozana,tsikozakoza
itsikozakozana,tsikozakoza
mahatsikozakoza,tsikozakoza
manatsikozakoza,tsikozakoza
mitsikozakoza,tsikozakoza
mpanatsikozakoza,tsikozakoza
mpitsikozakoza,tsikozakoza
tafatsikozakoza,tsikozakoza
tsikozakozaina,tsikozakoza
atsiky,tsiky
fitsikiana,tsiky
fitsiky,tsiky
itsikiana,tsiky
mahatsiky,tsiky
mitsiky,tsiky
mpitsiky,tsiky
tafatsiky,tsiky
tsikitsiky,tsiky
mitsilaiko,tsilaiko
mitsilaikolaiko,tsilaikolaiko
atsilailay,tsilailay
fitsilailaizana,tsilailay
fitsilailay,tsilailay
itsilailaizana,tsilailay
mahatsilailay,tsilailay
mitsilailay,tsilailay
mpitsilailay,tsilailay
tafatsilailay,tsilailay
mitsilamodamoka,tsilamodamoka
anatsilanesana,tsilany
atsilany,tsilany
fanatsilanesana,tsilany
fanatsilany,tsilany
fitsilanesana,tsilany
fitsilany,tsilany
itsilanesana,tsilany
mahatsilany,tsilany
manatsilany,tsilany
mitsilany,tsilany
mpanatsilany,tsilany
mpitsilany,tsilany
tafatsilany,tsilany
tsilanilany,tsilany
atsilasilasy,tsilasilasy
mitsilasilasy,tsilasilasy
tafatsilasilasy,tsilasilasy
mantsilany,tsilañy
fitsililalila,tsililalila
mitsililalila,tsililalila
fanilo,tsilo
tsiloina,tsilo
aniloana,tsilo
atsilo,tsilo
faniloana,tsilo
manilo,tsilo
mpanilo,tsilo
tsilotsilo,tsilo
voatsilo,tsilo
fitsilo,tsilo
fitsilovana,tsilo
itsilovana,tsilo
mahatsilo,tsilo
matsilo,tsilo
mitsilo,tsilo
mpitsilo,tsilo
tsilovina,tsilo
fitsiloliloly,tsiloliloly
mitsiloliloly,tsiloliloly
mitsilopilopy,tsilopilopy
fitsilotidotika,tsilotidotika
mitsilotidotika,tsilotidotika
manilotsilo,tsilotsilo
mitsilotsilo,tsilotsilo
anatsimbadihana,tsimbadika
atsimbadika,tsimbadika
fanatsimbadihana,tsimbadika
fanatsimbadika,tsimbadika
fitsimbadihana,tsimbadika
fitsimbadika,tsimbadika
itsimbadihana,tsimbadika
mahatsimbadika,tsimbadika
manatsimbadika,tsimbadika
mitsimbadika,tsimbadika
mpanatsimbadika,tsimbadika
mpitsimbadika,tsimbadika
tafatsimbadika,tsimbadika
tsimbadimbadika,tsimbadika
voatsimbadika,tsimbadika
fitsimberiverena,tsimberivery
fitsimberivery,tsimberivery
itsimberiverena,tsimberivery
mitsimberivery,tsimberivery
mpitsimberivery,tsimberivery
tafatsimberivery,tsimberivery
atsimbina,tsimbina
fifampitsimbinana,tsimbina
fitsimbina,tsimbina
fitsimbinana,tsimbina
itsimbinana,tsimbina
mahatsimbina,tsimbina
mitsimbina,tsimbina
mpitsimbina,tsimbina
tsimbinina,tsimbina
voatsimbina,tsimbina
atsimbohitra,tsimbohitra
fitsimbohirana,tsimbohitra
fitsimbohitra,tsimbohitra
mahatsimbohitra,tsimbohitra
mitsimbohitra,tsimbohitra
mpitsimbohitra,tsimbohitra
tafatsimbohitra,tsimbohitra
tsimbohimbohitra,tsimbohitra
voatsimbohitra,tsimbohitra
mitsimedameda,tsimedameda
mpanamina,tsimina
animinana,tsimina
atsimina,tsimina
fanimina,tsimina
faniminana,tsimina
mahatsimina,tsimina
manimina,tsimina
mpanimina,tsimina
tsiminina,tsimina
voatsimina,tsimina
atsimintsimina,tsimintsimina
fitsimintsimina,tsimintsimina
fitsimintsiminana,tsimintsimina
itsimintsiminana,tsimintsimina
mahatsimintsimina,tsimintsimina
mitsimintsimina,tsimintsimina
mpitsimintsimina,tsimintsimina
tafatsimintsimina,tsimintsimina
fitsimohana,tsimoka
fitsimoka,tsimoka
itsimohana,tsimoka
mahatsimoka,tsimoka
mitsimoka,tsimoka
tafatsimoka,tsimoka
atsimontsimona,tsimontsimona
fitsimontsimona,tsimontsimona
fitsimontsimonana,tsimontsimona
itsimontsimonana,tsimontsimona
mahatsimontsimona,tsimontsimona
mitsimontsimona,tsimontsimona
mpitsimontsimona,tsimontsimona
tafatsimontsimona,tsimontsimona
mitsimozimozy,tsimozimozy
anatsimpohafohazana,tsimpohafoha
atsimpohafoha,tsimpohafoha
fanatsimpohafoha,tsimpohafoha
fanatsimpohafohazana,tsimpohafoha
fitsimpohafoha,tsimpohafoha
fitsimpohafohazana,tsimpohafoha
itsimpohafohazana,tsimpohafoha
mahatsimpohafoha,tsimpohafoha
manatsimpohafoha,tsimpohafoha
mitsimpohafoha,tsimpohafoha
mpanatsimpohafoha,tsimpohafoha
mpitsimpohafoha,tsimpohafoha
tsimpohafohazina,tsimpohafoha
voatsimpohafoha,tsimpohafoha
atsimpona,tsimpona
fitsimpona,tsimpona
fitsimponana,tsimpona
itsimponana,tsimpona
mahatsimpona,tsimpona
mitsimpona,tsimpona
mpitsimpona,tsimpona
tsimponina,tsimpona
tsimpontsimpona,tsimpona
voatsimpona,tsimpona
fitsinainaina,tsinainaina
mitsinainaina,tsinainaina
fitsinaka,tsinaka
mitsinaka,tsinaka
tsinatsinaka,tsinaka
fitsinanginangiana,tsinanginangy
fitsinanginangy,tsinanginangy
itsinanginanginana,tsinanginangy
mahatsinanginangy,tsinanginangy
mitsinanginangy,tsinanginangy
mpitsinanginangy,tsinanginangy
fitsinanika,tsinanika
mitsinanika,tsinanika
mitsinatsinaka,tsinatsinaka
tsindohaina,tsindoha
mitsindrahadrahaka,tsindrahadrahaka
atsindrantsindrana,tsindrantsindrana
fitsindrantsindrana,tsindrantsindrana
fitsindrantsindranana,tsindrantsindrana
itsindrantsindranana,tsindrantsindrana
mahatsindrantsindrana,tsindrantsindrana
mitsindrantsindrana,tsindrantsindrana
tafatsindrantsindrana,tsindrantsindrana
fanindrika,tsindrika
fitsindrika,tsindrika
anindrihana,tsindrika
atsindrika,tsindrika
fanindrihana,tsindrika
mahatsindrika,tsindrika
manindrika,tsindrika
mpanindrika,tsindrika
tsindrihina,tsindrika
voatsindrika,tsindrika
anatsindroandroanana,tsindroana
fanatsindmandroanana,tsindroana
fanatsindroandroana,tsindroana
fanatsindroandroanana,tsindroana
fitsindroana,tsindroana
fitsindroandroanana,tsindroana
itsindroandroanana,tsindroana
mitsindroana,tsindroana
mitsindroandroana,tsindroana
mpanatsindroandroana,tsindroana
mpitsindroana,tsindroana
tsindroandroana,tsindroana
tsindroanina,tsindroana
voatsindroana,tsindroana
fitsindroandroana,tsindroandroana
mahatsindroandroana,tsindroandroana
manatsindroandroana,tsindroandroana
atsindroka,tsindroka
fitsindrohana,tsindroka
fitsindroka,tsindroka
itsindrohana,tsindroka
mahatsindroka,tsindroka
mitsindroka,tsindroka
mitsindrotsindroka,tsindroka
mpitsindroka,tsindroka
tsindrohina,tsindroka
tsindrotsindroka,tsindroka
voatsindroka,tsindroka
anindronana,tsindrona
atsindrona,tsindrona
fanindrona,tsindrona
fanindronana,tsindrona
fitsindrona,tsindrona
fitsindronana,tsindrona
itsindronana,tsindrona
mahatsindrona,tsindrona
mampantsindrona,tsindrona
mampifantsindrona,tsindrona
manindrona,tsindrona
mifantsindrona,tsindrona
mitsindrona,tsindrona
mpanindrona,tsindrona
mpitsindrona,tsindrona
tsindronina,tsindrona
tsindrontsindrona,tsindrona
voatsindrona,tsindrona
fanindrontsindronana,tsindrontsindrona
anindriana,tsindry
atsindry,tsindry
fanindriana,tsindry
fanindry,tsindry
fitsindriana,tsindry
fitsindry,tsindry
itsindriana,tsindry
mahatsindry,tsindry
mampanindry,tsindry
mampantsindry,tsindry
mampifanindry,tsindry
mampifantsindry,tsindry
manindry,tsindry
mifanindry,tsindry
mifantsindry,tsindry
mitsindry,tsindry
mpanindry,tsindry
tafatsindry,tsindry
tsindriana,tsindry
tsinindry,tsindry
voatsindry,tsindry
anatsingadinana,tsingadina
atsingadina,tsingadina
fanatsingadina,tsingadina
fanatsingadinana,tsingadina
fitsingadina,tsingadina
fitsingadinana,tsingadina
itsingadinana,tsingadina
mahatsingadina,tsingadina
manatsingadina,tsingadina
mitsingadina,tsingadina
mpanatsingadina,tsingadina
mpitsingadina,tsingadina
tafatsingadina,tsingadina
tsingadingadina,tsingadina
voatsingadina,tsingadina
tsingalahala,tsingala
fitsingalahalana,tsingalahala
itsingalahalana,tsingalahala
mitsingalahala,tsingalahala
anatsingangàna,tsinganga
atsinganga,tsinganga
fanatsinganga,tsinganga
fanatsingangana,tsinganga
fitsinganga,tsinganga
fitsingangana,tsinganga
itsingangàna,tsinganga
mahatsinganga,tsinganga
manatsinganga,tsinganga
maninganga,tsinganga
mitsinganga,tsinganga
mpanatsinganga,tsinganga
tafatsinganga,tsinganga
tsingangaina,tsinganga
tsinganganganga,tsinganga
voatsinganga,tsinganga
tsingaohina,tsingaoka
anatsingatorana,tsingatotra
atsingatotra,tsingatotra
fanatsingatorana,tsingatotra
fanatsingatotra,tsingatotra
fitsingatorana,tsingatotra
fitsingatotra,tsingatotra
itsingatorana,tsingatotra
mahatsingatotra,tsingatotra
manatsingatotra,tsingatotra
mitsingatotra,tsingatotra
mpanatsingatotra,tsingatotra
mpitsingatotra,tsingatotra
tafatsingatotra,tsingatotra
tsingatongatotra,tsingatotra
anatsingedanana,tsingedana
atsingedana,tsingedana
fanatsingedana,tsingedana
fanatsingedanana,tsingedana
fitsingedana,tsingedana
fitsingedanana,tsingedana
itsingedanana,tsingedana
mahatsingedana,tsingedana
manatsingedana,tsingedana
mitsingedana,tsingedana
mpanatsingedana,tsingedana
mpitsingedana,tsingedana
tafatsingedana,tsingedana
tsingedangedana,tsingedana
voatsingedana,tsingedana
tsingentangentana,tsingentana
anatsingerenana,tsingerina
fanatsingerenana,tsingerina
fanatsingerina,tsingerina
fitsingerenana,tsingerina
fitsingerina,tsingerina
itsingerenana,tsingerina
mahatsingerina,tsingerina
manatsingerina,tsingerina
mitsingerina,tsingerina
mpanatsingerina,tsingerina
mpitsingerina,tsingerina
tafatsingerina,tsingerina
voatsingerina,tsingerina
anatsingevenana,tsingevina
atsingevina,tsingevina
fanatsingevenana,tsingevina
fanatsingevina,tsingevina
fitsingevenana,tsingevina
fitsingevina,tsingevina
itsingevenana,tsingevina
mahatsingevina,tsingevina
manatsingevina,tsingevina
mitsingevina,tsingevina
mpanatsingevina,tsingevina
mpitsingevina,tsingevina
tsingevingevina,tsingevina
voatsingevina,tsingevina
mitsingevotra,tsingevotra
mitsingidina,tsingidina
anatsingilahilana,tsingilahila
atsingilahila,tsingilahila
fanatsingilahila,tsingilahila
fanatsingilahilana,tsingilahila
fitsingilahila,tsingilahila
fitsingilahilana,tsingilahila
itsingilahilàna,tsingilahila
mahatsingilahila,tsingilahila
manatsingilahila,tsingilahila
mitsingilahila,tsingilahila
mpanatsingilahila,tsingilahila
mpitsingilahila,tsingilahila
tafatsingilahila,tsingilahila
voatsingilahila,tsingilahila
atsingina,tsingina
faningina,tsingina
fitsingina,tsingina
mahatsingina,tsingina
mitsingina,tsingina
mpitsingina,tsingina
voatsingina,tsingina
aninginana,tsingina
faninginana,tsingina
maningina,tsingina
tsinginana,tsingina
fitsinginana,tsingina
itsinginana,tsingina
tsinginina,tsingina
tsingintsingina,tsingina
mitsingintsingina,tsingintsingina
anatsingoanana,tsingoana
atsingoana,tsingoana
fanatsingoana,tsingoana
fanatsingoanana,tsingoana
fitsingoana,tsingoana
fitsingoanana,tsingoana
itsingoanana,tsingoana
mahatsingoana,tsingoana
manatsingoana,tsingoana
mitsingoana,tsingoana
mpanatsingoana,tsingoana
mpitsingoana,tsingoana
tafatsingoana,tsingoana
tsingoangoana,tsingoana
voatsingoana,tsingoana
anatsingolohana,tsingoloka
atsingoloka,tsingoloka
fanatsingolohana,tsingoloka
fanatsingoloka,tsingoloka
fitsingolohana,tsingoloka
fitsingoloka,tsingoloka
itsingolohana,tsingoloka
mahatsingoloka,tsingoloka
manatsingoloka,tsingoloka
maningoloka,tsingoloka
mitsingoloka,tsingoloka
mpanatsingoloka,tsingoloka
mpitsingoloka,tsingoloka
tafatsingoloka,tsingoloka
tsingolongoloka,tsingoloka
voatsingoloka,tsingoloka
fitsingozahoza,tsingozahoza
fitsingozahozana,tsingozahoza
itsingozahozana,tsingozahoza
mahatsingozahoza,tsingozahoza
mitsingozahoza,tsingozahoza
mpitsingozahoza,tsingozahoza
mitsingy,tsingy
fitsininganingana,tsininganingana
fitsininganinganana,tsininganingana
itsininganinganana,tsininganingana
mahatsininganingana,tsininganingana
mitsininganingana,tsininganingana
mpitsininganingana,tsininganingana
tafatsininganingana,tsininganingana
atsinjaka,tsinjaka
fitsinjahana,tsinjaka
fitsinjaka,tsinjaka
itsinjahana,tsinjaka
mahatsinjaka,tsinjaka
mitsinjaka,tsinjaka
mpitsinjaka,tsinjaka
tafatsinjaka,tsinjaka
tsinjahina,tsinjaka
tsinjatsinjaka,tsinjaka
anatsinjarana,tsinjara
atsinjara,tsinjara
fanatsinjara,tsinjara
fanatsinjarana,tsinjara
faninjara,tsinjara
fitsinjara,tsinjara
fitsinjarana,tsinjara
itsinjarana,tsinjara
mahatsinjara,tsinjara
manatsinjara,tsinjara
maninjara,tsinjara
mitsinjara,tsinjara
mpanatsinjara,tsinjara
mpitsinjara,tsinjara
tsinjaraina,tsinjara
voatsinjara,tsinjara
fitsinjarazarana,tsinjarazara
ahatsinjovana,tsinjo
atsinjo,tsinjo
fitsinjo,tsinjo
fitsinjovana,tsinjo
itsinjovana,tsinjo
mahatsinjo,tsinjo
mitsinjo,tsinjo
mpitsinjo,tsinjo
tsininjo,tsinjo
tsinjotsinjo,tsinjo
tsinjovina,tsinjo
voatsinjo,tsinjo
anatsinkafonana,tsinkafona
atsinkafona,tsinkafona
fanatsinkafona,tsinkafona
fanatsinkafonana,tsinkafona
fitsinkafona,tsinkafona
fitsinkafonana,tsinkafona
mahatsinkafona,tsinkafona
manatsinkafona,tsinkafona
mitsinkafona,tsinkafona
mpanatsinkafona,tsinkafona
tafatsinkafona,tsinkafona
voatsinkafona,tsinkafona
anatsinkasinana,tsinkasina
atsinkasina,tsinkasina
fanatsinkasina,tsinkasina
fanatsinkasinana,tsinkasina
fitsinkasina,tsinkasina
fitsinkasinana,tsinkasina
itsinkasinana,tsinkasina
mahatsinkasina,tsinkasina
manatsinkasina,tsinkasina
mitsinkasina,tsinkasina
mpanatsinkasina,tsinkasina
mpitsinkasina,tsinkasina
tafatsinkasina,tsinkasina
tsinkasinkasina,tsinkasina
voatsinkasina,tsinkasina
tsinontsinona,tsinona
fitsintsina,tsintsina
fitsintsinana,tsintsina
itsintsinana,tsintsina
mahatsintsina,tsintsina
mitsintsina,tsintsina
mpitsintsina,tsintsina
tsintsinina,tsintsina
voatsintsina,tsintsina
anatsintsindranana,tsintsindrana
atsintsindrana,tsintsindrana
fanatsintsindrana,tsintsindrana
fanatsintsindranana,tsintsindrana
fitsintsindrana,tsintsindrana
fitsintsindranana,tsintsindrana
mahatsintsindrana,tsintsindrana
manatsintsindrana,tsintsindrana
mitsintsindrana,tsintsindrana
mpanatsintsindrana,tsintsindrana
tafatsintsindrana,tsintsindrana
tsintsindrantsindrana,tsintsindrana
aniniana,tsiny
faniniana,tsiny
faniny,tsiny
mampantsiny,tsiny
maniny,tsiny
mifantsiny,tsiny
mpaniny,tsiny
tsinina,tsiny
voatsiny,tsiny
mahatsiny,tsiny
antsioka,tsioka
fitsiofana,tsioka
fitsioka,tsioka
mitsioka,tsioka
mpitsioka,tsioka
tsiofina,tsioka
voatsioka,tsioka
itsiotsiohana,tsiotsioka
maniotsioka,tsiotsioka
fitsipaikona,tsipaikona
mitsipaikona,tsipaikona
tsipaikompaikona,tsipaikona
anipahana,tsipaka
fanipahana,tsipaka
fanipaka,tsipaka
fitsipahana,tsipaka
fitsipaka,tsipaka
itsipahana,tsipaka
mahatsipaka,tsipaka
manipaka,tsipaka
mifanipaka,tsipaka
mitsipaka,tsipaka
mpanipaka,tsipaka
mpitsipaka,tsipaka
tsinipaka,tsipaka
tsipahina,tsipaka
tsipatsipaka,tsipaka
voatsipaka,tsipaka
atsipaloka,tsipaloka
fanatsipaloka,tsipaloka
fitsipaloka,tsipaloka
mahatsipaloka,tsipaloka
manatsipaloka,tsipaloka
mitsipaloka,tsipaloka
voatsipaloka,tsipaloka
atsipalotra,tsipalotra
fanatsipalotra,tsipalotra
fitsipalotra,tsipalotra
mahatsipalotra,tsipalotra
manatsipalotra,tsipalotra
mitsipalotra,tsipalotra
voatsipalotra,tsipalotra
mitsipatsipaka,tsipatsipaka
fitsipelaka,tsipelaka
mitsipelaka,tsipelaka
atsipelika,tsipelika
manatsipelika,tsipelika
mitsipelika,tsipelika
tafatsipelika,tsipelika
tsipelehina,tsipelika
voatsipelika,tsipelika
anatsipelohana,tsipeloka
atsipeloka,tsipeloka
fanatsipelohana,tsipeloka
fanatsipeloka,tsipeloka
fitsipelohana,tsipeloka
fitsipeloka,tsipeloka
itsipelohana,tsipeloka
mahatsipeloka,tsipeloka
manatsipeloka,tsipeloka
mitsipeloka,tsipeloka
mpanatsipeloka,tsipeloka
voatsipeloka,tsipeloka
fanipika,tsipika
fitsipika,tsipika
itsipihana,tsipika
mahatsipika,tsipika
mampantsipika,tsipika
manipika,tsipika
mifantsipika,tsipika
mpitsipika,tsipika
tsipitsipika,tsipika
fitsipihana,tsipika
tsipihina,tsipika
voatsipika,tsipika
mitsipika,tsipika
tafatsipika,tsipika
mitsipilaka,tsipilaka
anatsipindiana,tsipindy
atsipindy,tsipindy
fanatsipindiana,tsipindy
fanatsipindy,tsipindy
manatsipindy,tsipindy
mpanatsipindy,tsipindy
tsipindina,tsipindy
voatsipindy,tsipindy
manipitsipy,tsipitsipy
atsipitsipy,tsipitsipy
mitsiporetika,tsiporetika
mitsipotipotika,tsipotipotika
miantsipôtitry,tsipotitra
mitsipozipozy,tsipozipozy
manipy,tsipy
anipazana,tsipy
atsipy,tsipy
fanipazana,tsipy
fanipy,tsipy
ifanipazana,tsipy
mahatsipy,tsipy
mitsipy,tsipy
mpanipy,tsipy
tafatsipy,tsipy
tsipazana,tsipy
tsipitsipy,tsipy
voatsipy,tsipy
mitsiraidraika,tsiraidraika
fitsiratsiraka,tsiraka
fitsiraka,tsiraka
mitsiraka,tsiraka
tsiratsiraka,tsiraka
antsiraka,tsiraka
anatsirakarakàna,tsirakaraka
atsirakaraka,tsirakaraka
fanatsirakaraka,tsirakaraka
fanatsirakarakana,tsirakaraka
fitsirakaraka,tsirakaraka
fitsirakarakana,tsirakaraka
mahatsirakaraka,tsirakaraka
manatsirakaraka,tsirakaraka
mitsirakaraka,tsirakaraka
mpanatsirakaraka,tsirakaraka
tafatsirakaraka,tsirakaraka
tsirakarakaina,tsirakaraka
voatsirakaraka,tsirakaraka
atsirakorako,tsirakorako
manatsirakorako,tsirakorako
mitsirakorako,tsirakorako
fanatsirakorako,tsirakorako
fanatsirakorakoana,tsirakorako
fitsirakorako,tsirakorako
fitsirakorakoana,tsirakorako
fitsirambina,tsirambina
mitsirambina,tsirambina
mpitsirambina,tsirambina
tsirambindrambina,tsirambina
mitsirangaranga,tsirangaranga
fitsiranorano,tsiranorano
mitsiranorano,tsiranorano
anatsirarana,tsirara
atsirara,tsirara
fanatsirara,tsirara
fanatsirarana,tsirara
fitsirara,tsirara
fitsirarana,tsirara
itsirarana,tsirara
mahatsirara,tsirara
manatsirara,tsirara
mitsirara,tsirara
mpanatsirara,tsirara
tafatsirara,tsirara
tsirararara,tsirara
voatsirara,tsirara
aniratsirana,tsiratsira
faniratsira,tsiratsira
faniratsirana,tsiratsira
maniratsira,tsiratsira
mpaniratsira,tsiratsira
tsiratsiraina,tsiratsira
voatsiratsira,tsiratsira
mitsiratsiraka,tsiratsiraka
fahatsiravina,tsiravina
mahatsiravina,tsiravina
anatsiredaredana,tsiredareda
atsiredareda,tsiredareda
fanatsiredareda,tsiredareda
fanatsiredaredana,tsiredareda
fitsiredareda,tsiredareda
fitsiredaredana,tsiredareda
itsiredaredana,tsiredareda
mahatsiredareda,tsiredareda
manatsiredareda,tsiredareda
mitsiredareda,tsiredareda
mpanatsiredareda,tsiredareda
mpitsiredareda,tsiredareda
tafatsiredareda,tsiredareda
voatsiredareda,tsiredareda
fitsirendrena,tsirendrena
mitsirendrena,tsirendrena
mpitsirendrena,tsirendrena
fitsirendrirendry,tsirendrirendry
mitsirendrirendry,tsirendrirendry
fitsirenirenena,tsirenireny
fitsirenireny,tsirenireny
itsirenirenena,tsirenireny
mitsirenireny,tsirenireny
mpitsirenireny,tsirenireny
fitsiretadretahana,tsiretadretaka
fitsiretadretaka,tsiretadretaka
itsiretadretahana,tsiretadretaka
mitsiretadretaka,tsiretadretaka
mpitsiretadretaka,tsiretadretaka
mitsiretareta,tsiretareta
fitsirika,tsirika
fitsirihana,tsirika
itsirihana,tsirika
mahatsirika,tsirika
mampitsirika,tsirika
mifampitsirika,tsirika
mitsirika,tsirika
mpitsirika,tsirika
tsinirika,tsirika
tsirihina,tsirika
tsiritsirika,tsirika
voatsirika,tsirika
fitsiriritana,tsiriritra
fitsiriritra,tsiriritra
itsiriritana,tsiriritra
mahatsiriritra,tsiriritra
mampitsiriritra,tsiriritra
mitsiriritra,tsiriritra
mpitsiriritra,tsiriritra
tafatsiriritra,tsiriritra
tsiriritina,tsiriritra
voatsiriritra,tsiriritra
atsiririka,tsirirìka
fitsiririhana,tsirirìka
fitsiririka,tsirirìka
itsiririhana,tsirirìka
mitsiririka,tsirirìka
mpitsiririka,tsirirìka
tafatsiririka,tsirirìka
fitsiroana,tsiro
manatsiro,tsiro
matsiro,tsiro
kaniry,tsiry
fitsiriana,tsiry
fitsiry,tsiry
itsiriana,tsiry
mitsiry,tsiry
mpaniry,tsiry
mpitsiry,tsiry
anatsitaitaihana,tsitaitaika
atsitaitaika,tsitaitaika
fanatsitaitaihana,tsitaitaika
fanatsitaitaika,tsitaitaika
fitsitaitaihana,tsitaitaika
fitsitaitaika,tsitaitaika
itsitaitaihana,tsitaitaika
mahatsitaitaika,tsitaitaika
manatsitaitaika,tsitaitaika
mitsitaitaika,tsitaitaika
mpanatsitaitaika,tsitaitaika
mpitsitaitaika,tsitaitaika
tafatsitaitaika,tsitaitaika
mitsitapitapy,tsitapitapy
mitsitika,tsitika
atsitika,tsitika
fitsitihana,tsitika
fitsitika,tsitika
itsitihana,tsitika
mahatsitika,tsitika
mpitsitika,tsitika
tafatsitika,tsitika
tsititsitika,tsitika
itsitokantokanana,tsitokantokana
mitsitokantokana,tsitokantokana
fitsitokotokoana,tsitokotoko
mitsitokotoko,tsitokotoko
mitsitongatonga,tsitongatonga
fanatsitra,tsitra
anatsirana,tsitra
atsitra,tsitra
fanatsirana,tsitra
fitsirana,tsitra
fitsitra,tsitra
itsirana,tsitra
mahatsitra,tsitra
manatsitra,tsitra
mitsitra,tsitra
mpanatsitra,tsitra
mpitsitra,tsitra
tafatsitra,tsitra
tsitsitra,tsitra
voatsitra,tsitra
fitsitsika,tsitsika
atsitsika,tsitsika
fitsitsihana,tsitsika
itsitsihana,tsitsika
mitsitsika,tsitsika
mpitsitsika,tsitsika
tsitsihina,tsitsika
voatsitsika,tsitsika
fitsitsy,tsitsy
matsitsy,tsitsy
atsitsy,tsitsy
fitsitsiana,tsitsy
itsitsiana,tsitsy
mahatsitsy,tsitsy
mitsitsy,tsitsy
mpitsitsy,tsitsy
tsitsina,tsitsy
voatsitsy,tsitsy
tsivatsivaka,tsivaka
anatsivalanana,tsivalana
atsivalana,tsivalana
fanatsivalana,tsivalana
fanatsivalanana,tsivalana
fitsivalana,tsivalana
fitsivalanana,tsivalana
itsivalanana,tsivalana
mahatsivalana,tsivalana
manatsivalana,tsivalana
mitsivalana,tsivalana
mpanatsivalana,tsivalana
mpitsivalana,tsivalana
tafatsivalana,tsivalana
tsivalambalana,tsivalana
tsivalanana,tsivalana
voatsivalana,tsivalana
mitsivatsivaka,tsivatsivaka
mitsivelatra,tsivelatra
anatsivetrahana,tsivetraka
atsivetraka,tsivetraka
fanatsivetrahana,tsivetraka
fanatsivetraka,tsivetraka
fitsivetrahana,tsivetraka
fitsivetraka,tsivetraka
itsivetrahana,tsivetraka
mahatsivetraka,tsivetraka
manatsivetraka,tsivetraka
mitsivetraka,tsivetraka
mpanatsivetraka,tsivetraka
mpitsivetraka,tsivetraka
tafatsivetraka,tsivetraka
tsivetrabetraka,tsivetraka
voatsivetraka,tsivetraka
mitsivoka,tsivoka
anatsizarizariana,tsizarizary
fanatsizarizariana,tsizarizary
fanatsizarizary,tsizarizary
mahatsizarizary,tsizarizary
manatsizarizary,tsizarizary
mpanatsizarizary,tsizarizary
anatsoahana,tsoaka
fampitsoahana,tsoaka
fampitsoaka,tsoaka
fanatsoaka,tsoaka
fitsoahana,tsoaka
fitsoaka,tsoaka
itsoahana,tsoaka
mahatsoaka,tsoaka
manatsoaka,tsoaka
mitsoaka,tsoaka
mpanatsoaka,tsoaka
mpitsoaka,tsoaka
tafatsoaka,tsoaka
tsoahana,tsoaka
tsoatsoaka,tsoaka
fitsobatsoba,tsobatsoba
mahatsobatsoba,tsobatsoba
mitsobatsoba,tsobatsoba
manoboka,tsoboka
anatsobohana,tsoboka
atsoboka,tsoboka
fanatsobohana,tsoboka
fanatsoboka,tsoboka
fitsobohana,tsoboka
fitsoboka,tsoboka
itsobohana,tsoboka
mahatsoboka,tsoboka
manatsoboka,tsoboka
mitsoboka,tsoboka
mpanatsoboka,tsoboka
mpitsoboka,tsoboka
tafatsoboka,tsoboka
tsobohana,tsoboka
tsobohina,tsoboka
tsobotsoboka,tsoboka
voatsoboka,tsoboka
anatsofana,tsofa
atsofa,tsofa
fanatsofa,tsofa
fanatsofana,tsofa
fitsofa,tsofa
mahatsofa,tsofa
manatsofa,tsofa
mitsofa,tsofa
mitsofatsofa,tsofa
mpanatsofa,tsofa
mpitsofa,tsofa
tsofana,tsofa
tsofatsofa,tsofa
voatsofa,tsofa
anatsofohana,tsofoka
atsofoka,tsofoka
fanatsofohana,tsofoka
fanatsofoka,tsofoka
fitsofohana,tsofoka
fitsofoka,tsofoka
itsofohana,tsofoka
mahatsofoka,tsofoka
manatsofoka,tsofoka
mitsofoka,tsofoka
mpanatsofoka,tsofoka
mpitsofoka,tsofoka
tafatsofoka,tsofoka
tsofohana,tsofoka
tsofotsofoka,tsofoka
voatsofoka,tsofoka
anatsoforana,tsofotra
atsofotra,tsofotra
fanatsoforana,tsofotra
fanatsofotra,tsofotra
fitsoforana,tsofotra
fitsofotra,tsofotra
mahatsofotra,tsofotra
manatsofotra,tsofotra
mitsofotra,tsofotra
mpanatsofotra,tsofotra
tsoforana,tsofotra
tsofotsofotra,tsofotra
voatsofotra,tsofotra
mampitsoitsoy,tsoitsoy
fitsoitsoy,tsoitsoy
mitsoitsoy,tsoitsoy
antsojay,tsojay
fitsàfana,tsoka
atsoka,tsoka
fitsoka,tsoka
hitsoka,tsoka
itsofana,tsoka
mahatsoka,tsoka
mitsoka,tsoka
mpitsoka,tsoka
tsofina,tsoka
tsotsoka,tsoka
voatsoka,tsoka
mitsoky,tsoky
tsokitsoky,tsoky
fanatsolotsolo,tsolo
fanolotsolo,tsolo
manolotsolo,tsolo
mitsolo,tsolo
mpanolotsolo,tsolo
tsolotsolo,tsolo
atsolo,tsolo
tsoloana,tsolo
voatsolo,tsolo
fanolotsolorana,tsolotra
fanolotsolotra,tsolotra
tsolotsolotra,tsolotra
fitsolotsolo,tsolotsolo
mitsolotsolo,tsolotsolo
anatsolotsoloana,tsolotsolo
anolotsoloana,tsolotsolo
atsolotsolo,tsolotsolo
fanatsolotsoloana,tsolotsolo
fitsolotsoloana,tsolotsolo
itsolotsoloana,tsolotsolo
itsolotsolofana,tsolotsolo
mpanatsolotsolo,tsolotsolo
mpitsolotsolo,tsolotsolo
fanatsolotsolotra,tsolotsolotra
anolotsolorana,tsolotsolotra
atsolotsolotra,tsolotsolotra
fitsolotsolotra,tsolotsolotra
mahatsolotsolotra,tsolotsolotra
manatsolotsolotra,tsolotsolotra
manolotsolotra,tsolotsolotra
mitsolotsolotra,tsolotsolotra
mpanolotsolotra,tsolotsolotra
mpitsolotsolotra,tsolotsolotra
fitsonga,tsonga
fitsongana,tsonga
itsongana,tsonga
mahatsonga,tsonga
mitsonga,tsonga
tsongaina,tsonga
voatsonga,tsonga
intsongoana,tsongo
anongoana,tsongo
antsongony,tsongo
atsongo,tsongo
fanongo,tsongo
fanongoana,tsongo
fitsongo,tsongo
fitsongoana,tsongo
itsongoana,tsongo
mahatsongo,tsongo
manongo,tsongo
mitsongo,tsongo
mpanongo,tsongo
mpitsongo,tsongo
tsinongo,tsongo
tsongoina,tsongo
tsongotsongo,tsongo
voatsongo,tsongo
anongotsongoana,tsongotsongo
manongotsongo,tsongotsongo
tsongotsongoina,tsongotsongo
fitaonika,tsonika
fitsonika,tsonika
mitsonika,tsonika
antsontsany,tsontsa
fahatsontsana,tsontsa
atsontsona,tsontsona
fitsontsona,tsontsona
fitsontsonana,tsontsona
itsontsonana,tsontsona
mahatsontsona,tsontsona
mitsontsona,tsontsona
mpitsontsona,tsontsona
tsinontsona,tsontsona
tsontsonina,tsontsona
voatsontsona,tsontsona
anatsontsorihana,tsontsorika
atsontsorika,tsontsorika
fanatsontsorifana,tsontsorika
fanatsontsorihana,tsontsorika
fanatsontsorika,tsontsorika
fitsontsorihana,tsontsorika
fitsontsorika,tsontsorika
itsontsorihana,tsontsorika
mahatsontsorika,tsontsorika
manataontsorika,tsontsorika
manatsontsorika,tsontsorika
mitsontsorika,tsontsorika
mpanatsontsorika,tsontsorika
mpitsontsorika,tsontsorika
tafatsontsorika,tsontsorika
tsontsorifana,tsontsorika
tsontsorihana,tsontsorika
voatsontsorika,tsontsorika
tsontsorofina,tsontsoroka
mitsopaka,tsopaka
tsoropaka,tsopaka
atsopiaka,tsopiaka
fitsopiahana,tsopiaka
fitsopiaka,tsopiaka
itsopiahana,tsopiaka
mahatsopiaka,tsopiaka
mitsopiaka,tsopiaka
mpitsopiaka,tsopiaka
tafatsopiaka,tsopiaka
tsopiapiaka,tsopiaka
atsopitsopy,tsopitsopy
fitsopitsopiana,tsopitsopy
fitsopitsopy,tsopitsopy
itsopitsopiana,tsopitsopy
mahatsopitsopy,tsopitsopy
mitsopitsopy,tsopitsopy
mpitsopitsopy,tsopitsopy
tafatsopitsopy,tsopitsopy
matsora,tsora
matsoraka,tsoraka
anatsoriahana,tsoriaka
atsoriaka,tsoriaka
fanatsoriahana,tsoriaka
fanatsoriaka,tsoriaka
fitsoriahana,tsoriaka
fitsoriaka,tsoriaka
itsoriahana,tsoriaka
mahatsoriaka,tsoriaka
manatsoriaka,tsoriaka
mitsoriaka,tsoriaka
mpanatsoriaka,tsoriaka
mpitsoriaka,tsoriaka
tafatsoriaka,tsoriaka
tsoriadriaka,tsoriaka
voatsoriaka,tsoriaka
anorihana,tsorika
fanorihana,tsorika
fanorika,tsorika
manorika,tsorika
mitsorika,tsorika
fitsoroahana,tsoroaka
fitsoroaka,tsoroaka
mitsoroaka,tsoroaka
mpitsoroaka,tsoroaka
anatsorofohana,tsorofoka
atsorofoka,tsorofoka
fanatsorofohana,tsorofoka
fanatsorofoka,tsorofoka
fitsorofohana,tsorofoka
fitsorofoka,tsorofoka
itsorofohana,tsorofoka
mahatsorofoka,tsorofoka
manatsorofoka,tsorofoka
mitsorofoka,tsorofoka
mpanatsorofoka,tsorofoka
mpitsorofoka,tsorofoka
tafatsorofoka,tsorofoka
tsorofodrofoka,tsorofoka
voatsorofoka,tsorofoka
mitsoromala,tsoromala
mpanatsoropoka,tsoropoka
anatsoropohana,tsoropoka
fanatsoropohana,tsoropoka
fitsoropohana,tsoropoka
itsoropohana,tsoropoka
fitsororihana,tsororika
fitsororika,tsororika
itsororihana,tsororika
mitsororika,tsororika
tsororidrorika,tsororika
fitsororohana,tsororoka
anatsororohana,tsororòka
atsororòka,tsororòka
fanatsororohana,tsororòka
fanatsororoka,tsororòka
fitsororòka,tsororòka
itsororohana,tsororòka
mahatsororòka,tsororòka
manatsororòka,tsororòka
mitsororòka,tsororòka
mpanatsororòka,tsororòka
tafatsororòka,tsororòka
tsotatsotaka,tsotaka
anatsotahana,tsotaka
atsotaka,tsotaka
fanatsotahana,tsotaka
fanatsotaka,tsotaka
fitsotahana,tsotaka
fitsotaka,tsotaka
itsotahana,tsotaka
mahatsotaka,tsotaka
manatsotaka,tsotaka
mitsotaka,tsotaka
mpanatsotaka,tsotaka
tafatsotaka,tsotaka
tsotahana,tsotaka
voatsotaka,tsotaka
fahatsorana,tsotra
anatsorana,tsotra
atsotra,tsotra
fanatsorana,tsotra
fanatsotra,tsotra
fitsorana,tsotra
fitsotra,tsotra
itsorana,tsotra
mahatsotra,tsotra
manatsotra,tsotra
mitsotra,tsotra
mpanatsotra,tsotra
mpitsotra,tsotra
tafatsotra,tsotra
tsorina,tsotra
tsotsotra,tsotra
voatsotra,tsotra
fitsotsoka,tsotsoka
mitsotsotra,tsotsotra
anatsotsotsotsoana,tsotsotsotso
atsotsotsotso,tsotsotsotso
fanatsotsotsotso,tsotsotsotso
fanatsotsotsotsoana,tsotsotsotso
fitsotsotsotso,tsotsotsotso
fitsotsotsotsoana,tsotsotsotso
itsotsotsotsoana,tsotsotsotso
manatsotsotsotso,tsotsotsotso
mitsotsotsotso,tsotsotsotso
mpanatsotsotsotso,tsotsotsotso
tafatsotsotsotso,tsotsotsotso
voatsotsotsotso,tsotsotsotso
anatsovahana,tsovaka
atsovaka,tsovaka
fanatsovahana,tsovaka
fanatsovaka,tsovaka
fitsovahana,tsovaka
fitsovaka,tsovaka
itsovahana,tsovaka
mahatsovaka,tsovaka
manatsovaka,tsovaka
mitsovaka,tsovaka
mpanatsovaka,tsovaka
tsovahana,tsovaka
tsovatsovaka,tsovaka
voatsovaka,tsovaka
avadibadika,vadibadika
mamadibadika,vadibadika
mivadibadika,vadibadika
avadiditra,vadiditra
famadidirana,vadiditra
famadiditra,vadiditra
fivadidirana,vadiditra
fivadiditra,vadiditra
ivadidirana,vadiditra
mahavadiditra,vadiditra
mivadiditra,vadiditra
mpamadiditra,vadiditra
tafavadiditra,vadiditra
vadidirana,vadiditra
vadidirina,vadiditra
voavadiditra,vadiditra
amadihana,vadika
ampifamadihana,vadika
avadika,vadika
famadihana,vadika
famadika,vadika
fifamadika,vadika
fivadihana,vadika
fivadika,vadika
ivadihana,vadika
mahavadika,vadika
mamadika,vadika
mampifamadika,vadika
mampivadika,vadika
mivadika,vadika
mpamadika,vadika
mpifamadika,vadika
mpivadika,vadika
tafavadika,vadika
tsimbadika,vadika
vadibadika,vadika
voavadika,vadika
mamadiky,vadiky
mivadiky,vadiky
anambadiana,vady
fampivadiana,vady
fanambadiana,vady
fanambady,vady
fifanambadiana,vady
fivadiana,vady
fivady,vady
ivadiana,vady
mambady,vady
mampivady,vady
manambady,vady
mifanambady,vady
mivady,vady
mpanambady,vady
mpivady,vady
vadina,vady
vinady,vady
avady,vady
mamady,vady
vadiana,vady
voavady,vady
famahana,vaha
avaha,vaha
famaha,vaha
fivaha,vaha
fivahana,vaha
ivahana,vaha
mahavaha,vaha
mamaha,vaha
mivaha,vaha
mpamaha,vaha
vahana,vaha
vahavaha,vaha
vinaha,vaha
voavaha,vaha
famahavahana,vahavaha
mamahavaha,vahavaha
mivahavaha,vahavaha
ivahinianana,vahiny
fivahiniana,vahiny
fivahiny,vahiny
ivahiniana,vahiny
mivahiny,vahiny
mpivahiny,vahiny
amahoahana,vahoaka
famahoahana,vahoaka
famahoaka,vahoaka
mamahoaka,vahoaka
mpamahoaka,vahoaka
amahorana,vahotra
famahorana,vahotra
famahotra,vahotra
fivahorana,vahotra
fivahotra,vahotra
havahotra,vahotra
ivahorana,vahotra
mahavahotra,vahotra
mamahotra,vahotra
mivahotra,vahotra
mpamahotra,vahotra
mpivahotra,vahotra
vahobahotra,vahotra
vahorana,vahotra
vahorina,vahotra
voavahotra,vahotra
mamahotsy,vahotsy
mivahotsy,vahotsy
fivahovaho,vahovaho
fivahovahoana,vahovaho
ivahovahoana,vahovaho
mahavahovaho,vahovaho
mivahovaho,vahovaho
mpivahovaho,vahovaho
mpamaika,vaika
amaikana,vaika
avaika,vaika
famaika,vaika
famaikana,vaika
fivaika,vaika
fivaikàna,vaika
ivaikana,vaika
mahavaika,vaika
mamaika,vaika
mivaika,vaika
mpavaika,vaika
vaikaina,vaika
voavaika,vaika
fivaikavaika,vaikavaika
fivaikavaikana,vaikavaika
ivaikavaikana,vaikavaika
mitsivaikavaika,vaikavaika
mivaikavaika,vaikavaika
mpivaikavaika,vaikavaika
mivailanina,vailanina
avainga,vainga
fivainga,vainga
vaingaina,vainga
vaingana,vainga
vaingavainga,vainga
voavainga,vainga
fivaingana,vaingana
mivaingana,vaingana
amaingavaingana,vaingavainga
famaingavainga,vaingavainga
famaingavaingana,vaingavainga
fivaingavainga,vaingavainga
fivaingavaingana,vaingavainga
ivaingavaingana,vaingavainga
mamaingavainga,vaingavainga
mivaingavainga,vaingavainga
mpamaingavainga,vaingavainga
ambaitra,vaitra
fivaitra,vaitra
mahavaitra,vaitra
mivaitra,vaitra
mpivaitra,vaitra
vaibaitra,vaitra
fivaivay,vaivay
mamaivay,vaivay
mavaivay,vaivay
mivaivay,vaivay
vakavaka,vaka
mavaka,vaka
fivakana,vakana
fivakanana,vakana
ivakanana,vakana
mahavakana,vakana
mivakana,vakana
mpivakana,vakana
vakanana,vakana
voavakana,vakana
fivakavaka,vakavaka
fivakavakana,vakavaka
ivakavakana,vakavaka
mahavakavaka,vakavaka
manavakavaka,vakavaka
mivakavaka,vakavaka
mpanavakavaka,vakavaka
mpivakavaka,vakavaka
vakavakaina,vakavaka
mivakily,vakily
voavakivaky,vakivaky
fivaky,vaky
amakiana,vaky
famakiana,vaky
famaky,vaky
fivakiana,vaky
ivakiana,vaky
mahavaky,vaky
mamaky,vaky
mifamaky,vaky
mivaky,vaky
mpamaky,vaky
vakina,vaky
vakivaky,vaky
vinaky,vaky
voavaky,vaky
amalana,vala
avala,vala
famala,vala
famalana,vala
fivala,vala
fivalàna,vala
ivalana,vala
kivalavala,vala
mahavala,vala
mamala,vala
mifamala,vala
mivala,vala
mpamala,vala
valana,vala
voavala,vala
fivalahetraka,valahetraka
mivalahetraka,valahetraka
valabalaka,valaka
fivalaketraka,valaketraka
mivalaketraka,valaketraka
mpivalaketraka,valaketraka
mahavalalanina,valalanina
avalampatra,valampatra
fivalamparana,valampatra
fivalampatra,valampatra
ivalamparana,valampatra
mahavalampatra,valampatra
mivalampatra,valampatra
mpivalampatra,valampatra
tafavalampatra,valampatra
valampadampatra,valampatra
voavalampatra,valampatra
amalanana,valana
avalana,valana
famalanana,valana
fampivalanana,valana
fivalana,valana
fivalanana,valana
ivalanana,valana
mahavalana,valana
mampivalana,valana
mivalana,valana
mpivalana,valana
tafavalana,valana
valambalana,valana
voavalana,valana
avalandotra,valandotra
fivalandotra,valandotra
mivalandotra,valandotra
mpivalandotra,valandotra
avalangidina,valangidina
fivalangidina,valangidina
mivalangidina,valangidina
mivalangitrika,valangitrika
amalavalana,valavala
avalavala,valavala
famalavala,valavala
famalavalana,valavala
fivalavala,valavala
fivalavalana,valavala
mahavalavala,valavala
mamalavala,valavala
mivalavala,valavala
mpamalavala,valavala
valavalaina,valavala
valavalana,valavala
voavalavala,valavala
ampifanambalie,vale
mpamaliha,valiha
mamalika,valika
kovalivaly,valivaly
ampahavalo,valo
fahavalo,valo
fivalo,valo
fivaloana,valo
havaloana,valo
imbalo,valo
ivaloana,valo
mivalo,valo
tsivalovalo,valo
valoina,valo
voavalo,valo
fivalozana,valo
ivalozana,valo
mahavalo,valo
mpivalo,valo
valovalo,valo
fivalombalona,valombalona
mivalombalona,valombalona
amalonana,valona
avalona,valona
famalona,valona
famalonana,valona
fivalona,valona
fivalonana,valona
mahavalona,valona
mamalona,valona
mivalona,valona
mpamalona,valona
valombalona,valona
voavalona,valona
avalongana,valongana
famalongana,valongana
fivalongana,valongana
mahavalongana,valongana
mamalongana,valongana
mivalongana,valongana
mpamalongana,valongana
voavalongana,valongana
mivalovalo,valovalo
ifamaliana,valy
pivaly,valy
avaly,valy
famaliana,valy
famaly,valy
fifamaliana,valy
fivaliana,valy
fivaly,valy
ivaliana,valy
mahavaly,valy
manavaly,valy
mivaly,valy
mpamaly,valy
mpivaly,valy
tsimbalivaly,valy
valiana,valy
valivaly,valy
vinaly,valy
voavaly,valy
famamba,vamba
avanaka,vanaka
fivanahana,vanaka
fivanaka,vanaka
ivanahana,vanaka
mahavanaka,vanaka
mivanàka,vanaka
mpivanaka,vanaka
tafavanaka,vanaka
amanavanana,vanavana
famanavana,vanavana
famanavanana,vanavana
fivanavana,vanavana
fivanavanana,vanavana
ivanavanana,vanavana
mahavanavana,vanavana
mamanavana,vanavana
mivanavana,vanavana
mpamanavana,vanavana
tafavanavana,vanavana
vanavanaina,vanavana
voavanavana,vanavana
mamandambandana,vandambandana
mivandambandana,vandambandana
mamandana,vandana
vandambandana,vandana
vandanina,vandana
voavandana,vandana
amandirana,vanditra
avanditra,vanditra
famandirana,vanditra
famanditra,vanditra
fivandirana,vanditra
fivanditra,vanditra
ivandirana,vanditra
mamanditra,vanditra
mivanditra,vanditra
mpamanditra,vanditra
vandimbanditra,vanditra
voavanditra,vanditra
avandraka,vandraka
fivandrahana,vandraka
fivandraka,vandraka
ivandrahana,vandraka
mahavandraka,vandraka
mivandraka,vandraka
tafavandraka,vandraka
vandrahana,vandraka
amandravandrana,vandravandra
avandravandra,vandravandra
famandravandra,vandravandra
famandravandrana,vandravandra
fivandravandra,vandravandra
fivandravandrana,vandravandra
ivandravandrana,vandravandra
mahavandravandra,vandravandra
mamandravandra,vandravandra
mampivandravandra,vandravandra
mivandravandra,vandravandra
mpamandravandra,vandravandra
mpivandravandra,vandravandra
tafavandravandra,vandravandra
voavandravandra,vandravandra
mivandrina,vandrina
vandrinina,vandrina
avandry,vandry
fivandriana,vandry
fivandry,vandry
ivandriana,vandry
mivandry,vandry
mpivandry,vandry
vandriana,vandry
vandrivandry,vandry
voavandry,vandry
fivandy,vandy
havandesa,vandy
mavandy,vandy
mivandy,vandy
mpivandy,vandy
mivanenaka,vanenaka
vangavanga,vanga
avanga,vanga
fivangana,vanga
mivanga,vanga
vangana,vanga
vangay,vanga
vinanga,vanga
mahavangivangy,vangivangy
mivangivangy,vangivangy
amangoana,vango
avango,vango
famango,vango
famangoana,vango
mahavango,vango
mamango,vango
mifamango,vango
mpamango,vango
vangoana,vango
vangovango,vango
vinango,vango
voavango,vango
anavangongoana,vangongo
avangongo,vangongo
fanavangongo,vangongo
fanavangongoana,vangongo
fivangongo,vangongo
fivangongoana,vangongo
ivangongoana,vangongo
mahavangongo,vangongo
mampivangongo,vangongo
manavangongo,vangongo
mivangongo,vangongo
mpampivangongo,vangongo
mpanavangongo,vangongo
tafavangongo,vangongo
vangongoana,vangongo
vangongoina,vangongo
voavangongo,vangongo
mamangovango,vangovango
vangovangoina,vangovango
amangiana,vangy
avangy,vangy
famangiana,vangy
famangy,vangy
fifampamangy,vangy
mahavangy,vangy
mamangy,vangy
mampamangy,vangy
mifampamangy,vangy
mpamangy,vangy
mpifampamangy,vangy
vangiana,vangy
voavangy,vangy
vangivangy,vangy
avanika,vanika
fivanihana,vanika
fivanika,vanika
fivanikana,vanika
ivanihana,vanika
mivanìka,vanika
mpivanika,vanika
fivanivaniana,vanivany
fivanivany,vanivany
ivanivaniana,vanivany
mivanivany,vanivany
mpivanivany,vanivany
mavanivany,vanivany
amankonana,vankona
avankona,vankona
famankona,vankona
famankonana,vankona
mahavankona,vankona
mamankona,vankona
mpamankona,vankona
vankonina,vankona
voavankona,vankona
ahavanonana,vanona
avanona,vanona
fahavanona,vanona
fahavanonana,vanona
mahavanona,vanona
mpahavanona,vanona
vanonina,vanona
vantany,vantana
amantanana,vantana
avantana,vantana
famantana,vantana
famantanana,vantana
fivantana,vantana
fivantanana,vantana
ivantanana,vantana
mahavantana,vantana
mamantana,vantana
mivantana,vantana
mpamantana,vantana
vantambantana,vantana
vantanina,vantana
mivantotra,vantotra
mamantsy,vantsy
mavany,vany
vanivany,vany
anavaozana,vao
fanavao,vao
fanavaozana,vao
fihavaozana,vao
havaozina,vao
ihavaozana,vao
mahavao,vao
manavao,vao
mifanavao,vao
mihavao,vao
mpanavao,vao
vaovao,vao
vaozina,vao
mpivaofy,vaofy
vaohina,vaoka
avaona,vaona
fivaona,vaona
fivaonana,vaona
ivaonana,vaona
mivaona,vaona
mpivaona,vaona
tafavaona,vaona
vaombaona,vaona
fivarahontsana,varahontsana
mampivarahontsana,varahontsana
mivarahontsana,varahontsana
fivarakahaka,varaka
mivaraka,varaka
varakahaka,varaka
mivarakahaka,varakahaka
anavarerahana,vareraka
avareraka,vareraka
fanavarerahana,vareraka
fanavareraka,vareraka
fivarerahana,vareraka
fivareraka,vareraka
ivarerahana,vareraka
manavareraka,vareraka
mivareraka,vareraka
mpanavareraka,vareraka
mpivareraka,vareraka
tafavareraka,vareraka
vareradreraka,vareraka
voavareraka,vareraka
fahavariana,variana
fahavarianana,variana
mahavariana,variana
varimbariana,variana
varivariana,variana
mivarilavo,varilavo
amarinana,varina
avarina,varina
famarina,varina
famarinana,varina
fivarina,varina
fivarinana,varina
ivarinana,varina
mahavarina,varina
mamarina,varina
mivarina,varina
mpamarina,varina
mpivarina,varina
tafavarina,varina
varimbarina,varina
voavarina,varina
fivarirotra,varirotra
mahavarirotra,varirotra
mivarirotra,varirotra
varirodrirotra,varirotra
mahavarivary,varivary
tsimbarivary,varivary
famarivary,varivary
mamarivary,varivary
mpamarivary,varivary
varivarina,varivary
fivarizohana,varizoka
fivarizoka,varizoka
ivarizohana,varizoka
mahavarizoka,varizoka
mivarizoka,varizoka
mpivarizoka,varizoka
tafavarizoka,varizoka
varizodrizoka,varizoka
varizohina,varizoka
mivaro,varo
anavarorahana,varoraka
avaroraka,varoraka
fanavarorahana,varoraka
fanavaroraka,varoraka
fivarorahana,varoraka
fivaroraka,varoraka
ivarorahana,varoraka
mahavaroraka,varoraka
manavaroraka,varoraka
mivaroraka,varoraka
mpanavaroraka,varoraka
mpivaroraka,varoraka
tafavaroraka,varoraka
varoradroraka,varoraka
voavaroraka,varoraka
fifampivarotana,varotra
fivarotana,varotra
fivarotra,varotra
ivarotana,varotra
mahavarotra,varotra
mampivarotra,varotra
mifampivarotra,varotra
mivarotra,varotra
mpivarotra,varotra
varobarotra,varotra
voavarotra,varotra
mpamarotry,varotry
anavarozahana,varozaka
avarozaka,varozaka
fanavarozahana,varozaka
fanavarozaka,varozaka
fivarozahana,varozaka
fivarozaka,varozaka
ivarozahana,varozaka
mahavarozaka,varozaka
manavarozaka,varozaka
mivarozaka,varozaka
mpanavarozaka,varozaka
mpivarozaka,varozaka
varozadrozaka,varozaka
hamary,vary
kivarivary,vary
tsivarivary,vary
amasavasana,vasavasa
famasavasa,vasavasa
famasavasana,vasavasa
fivasavasa,vasavasa
fivasavasana,vasavasa
mahavasavasa,vasavasa
mamasavasa,vasavasa
mivasavasa,vasavasa
mpamasavasa,vasavasa
mpivasavasa,vasavasa
vasavasaina,vasavasa
vasavasana,vasavasa
voavasavasa,vasavasa
amasohana,vasoka
famasohana,vasoka
famasoka,vasoka
mahavasoka,vasoka
mamasoka,vasoka
mihavasoka,vasoka
mpamasoka,vasoka
vasobasoka,vasoka
vasohina,vasoka
voavasoka,vasoka
mamato,vato
tambato,vato
vatoana,vato
vatoina,vato
vatovato,vato
fivatotry,vatotry
famatovato,vatovato
mamatovato,vatovato
vatovatoina,vatovato
fivatra,vatra
mivatra,vatra
ahavarana,vatra
fahavarana,vatra
fahavatra,vatra
fifankavarana,vatra
ifankavarana,vatra
mahavatra,vatra
mankavatra,vatra
mifankavatra,vatra
mpahavatra,vatra
vabatra,vatra
varina,vatra
amatravatrana,vatravatra
avatravatra,vatravatra
famatravatrana,vatravatra
fivatravatra,vatravatra
fivatravatrana,vatravatra
ivatravatrana,vatravatra
mamatravatra,vatravatra
mivatravatra,vatravatra
mpivatravatra,vatravatra
vatravatraina,vatravatra
voavatravatra,vatravatra
mivatritrika,vatritrika
fivatsavatsana,vatsa
mamatsavatsa,vatsavatsa
amatsavatsana,vatsavatsa
avatsavatsa,vatsavatsa
famatsavatsa,vatsavatsa
famatsavatsana,vatsavatsa
fivatsavatsa,vatsavatsa
ivatsavatsana,vatsavatsa
mahavatsavatsa,vatsavatsa
mamatsavatsava,vatsavatsa
mifampivatsavatsa,vatsavatsa
mivatsavatsa,vatsavatsa
mpamatsavatsa,vatsavatsa
mpivatsavatsa,vatsavatsa
vatsavatsaina,vatsavatsa
voavatsavatsa,vatsavatsa
hamatsy,vatsy
vatsiana,vatsy
amatsiana,vatsy
avatsy,vatsy
famatsiana,vatsy
famatsy,vatsy
fivatsiana,vatsy
fivatsy,vatsy
ivatsiana,vatsy
mahavatsy,vatsy
mamatsy,vatsy
mivatsy,vatsy
mpivatsy,vatsy
vatsina,vatsy
vinatsy,vatsy
voavatsy,vatsy
ivavavavana,vava
tambava,vava
amavàna,vava
famava,vava
famavana,vava
fivava,vava
mahavava,vava
mamava,vava
mivava,vava
mpamava,vava
vavavava,vava
vavàna,vava
voavava,vava
ampivavahina,vavaka
fivavahana,vavaka
fivavaka,vavaka
ivavahana,vavaka
mahavavaka,vavaka
mampivavaka,vavaka
mifampivavaka,vavaka
mivavaka,vavaka
mpivavaka,vavaka
vavabavaka,vavaka
voavavaka,vavaka
ambavala,vavala
amavarana,vavatra
avavatra,vavatra
famavarana,vavatra
famavatra,vavatra
mahavavatra,vavatra
mamavatra,vavatra
mpamavatra,vavatra
vavarana,vavatra
voavavatra,vavatra
manavatsy,vavatsy
mivavatsy,vavatsy
mivavavava,vavavava
haventesana,vaventy
vaventiventy,vaventy
kovavy,vavy
mamavy,vavy
mivavy,vavy
vave,vavy
fanambaviana,vavy
fivaviana,vavy
kambavy,vavy
zavavy,vavy
famavy,vavy
mavavy,vavy
miambavy,vavy
mpamavy,vavy
tambavy,vavy
vavena,vavy
vaviana,vavy
vavina,vavy
mivay,vay
mahavazaha,vazaha
vazahaina,vazaha
vazahazaha,vazaha
amazanana,vazana
avazana,vazana
famazana,vazana
mamazana,vazana
vazanana,vazana
famazanana,vazana
fivazavaza,vazavaza
fivazavazana,vazavaza
ivazavazàna,vazavaza
mahavazavaza,vazavaza
mivazavaza,vazavaza
mpivazavaza,vazavaza
vazavazaina,vazavaza
voavazavaza,vazavaza
vazimbaina,vazimba
havazinana,vazina
fivazina,vazina
fivazinana,vazina
ivazinana,vazina
mahavazina,vazina
manavazina,vazina
mivazina,vazina
mpivazina,vazina
vazimbazina,vazina
kivazivazy,vazivazy
amazivaziana,vazivazy
avazivazy,vazivazy
famazivaziana,vazivazy
famazivazy,vazivazy
fivazivaziana,vazivazy
fivazivazy,vazivazy
ivazivaziana,vazivazy
ivazivazina,vazivazy
mahavazivazy,vazivazy
mamazivazy,vazivazy
mivazivazy,vazivazy
mpamazivazy,vazivazy
mpivazivazy,vazivazy
vazivazina,vazivazy
voavazivazy,vazivazy
fivazizo,vazizo
fivazizoana,vazizo
ivazizoana,vazizo
mahavazizo,vazizo
mivazizo,vazizo
mpivazizo,vazizo
fivazo,vazo
fivazoana,vazo
ivazoana,vazo
mahavazo,vazo
mivazo,vazo
mpivazo,vazo
vazoina,vazo
vazovazo,vazo
mivaña,vaña
vañony,vaño
mive,ve
mpive,ve
añavelaña,vela
mañavela,vela
miavela,vela
namela,vela
famela,vela
tavela,vela
ambela,vela
amelana,vela
avela,vela
famelana,vela
fivela,vela
fivelana,vela
ivelana,vela
mahavela,vela
mamela,vela
mifamela,vela
mivela,vela
mpamela,vela
mpivela,vela
tafavela,vela
velavela,vela
voavela,vela
famelabelarana,velabelatra
mamelabelatra,velabelatra
mivelabelatra,velabelatra
velabelarina,velabelatra
velarana,velatra
amelarana,velatra
avelatra,velatra
famelarana,velatra
famelatra,velatra
fampivelarana,velatra
fivelarana,velatra
fivelatra,velatra
ivelarana,velatra
mahavelatra,velatra
mamelatra,velatra
mampivelatra,velatra
mivelatra,velatra
mpamelatra,velatra
tafavelatra,velatra
velabelatra,velatra
velarina,velatra
voavelatra,velatra
mamelatry,velatry
mamelo,velo
mamelombelona,velombelona
mahavelombelona,velombelona
ampivelomana,velona
ampivelomina,velona
ahavelomana,velona
amelomana,velona
fahavelomana,velona
famelomana,velona
famelona,velona
fivelomana,velona
fivelona,velona
ivelomana,velona
mahavelona,velona
mamelona,velona
mampivelona,velona
mivelona,velona
mpamelona,velona
mpampivelona,velona
mpivelona,velona
tambelona,velona
velombelona,velona
velomina,velona
vinelona,velona
voavelona,velona
mamelovelo,velovelo
mampamelovelo,velovelo
amelezana,vely
amely,vely
avely,vely
famelezana,vely
famely,vely
fivelezana,vely
fively,vely
ivelezana,vely
mahavely,vely
mamely,vely
mifamely,vely
mively,vely
mpamely,vely
mpively,vely
velezina,vely
vinely,vely
voavely,vely
tsivembena,vembena
avembena,vembena
fivembena,vembena
fivembenana,vembena
mivembena,vembena
savembena,vembena
tafavembena,vembena
voavembena,vembena
ivembenana,vena
mahavembena,vena
mpivembena,vena
avena,vena
fivena,vena
mivena,vena
mpivena,vena
vembena,vena
voavena,vena
famenavena,venavena
fanavenavena,venavena
fivenavena,venavena
fivenavenana,venavena
ivenavenana,venavena
mamenavena,venavena
manavenavena,venavena
mangovenavena,venavena
mivenavena,venavena
mpanavenavena,venavena
mpivenavena,venavena
savenavena,venavena
amendranana,vendrana
avendrana,vendrana
famendrana,vendrana
famendranana,vendrana
fivendrana,vendrana
mahavendrana,vendrana
mamendrambendrana,vendrana
mamendrana,vendrana
mivendrana,vendrana
mpamendrana,vendrana
vendrambendrana,vendrana
vendranina,vendrana
voavendrana,vendrana
amendrivendrena,vendrivendry
avendrivendry,vendrivendry
famendrivendrena,vendrivendry
famendrivendry,vendrivendry
fivendrivendrena,vendrivendry
fivendrivendry,vendrivendry
ivendrivendrena,vendrivendry
mahavendrivendry,vendrivendry
mamendrivendry,vendrivendry
mivendrivendry,vendrivendry
mpamendrivendry,vendrivendry
mpivendrivendry,vendrivendry
tafavendrivendry,vendrivendry
voavendrivendry,vendrivendry
fiventesana,venty
fiventy,venty
iventesana,venty
mahaventy,venty
miventy,venty
mpiventy,venty
ventesina,venty
voaventy,venty
miveraberaka,veraberaka
amerahana,veraka
famerahana,veraka
fameraka,veraka
fiverahana,veraka
fiveraka,veraka
iverahana,veraka
mahaveraka,veraka
mameraka,veraka
miveraka,veraka
mpameraka,veraka
veraberaka,veraka
verahina,veraka
voaveraka,veraka
mitaveravera,veravera
saveravera,veravera
ameraveràna,veravera
averavera,veravera
fameravera,veravera
fameraverana,veravera
fiveravera,veravera
fiveraverana,veravera
iveraveràna,veravera
mahaveravera,veravera
mameravera,veravera
manaveravera,veravera
miveravera,veravera
mpameravera,veravera
mpiveravera,veravera
veraveraina,veravera
voaveravera,veravera
miveriky,veriky
mpiveriky,veriky
averimberina,verimberina
fiverimberenana,verimberina
iverimberenana,verimberina
mamerimberina,verimberina
tamberina,verina
amerenana,verina
averina,verina
famerenana,verina
famerina,verina
fiverenana,verina
fiverina,verina
iverenana,verina
mahaverina,verina
mamerina,verina
mampiverina,verina
miverimberina,verina
miverina,verina
mpamerina,verina
mpiverina,verina
tafaverina,verina
verimberina,verina
voaverina,verina
verovero,vero
mamerovero,verovero
amarezana,very
ahaverezana,very
amerezana,very
arisaka,very
fahaverezana,very
famerezana,very
famery,very
haverezana,very
mahavery,very
mamery,very
mpamery,very
verezina,very
verivery,very
mavesabesatra,vesabesatra
anavesarana,vesatra
mavesatra,vesatra
amesarana,vesatra
avesatra,vesatra
fahavesarana,vesatra
famesarana,vesatra
famesatra,vesatra
fivesarana,vesatra
fivesatra,vesatra
havesarana,vesatra
ivesarana,vesatra
mahavesatra,vesatra
mamesatra,vesatra
manavesatra,vesatra
mihavesatra,vesatra
mivesatra,vesatra
mpamesatra,vesatra
mpivesatra,vesatra
tambesatra,vesatra
vesabesatra,vesatra
vesarana,vesatra
vesarina,vesatra
voavesatra,vesatra
havesara,vesatry
mavesatry,vesatry
mivesatry,vesatry
fivesohana,vesoka
fivesoka,vesoka
ivesohana,vesoka
kabesoka,vesoka
mahavesoka,vesoka
mivesoka,vesoka
mpivesoka,vesoka
vesobesoka,vesoka
vesohina,vesoka
voavesoka,vesoka
ametana,veta
fameta,veta
mahaveta,veta
mpameta,veta
vetaina,veta
vetaveta,veta
voaveta,veta
fahavetavetana,vetaveta
vetavetaina,vetaveta
ametavetana,vetaveta
fametavetana,vetaveta
mametaveta,vetaveta
mivetsivetsy,vetivety
tsivetraka,vetraka
ambetraka,vetraka
avetraka,vetraka
fivetrahana,vetraka
fivetraka,vetraka
ivetrahana,vetraka
mahavetraka,vetraka
mivetraka,vetraka
mpivetraka,vetraka
vetrabetraka,vetraka
voavetraka,vetraka
fivetrehana,vetrika
fivetrika,vetrika
ivetrehana,vetrika
mahavetrika,vetrika
mivetrika,vetrika
mpivetrika,vetrika
vetrehina,vetrika
vetribetrika,vetrika
voavetrika,vetrika
fivetro,vetro
mivetro,vetro
vetrovetro,vetro
fivetrovetro,vetrovetro
mivetrovetro,vetrovetro
ametsivetsena,vetsivetsy
fametsivetsena,vetsivetsy
fametsivetsy,vetsivetsy
fivetsivetsena,vetsivetsy
fivetsivetsy,vetsivetsy
ivetsivetsena,vetsivetsy
mahavetsivetsy,vetsivetsy
mametsivetsy,vetsivetsy
mpametsivetsy,vetsivetsy
mpivetsivetsy,vetsivetsy
vetsivetsena,vetsivetsy
voavetsivetsy,vetsivetsy
vetsovetso,vetso
fametsovetso,vetsovetso
fametsovetsoana,vetsovetso
fivetsovetso,vetsovetso
fivetsovetsoana,vetsovetso
ivetsovetsoana,vetsovetso
mahavetsovetso,vetsovetso
mametsovetso,vetsovetso
mivetsovetso,vetsovetso
mpametsovetso,vetsovetso
mpivetsovetso,vetsovetso
vetsovetsoina,vetsovetso
voavetsovetso,vetsovetso
miambevy,vevy
amezabezarana,vezabezatra
amezarana,vezatra
avezatra,vezatra
famezarana,vezatra
famezatra,vezatra
fivezarana,vezatra
fivezatra,vezatra
ivezarana,vezatra
mamezatra,vezatra
mivezatra,vezatra
mpamezatra,vezatra
vezarina,vezatra
vezatina,vezatra
voavezatra,vezatra
amezavezàna,vezaveza
avezaveza,vezaveza
famezaveza,vezaveza
famezavezana,vezaveza
fivezaveza,vezaveza
fivezavezana,vezaveza
ivezavezana,vezaveza
mahavezaveza,vezaveza
mamezaveza,vezaveza
mivezaveza,vezaveza
mpamezaveza,vezaveza
mpivezaveza,vezaveza
vezavezaina,vezaveza
voavezaveza,vezaveza
avezika,vezika
fivezehana,vezika
fivezika,vezika
ivezehana,vezika
mahavezika,vezika
mivezika,vezika
mpivezika,vezika
tafavezika,vezika
voavezika,vezika
mamezimbezina,vezimbezina
mivezimbezina,vezimbezina
avezina,vezina
fivezenana,vezina
fivezina,vezina
ivezenana,vezina
mivezina,vezina
tafavezina,vezina
vezimbezina,vezina
amezivezena,vezivezy
avezivezy,vezivezy
famezivezena,vezivezy
famezivezy,vezivezy
fivezivezena,vezivezy
fivezivezy,vezivezy
ivezivezena,vezivezy
mahavezivezy,vezivezy
mamezivezy,vezivezy
mampivezivezy,vezivezy
mivezivezy,vezivezy
mpamezivezy,vezivezy
mpivezivezy,vezivezy
tafavezivezy,vezivezy
voavezivezy,vezivezy
ambezo,vezo
amezovezoana,vezovezo
famezovezo,vezovezo
famezovezoana,vezovezo
fivezovezo,vezovezo
fivezovezoana,vezovezo
ivezovezoana,vezovezo
mahavezovezo,vezovezo
mamezovezo,vezovezo
mivezovezo,vezovezo
mpamezovezo,vezovezo
mpivezovezo,vezovezo
vezovezoina,vezovezo
voavezovezo,vezovezo
mavibika,vibika
ambidy,vidy
amidy,vidy
ampividianana,vidy
fividianana,vidy
fividy,vidy
ividianana,vidy
kividividy,vidy
mahavidy,vidy
mampividy,vidy
mividy,vidy
mpividy,vidy
vidiana,vidy
vidina,vidy
vidividy,vidy
vinidy,vidy
voavidy,vidy
fivihivihiana,vihivihy
fivihivihy,vihivihy
ivihivihiana,vihivihy
mivihivihy,vihivihy
mpivihivihy,vihivihy
mavika,vika
vibika,vika
fivika,vika
mivika,vika
amikavikana,vikavika
avikavika,vikavika
famikavika,vikavika
famikavikana,vikavika
fampamikavika,vikavika
fivikavika,vikavika
fivikavikana,vikavika
ivikavikàna,vikavika
mahavikavika,vikavika
mamikavika,vikavika
mivikavika,vikavika
mpamikavika,vikavika
vikavikaina,vikavika
voavikavika,vikavika
itsambikinana,vikina
amikinana,vikina
avikina,vikina
famikina,vikina
famikinana,vikina
fivikina,vikina
fivikinana,vikina
ivikinana,vikina
mahavikina,vikina
mamikina,vikina
mivikina,vikina
mpamikina,vikina
mpivikina,vikina
tafavikina,vikina
tsambikina,vikina
vikimbikina,vikina
vikinina,vikina
vinikina,vikina
voavikina,vikina
fivikivikiana,vikiviky
fivikiviky,vikiviky
ivikivikiana,vikiviky
mamikiviky,vikiviky
mavikiviky,vikiviky
mivikiviky,vikiviky
mpivikiviky,vikiviky
tafavikiviky,vikiviky
mambiky,viky
avilaka,vilaka
mahavilaka,vilaka
mivilaka,vilaka
savilaka,vilaka
sovilaka,vilaka
vilahina,vilaka
voavilaka,vilaka
avilana,vilana
fivilana,vilana
fivilanana,vilana
mahavilana,vilana
mivilana,vilana
vilambilana,vilana
voavilana,vilana
mamilanila,vilanila
familavila,vilavila
amilavilana,vilavila
avilavila,vilavila
familavilana,vilavila
fivilavila,vilavila
fivilavilana,vilavila
ivilavilàna,vilavila
kovilavila,vilavila
mahavilavila,vilavila
mamilavila,vilavila
mivilavila,vilavila
mpamilavila,vilavila
vilavilaina,vilavila
voavilavila,vilavila
familina,vilina
amilinana,vilina
avilina,vilina
familinana,vilina
fivilina,vilina
mahavilina,vilina
mamilina,vilina
mivilina,vilina
mpamilina,vilina
voavilina,vilina
asavilivily,vilivily
fanakiviliviliana,vilivily
fanakivilivily,vilivily
fikiviliviliana,vilivily
kivilivily,vilivily
mivilivily,vilivily
savilivily,vilivily
ambilona,vilona
amiliana,vily
avily,vily
familiana,vily
family,vily
fiviliana,vily
fivily,vily
iviliana,vily
mahavily,vily
mamily,vily
mivily,vily
mpamily,vily
mpivily,vily
savily,vily
tafavily,vily
vilivily,vily
voavily,vily
avimbina,vimbina
fivimbina,vimbina
fivimbinana,vimbina
ivimbinana,vimbina
mahavimbina,vimbina
mivimbina,vimbina
mpivimbina,vimbina
vimbimbimbina,vimbina
vimbinina,vimbina
vinimbina,vimbina
voavimbina,vimbina
faminany,vinany
ahavinaniana,vinany
aminaniana,vinany
avinany,vinany
faminaniana,vinany
mahavinany,vinany
maminany,vinany
mpaminany,vinany
vinanina,vinany
vinaninany,vinany
voavinany,vinany
aminavinana,vinavina
avinavina,vinavina
faminavina,vinavina
faminavinana,vinavina
mahavinavina,vinavina
maminavina,vinavina
mpaminavina,vinavina
vinavinaina,vinavina
voavinavina,vinavina
fivindahana,vindaka
fivindaka,vindaka
fivindavindaka,vindaka
ivindahana,vindaka
mahavindaka,vindaka
mivindaka,vindaka
mpivindaka,vindaka
tafavindaka,vindaka
fivindavinda,vindavinda
fivindavindana,vindavinda
ivindavindana,vindavinda
mahavindavinda,vindavinda
mivindavinda,vindavinda
mpivindavinda,vindavinda
tafavindavinda,vindavinda
fivindina,vindina
fivindinana,vindina
ivindinana,vindina
mivindina,vindina
mpivindina,vindina
amingavingana,vingavinga
famingavinga,vingavinga
famingavingana,vingavinga
mahavingavinga,vingavinga
mamingavinga,vingavinga
mpamingavinga,vingavinga
vingavingaina,vingavinga
voavingavinga,vingavinga
amingitana,vingitra
avingitra,vingitra
famingitana,vingitra
famingitra,vingitra
mamingitra,vingitra
mivingitra,vingitra
mpamingitra,vingitra
vingimbingitra,vingitra
vingirina,vingitra
vingitina,vingitra
voavingitra,vingitra
amingivingiana,vingivingy
avingivingy,vingivingy
famingivingiana,vingivingy
famingivingy,vingivingy
fivingivingiana,vingivingy
fivingivingy,vingivingy
ivingivingiana,vingivingy
mamingivingy,vingivingy
mpamingivingy,vingivingy
mpivingivingy,vingivingy
tafavingivingy,vingivingy
vingivingina,vingivingy
voavingivingy,vingivingy
fivingy,vingy
mivingy,vingy
mpivingy,vingy
tafavingy,vingy
vingina,vingy
vingivingy,vingy
voavingy,vingy
fahavinirana,vinitra
fivinirana,vinitra
fivinitra,vinitra
havinirana,vinitra
ivinirana,vinitra
mahavinitra,vinitra
mivinitra,vinitra
mpivinitra,vinitra
tafavinitra,vinitra
vinibinitra,vinitra
vinirina,vinitra
aviniviny,viniviny
fiviniviniana,viniviny
fiviniviny,viniviny
iviniviniana,viniviny
mahaviniviny,viniviny
miviniviny,viniviny
mpiviniviny,viniviny
tafaviniviny,viniviny
vintanina,vintana
mavio,vio
viovio,vio
fivio,vio
avioka,vioka
fivioka,vioka
mivioka,vioka
mpivioka,vioka
tafavioka,vioka
viobioka,vioka
miviombiona,viombiona
aviona,viona
fiviona,viona
fivionana,viona
ivionana,viona
miviona,viona
mpiviona,viona
tafaviona,viona
viombiona,viona
mamiongio,viongio
maviovio,viovio
amiravirana,viravira
aviravira,viravira
famiravira,viravira
famiravirana,viravira
famiravkàna,viravira
mahaviravira,viravira
mamiravira,viravira
mpamiravira,viravira
viniravira,viravira
viraviraina,viravira
voaviravira,viravira
avirioka,virioka
fivirioka,virioka
mivirioka,virioka
tafavirioka,virioka
viriodrioka,virioka
fahavirjiniana,virjiny
fiviroka,viroka
mahaviroka,viroka
miviroka,viroka
mpiviroka,viroka
voaviroka,viroka
avirotra,virotra
fivirotra,virotra
mahavirotra,virotra
mivirotra,virotra
mpivirotra,virotra
voavirotra,virotra
amisavisana,visavisa
famisavisa,visavisa
famisavisana,visavisa
mahavisavisa,visavisa
mamisavisa,visavisa
mpamisavisa,visavisa
visavisaina,visavisa
voavisavisa,visavisa
ahavitana,vita
amitana,vita
fahavita,vita
fahavitana,vita
famita,vita
famitana,vita
fampamita,vita
fivita,vita
mahavita,vita
mamita,vita
mpamita,vita
vinita,vita
vitaina,vita
vitavita,vita
mivitrambitrana,vitrambitrana
amitranana,vitrana
avitrana,vitrana
famitrana,vitrana
famitranana,vitrana
fivitrana,vitrana
fivitranana,vitrana
ivitranana,vitrana
mahavitrana,vitrana
mamitrana,vitrana
mivitrana,vitrana
mpamitrana,vitrana
mpivitrana,vitrana
vitrambitrana,vitrana
voavitrana,vitrana
mavitribitrika,vitribitrika
fahavitrihana,vitrika
havitrihana,vitrika
havitrika,vitrika
mahavitrika,vitrika
mampahavitrika,vitrika
mavitrika,vitrika
vitribitrika,vitrika
tambitsika,vitsika
fahavitsy,vitsy
amitsiana,vitsy
anavitsiana,vitsy
fahavitsiana,vitsy
famitsiana,vitsy
famitsy,vitsy
fanavitsiana,vitsy
fanavitsy,vitsy
havitsiana,vitsy
havitsina,vitsy
havitsy,vitsy
mahavitsy,vitsy
mamitsy,vitsy
manavitsy,vitsy
mpamitsy,vitsy
mpanavitsy,vitsy
vitsivitsy,vitsy
mamity,vity
avivitra,vivitra
amivitana,vivitra
ankambivitra,vivitra
famivitana,vivitra
famivitra,vivitra
fivivitana,vivitra
fivivitra,vivitra
ivivitana,vivitra
mahavivitra,vivitra
mamivitra,vivitra
mivivitra,vivitra
mpamivitra,vivitra
vivibivitra,vivitra
vivitina,vivitra
voavivitra,vivitra
fivivy,vivy
mamizaka,vizaka
fivizaka,vizaka
mahavizaka,vizaka
mivizaka,vizaka
mpivizaka,vizaka
vizambizaka,vizaka
voavizaka,vizaka
amizanana,vizana
fahavizanana,vizana
famizana,vizana
famizanana,vizana
fivizana,vizana
fivizanana,vizana
havizanana,vizana
ivizanana,vizana
mahavizana,vizana
mamizana,vizana
mivizana,vizana
mpamizana,vizana
mpivizana,vizana
vinizana,vizana
vizambizana,vizana
vizanina,vizana
voavizana,vizana
amizatana,vizatra
famizatana,vizatra
famizatra,vizatra
fivizatana,vizatra
fivizatra,vizatra
ivizatana,vizatra
mahavizatra,vizatra
mamizatra,vizatra
mivizatra,vizatra
mpamizatra,vizatra
mpivizatra,vizatra
vizabizatra,vizatra
vizatina,vizatra
amizavizana,vizaviza
avizaviza,vizaviza
famizaviza,vizaviza
famizavizana,vizaviza
mahavizaviza,vizaviza
mamizaviza,vizaviza
mpamizaviza,vizaviza
vizavizaina,vizaviza
voavizaviza,vizaviza
famoafadiana,voa
mampamoa,voa
mifankavoa,voa
pamoa,voa
pifankavoa,voa
amoazana,voa
famoa,voa
famoazana,voa
mamoa,voa
mpamoa,voa
ahavoazana,voa
fahavoazana,voa
mahavoa,voa
mpahavoa,voa
voavoa,voa
mivoaboaka,voaboaka
mivoadivoady,voadivoady
fivoadiana,voady
fivoady,voady
ivoadiana,voady
mahavoady,voady
mivoady,voady
mpivoady,voady
voadivoady,voady
amoafadiana,voafady
mahavoafitaka,voafitaka
mahavoafora,voafora
famoaka,voaka
kamoaka,voaka
avoaka,voaka
famoahana,voaka
fivoahana,voaka
fivoaka,voaka
ivoahana,voaka
mahavoaka,voaka
mamoaka,voaka
mifamoaka,voaka
mivoaka,voaka
mpamoaka,voaka
mpivoaka,voaka
tafavoaka,voaka
voaboaka,voaka
voavoaka,voaka
mahavoake,voake
tafavoake,voake
amoanjoana,voanjo
avoanjo,voanjo
famoanjo,voanjo
famoanjoana,voanjo
mahavoanjo,voanjo
mamoanjo,voanjo
mivoanjo,voanjo
mpamoanjo,voanjo
voanjoana,voanjo
voavoanjo,voanjo
fivoantailahy,voantailahy
mivoantailahy,voantailahy
amboara,voara
mivoaramena,voaramena
mahavoasazy,voasazy
mahavoatery,voatery
voaboatra,voatra
amboarina,voatra
anamboarana,voatra
famboatra,voatra
fampivoarana,voatra
fanamboarana,voatra
fanamboatra,voatra
fivoarana,voatra
fivoatra,voatra
ifanamboarana,voatra
ivoarana,voatra
mahavoatra,voatra
mamboatra,voatra
manamboatra,voatra
mivoatra,voatra
mpanamboatra,voatra
mpivoatra,voatra
voamboatra,voatra
voavoatra,voatra
mamoatry,voatry
mahavoatse,voatse
mamboatse,voatse
mampamboatse,voatse
mampamoatse,voatse
mampivoatse,voatse
mifañamboatse,voatse
mivoatse,voatse
pamboatse,voatse
pamoatse,voatse
vinoatse,voatse
mamoatsy,voatsy
mamoavary,voavary
tamboavoa,voavoa
fahavodivodiana,vodivodiana
mahavodivodiana,vodivodiana
vodiana,vody
ambody,vody
mamody,vody
fivoenje,voenje
mampivoenje,voenje
mivoenje,voenje
pivoenje,voenje
fivoetse,voetse
mampivoetse,voetse
mivoetse,voetse
pivoetse,voetse
amoasana,vofy
fivoasana,vofy
ivoasana,vofy
mahavofy,vofy
mamofy,vofy
mivaofy,vofy
mpamofy,vofy
mpivofy,vofy
voasana,vofy
voavofy,vofy
vofivofy,vofy
famoasana,vofy
famofy,vofy
fivofy,vofy
mivofy,vofy
amohana,voha
ampamoha,voha
fampamoha,voha
fivoha,voha
fivohana,voha
ivohana,voha
mahavòha,voha
mihamivoha,voha
mivoha,voha
mpamoha,voha
mpivoha,voha
pivoha,voha
voavoha,voha
vohaina,voha
vohana,voha
famohavoha,vohavoha
amohavohàna,vohavoha
famohavohana,vohavoha
mahavohavoha,vohavoha
mamohavoha,vohavoha
mpamohavoha,vohavoha
voavohavoha,vohavoha
vohavohaina,vohavoha
vohavohana,vohavoha
tambohitra,vohitra
tsimbohitra,vohitra
amohirana,vohitra
avohitra,vohitra
famohirana,vohitra
famohitra,vohitra
fivohirana,vohitra
fivohitra,vohitra
ivohirana,vohitra
mambohitra,vohitra
mamohitra,vohitra
mikibohitra,vohitra
mikobohitra,vohitra
mivohitra,vohitra
mpamohitra,vohitra
tsivohibohitra,vohitra
voavohitra,vohitra
vohirina,vohitra
avohitry,vohitry
mamohitry,vohitry
mivohitry,vohitry
avohitse,vohitse
fivohitse,vohitse
mampivohitse,vohitse
mihavohitse,vohitse
mivohitse,vohitse
pivohitse,vohitse
mivohivohy,vohivohy
ivoho,voho
mpifampivoho,voho
amboho,voho
ambohoina,voho
anambohoana,voho
evoho,voho
fanamboho,voho
fanambohoana,voho
fiamboho,voho
fiambohoana,voho
fivohoana,voho
iambohoana,voho
manamboho,voho
miamboho,voho
mifampivoho,voho
mivoho,voho
mpanamboho,voho
mpiamboho,voho
tamboho,voho
amoivoizana,voivoy
avoivoy,voivoy
famoivoizana,voivoy
famoivoy,voivoy
fifamoivoy,voivoy
fivoivoizana,voivoy
fivoivoy,voivoy
mahavoivoy,voivoy
mamoivoy,voivoy
mifamoivoy,voivoy
mivoivoy,voivoy
mpamoivoy,voivoy
mpivoivoy,voivoy
tafavoivoy,voivoy
amokehana,vokaika
famokehana,vokaika
fivokehana,vokaika
ivokehana,vokaika
tafavokaika,vokaika
avokaiky,vokaiky
famokaikena,vokaiky
famokaiky,vokaiky
fivokaiky,vokaiky
mahavokaiky,vokaiky
mamokaiky,vokaiky
mivokaiky,vokaiky
tafavokaiky,vokaiky
vokaikikaiky,vokaiky
ahavokarana,vokatra
fahavokarana,vokatra
fahavokatra,vokatra
famokatra,vokatra
havokarana,vokatra
mahavokatra,vokatra
mpahavokatra,vokatra
mpamokatra,vokatra
mahavokatse,vokatse
mampamokatse,vokatse
mihamivokatse,vokatse
mivokatse,vokatse
pahavokatse,vokatse
pamokatse,vokatse
pivokatse,vokatse
voavokatse,vokatse
avoke,voke
mahavoke,voke
mampivoke,voke
mivoke,voke
pivoke,voke
mamokehana,vokeky
vokehana,vokeky
mahavoko,voko
mampamoko,voko
pamoko,voko
ambokony,voko
mamboko,voko
amokohana,vokoka
avokoka,vokoka
famokohana,vokoka
famokoka,vokoka
fivokohana,vokoka
fivokoka,vokoka
ivokohana,vokoka
mahavokoka,vokoka
mamokoka,vokoka
mivokoka,vokoka
mpamokoka,vokoka
mpivokoka,vokoka
voavokoka,vokoka
vokobokoka,vokoka
avokoke,vokoke
mahavokoke,vokoke
mihavokoke,vokoke
vokovokoke,vokoke
fivokovoko,vokovoko
fivokovokoana,vokovoko
mivokovoko,vokovoko
ahavokisana,voky
amokisana,voky
avoky,voky
fahavokisana,voky
famokisana,voky
famoky,voky
fivokisana,voky
fivoky,voky
havokisana,voky
ivokisana,voky
mahavoky,voky
mamoky,voky
mivoky,voky
mpamoky,voky
mpivoky,voky
vinoky,voky
voavoky,voky
vokisana,voky
vokivoky,voky
mahavola,vola
mampivola,vola
mifampivola,vola
mivola,vola
pifampivola,vola
pivola,vola
kivolavola,vola
volavola,vola
volaina,vola
mivolambolana,volambolana
mahadiavolana,volana
fivolana,volana
fivolanana,volana
ivolanana,volana
mahavolana,volana
mivolana,volana
mpivolana,volana
volambolana,volana
volanina,volana
famolavola,volavola
amolavolana,volavola
famolavolana,volavola
mahavolavola,volavola
mamolavola,volavola
mpamolavola,volavola
tambolavola,volavola
voavolavola,volavola
volavolaina,volavola
ambole,vole
ampambole,vole
avole,vole
mampambole,vole
pambole,vole
pampambole,vole
voavole,vole
avolele,volele
fivolele,volele
mampivolele,volele
mivolele,volele
avolily,volily
amolimbolenana,volimbolina
avolimbolina,volimbolina
famolimbolenana,volimbolina
famolimbolina,volimbolina
fivolimbolena,volimbolina
fivolimbolina,volimbolina
mahavolimbolina,volimbolina
mamolimbolina,volimbolina
mivolimbolina,volimbolina
mpamolimbolina,volimbolina
mpivolimbolina,volimbolina
voavolimbolina,volimbolina
tambolina,volina
tambolivoly,volivoly
amolivoliana,volivoly
famolivoliana,volivoly
famolivoly,volivoly
kivolivoly,volivoly
mamolivoly,volivoly
mpamolivoly,volivoly
tsivolivoly,volivoly
famolo,volo
famoloana,volo
fanimboloana,volo
volony,volo
amolosana,volo
avolo,volo
famolosana,volo
mahavolo,volo
mamolo,volo
mpamolo,volo
voavolo,volo
voloina,volo
volosana,volo
volovolo,volo
mivolo,volo
tavolo,volo
mamololona,vololona
volombolonina,volombolona
volombolona,volona
volonina,volona
tambolovolo,volovolo
volovoloina,volovolo
mahavoly,voly
mampamboly,voly
volivoly,voly
fahavoly,voly
ambolena,voly
fambolena,voly
famboly,voly
mamboly,voly
mifamboly,voly
mpamboly,voly
voavoly,voly
volena,voly
avomboke,vomboke
mampivomboke,vomboke
mivomboke,vomboke
famona,vona
amonana,vona
avona,vona
famonana,vona
fivona,vona
fivonana,vona
ivonana,vona
mahavona,vona
mamona,vona
mivona,vona
mpamòna,vona
voavona,vona
amondrahana,vondraka
famondrahana,vondraka
famondraka,vondraka
fivondrahana,vondraka
fivondraka,vondraka
ivondrahana,vondraka
mahavondraka,vondraka
mamondraka,vondraka
mivondraka,vondraka
mpamondraka,vondraka
mpivondraka,vondraka
vinondraka,vondraka
voavondraka,vondraka
vondrabondraka,vondraka
vondrahina,vondraka
avondrona,vondrona
fampivondronana,vondrona
fivondrona,vondrona
fivondronana,vondrona
ivondronana,vondrona
mamondrona,vondrona
mivondrona,vondrona
mpivondrona,vondrona
voavondrona,vondrona
vondrombondrona,vondrona
manondrona,vondrona
mamoñe,vone
mampamoñe,vone
mihamoñe,vone
pamoñe,vone
fivonga,vonga
mivonga,vonga
famongady,vongady
amongadiana,vongady
avongady,vongady
famongadiana,vongady
fivongadiana,vongady
fivongady,vongady
ivongadiana,vongady
mahavongady,vongady
mamongady,vongady
mivongady,vongady
mpamongady,vongady
mpivongady,vongady
tafavongady,vongady
voavongady,vongady
vongadina,vongady
vongadingady,vongady
mivongaingika,vongaingika
ivongaingehana,vongaingika
avongaingy,vongaingy
fivongaingehana,vongaingy
fivongaingena,vongaingy
fivongaingy,vongaingy
ivongaingena,vongaingy
mahavongaingy,vongaingy
manavongaingy,vongaingy
mivongaingy,vongaingy
mpivongaingy,vongaingy
tafavongaingy,vongaingy
vongaingingaingy,vongaingy
tambongana,vongana
avongana,vongana
famongana,vongana
fivongana,vongana
fivonganana,vongana
ivonganana,vongana
mahavongana,vongana
mivongana,vongana
mpamongana,vongana
mpivongana,vongana
valongana,vongana
voavongana,vongana
vongambongana,vongana
vonganina,vongana
mivongatra,vongatra
mivongatraka,vongatraka
mivongavonga,vongavonga
amongehana,vongika
avongika,vongika
famongehana,vongika
famongika,vongika
fivongehana,vongika
fivongika,vongika
ivongehana,vongika
mahavongika,vongika
mamongika,vongika
mivongika,vongika
mpamongika,vongika
mpivongika,vongika
tafavongika,vongika
voavongika,vongika
vongehina,vongika
avongitrika,vongitrika
famongitrika,vongitrika
fivongitrika,vongitrika
mahavongitrika,vongitrika
mamongitrika,vongitrika
mivongitrika,vongitrika
mpamongitrika,vongitrika
mpivongitrika,vongitrika
tafavongitrika,vongitrika
mivongo,vongo
avongo,vongo
fivongo,vongo
fivongoana,vongo
mpivongo,vongo
tafavongo,vongo
voavongo,vongo
vongovongo,vongo
amongovongoana,vongovongo
avongovongo,vongovongo
famongovongo,vongovongo
famongovongoana,vongovongo
fivongovongo,vongovongo
fivongovongoana,vongovongo
ivongovongoana,vongovongo
mahavongovongo,vongovongo
mamongovongo,vongovongo
mivongovongo,vongovongo
mpamongovongo,vongovongo
mpivongovongo,vongovongo
mamonifanja,vonifanja
avonjake,vonjake
mahavonjake,vonjake
mamonjake,vonjake
mampamonjake,vonjake
mihavonjake,vonjake
mivonjake,vonjake
pamonjake,vonjake
pivonjake,vonjake
ampamonje,vonje
avonje,vonje
mahavonje,vonje
mamonje,vonje
mampamonje,vonje
mampifamonje,vonje
mifamonje,vonje
mihamamonje,vonje
pamonje,vonje
pifamonje,vonje
voavonje,vonje
mamonjivonjy,vonjivonjy
vonjivonjena,vonjivonjy
mivonjo,vonjo
famonjy,vonjy
amonjena,vonjy
avonjy,vonjy
famonjena,vonjy
fifamonjena,vonjy
ifamonjena,vonjy
mahavonjy,vonjy
mamonjy,vonjy
mifamonjy,vonjy
mpamonjy,vonjy
vinonjy,vonjy
voavonjy,vonjy
vonjena,vonjy
vonjivonjy,vonjy
amonkinana,vonkina
famonkina,vonkina
ivonkinana,vonkina
mampivonkina,vonkina
amonkenana,vonkina
avonkina,vonkina
famonkenana,vonkina
fivonkenana,vonkina
fivonkina,vonkina
ivonkenana,vonkina
mahavonkina,vonkina
mamonkina,vonkina
mivonkina,vonkina
mpamonkina,vonkina
mpivonkina,vonkina
tafavonkina,vonkina
voavonkina,vonkina
vonkimbonkina,vonkina
ampamono,vono
pamono,vono
pifamono,vono
amono,vono
amonoana,vono
avono,vono
famono,vono
famonoana,vono
fifamonoana,vono
mahavono,vono
mampamono,vono
mifamono,vono
mpamono,vono
voavono,vono
vonoana,vono
vonoina,vono
vonono,vono
vonovono,vono
ivonanana,vonona
amononana,vonona
fahavononana,vonona
famonona,vonona
famononana,vonona
fivonona,vonona
fivononana,vonona
ivononana,vonona
mahavonona,vonona
mamonona,vonona
mivonona,vonona
mpamonona,vonona
voavonona,vonona
vonombonona,vonona
vononina,vonona
fivontangina,vontangina
mamontangina,vontangina
mivontangina,vontangina
avontirika,vontirika
famontirika,vontirika
fivontirika,vontirika
mahavontirika,vontirika
mamontirika,vontirika
mivontirika,vontirika
mpamontirika,vontirika
voavontirika,vontirika
avontirike,vontirike
fivontirike,vontirike
mampivontirike,vontirike
pivontirike,vontirike
famonto,vonto
mampivonto,vonto
mihamivonto,vonto
pivonto,vonto
amontosana,vonto
avonto,vonto
famontosana,vonto
fivonto,vonto
fivontosana,vonto
ivontosana,vonto
mahavonto,vonto
mamonto,vonto
mivonto,vonto
mpamonto,vonto
voavonto,vonto
vontosana,vonto
vontovonto,vonto
mamontona,vontona
mivontovonto,vontovonto
mivontsiña,vontsiña
avony,vony
mamony,vony
mampamony,vony
mampivony,vony
mañavoñy,vony
mifañavony,vony
pamony,vony
pañavony,vony
pifañavony,vony
pivony,vony
voavony,vony
vonivony,vony
amoniana,vony
famoniana,vony
famony,vony
mpamony,vony
amonzena,vonzy
famonzena,vonzy
mamonzy,vonzy
mifamonzy,vonzy
vonzena,vonzy
famoraka,voraka
mamoraka,voraka
mpamoraka,voraka
amorahana,voraka
famorahana,voraka
fivorahana,voraka
fivoraka,voraka
ivorahana,voraka
mahavoraka,voraka
mivoraka,voraka
mpivoraka,voraka
voavoraka,voraka
voraboraka,voraka
vorahina,voraka
avorake,vorake
mahavorake,vorake
mampamorake,vorake
mivorake,vorake
pamorake,vorake
pivorake,vorake
voavorake,vorake
amoravorana,voravora
avoravora,voravora
famoravora,voravora
famoravorana,voravora
fivoravora,voravora
fivoravorana,voravora
ivoravorana,voravora
mahavoravora,voravora
mamoravora,voravora
mivoravora,voravora
mpamoravora,voravora
savoravora,voravora
tavoravora,voravora
voavoravora,voravora
voravoraina,voravora
mahavoreke,voreke
famorery,vorery
mamorery,vorery
mpamorery,vorery
fivoretra,voretra
havoretra,voretra
mahavoretra,voretra
mamoretra,voretra
mivoretra,voretra
voredretra,voretra
amorehana,vorika
avorika,vorika
famorehana,vorika
famorika,vorika
mahavorika,vorika
mamborika,vorika
mamorika,vorika
mivorika,vorika
mpamorika,vorika
voavorika,vorika
vorehina,vorika
voriborika,vorika
mamoriky,voriky
mpamoriky,voriky
famorina,vorina
amorenana,vorina
avorina,vorina
famorenana,vorina
fivorenana,vorina
fivorina,vorina
ivorenana,vorina
mahavorina,vorina
mamorina,vorina
mivorina,vorina
mpamorina,vorina
voavorina,vorina
vorenana,vorina
vorimborina,vorina
anavorivoriana,vorivory
fanavorivoriana,vorivory
fanavorivory,vorivory
mamorivory,vorivory
manavorivory,vorivory
vorivorina,vorivory
amorivoriana,vorivory
famorivoriana,vorivory
kivorivory,vorivory
mivorivory,vorivory
havoroka,voroka
mavoroka,voroka
fivorosoka,vorosoka
mivorosoka,vorosoka
vorotina,vorotra
avorotsake,vorotsake
mampivorotsake,vorotsake
mivorotsake,vorotsake
pivorotsake,vorotsake
mampivorovoro,vorovoro
mifamorovoro,vorovoro
mivorovoro,vorovoro
pivorovoro,vorovoro
amorovoroana,vorovoro
avorovoro,vorovoro
famorovoro,vorovoro
famorovoroana,vorovoro
fivorovoro,vorovoro
fivorovoroana,vorovoro
ivorovoroana,vorovoro
mahavorovoro,vorovoro
mamorovoro,vorovoro
manavorovoro,vorovoro
mpamorovoro,vorovoro
mpivorovoro,vorovoro
savorovoro,vorovoro
tafavorovoro,vorovoro
voavorovoro,vorovoro
vorovoroina,vorovoro
amorina,vory
avory,vory
famory,vory
mahavory,vory
mamory,vory
mampamory,vory
mampivory,vory
mifamory,vory
mpamory,vory
pamory,vory
pifamory,vory
pivory,vory
voavory,vory
vorivory,vory
fanavory,vory
manavory,vory
mpanavory,vory
amoriana,vory
fahavoriana,vory
famoriana,vory
fivoriana,vory
fivory,vory
ivoriana,vory
kamory,vory
mivory,vory
mpivory,vory
tafavory,vory
vinory,vory
vorina,vory
vosirana,vositra
vosirina,vositra
amosirana,vositra
famosirana,vositra
famositra,vositra
mahavositra,vositra
mpamositra,vositra
voavositra,vositra
mamositse,vositse
mampamositse,vositse
pamositse,vositse
voavositse,vositse
famosobosorana,vosobosotra
mamosobosotra,vosobosotra
amosorana,vosotra
avosotra,vosotra
famosorana,vosotra
famosotra,vosotra
mahavosotra,vosotra
mamosotra,vosotra
mpamosotra,vosotra
voavosotra,vosotra
vosobosotra,vosotra
vosorina,vosotra
fivotavota,votavota
mampivotavota,votavota
mivotavota,votavota
mamototsy,vototsy
amotretrehana,votretrika
avotretrika,votretrika
famotretrehana,votretrika
famotretrika,votretrika
fivotretrehana,votretrika
fivotretrika,votretrika
ivotretrehana,votretrika
mahavotretrika,votretrika
mamotretrika,votretrika
mivotretrika,votretrika
mpamotretrika,votretrika
tafavotretrika,votretrika
fivotritrika,votritrika
mamotritrika,votritrika
mivotritrika,votritrika
votritritritrika,votritrika
havotroana,votro
mavotro,votro
avotrovotro,votrovotro
fivotrovotro,votrovotro
fivotrovotroana,votrovotro
ivotrovotroana,votrovotro
mamotrovotro,votrovotro
mivotrovotro,votrovotro
mpivotrovotro,votrovotro
voavotrovotro,votrovotro
votsavotsa,votsa
fahavotsana,votsa
havotsana,votsa
mahavotsa,votsa
avotsake,votsake
mampavotsake,votsake
mampiambotsake,votsake
miambotsake,votsake
mivotsake,votsake
mivotsavotsa,votsavotsa
avotsike,votsike
mampañavotsike,votsike
mampivotsike,votsike
mañavotsike,votsike
mivotsike,votsike
pivotsike,votsike
avotsoke,votsoke
mahavotsoke,votsoke
mamotsoke,votsoke
mihavotsoke,votsoke
voavotsoke,votsoke
famotsotra,votsotra
ivotaorana,votsotra
mamotsotra,votsotra
tambotsotra,votsotra
vinotsotra,votsotra
amotsorana,votsotra
avotsotra,votsotra
famotsorana,votsotra
fivotsorana,votsotra
fivotsotra,votsotra
ivotsorana,votsotra
mahavotsotra,votsotra
mivotsotra,votsotra
mpamotsotra,votsotra
tafavotsotra,votsotra
voavotsotra,votsotra
votsobotsotra,votsotra
votsorana,votsotra
fivovo,vovo
mahavovo,vovo
mamovo,vovo
mampivovo,vovo
mihamivovo,vovo
mivovo,vovo
mpivovo,vovo
pivovo,vovo
amovoana,vovo
famovo,vovo
famovoana,vovo
fivovoana,vovo
ivovoana,vovo
mpamovo,vovo
voavovo,vovo
vovoina,vovo
vovobovohana,vovobovoka
vovobovoka,vovoka
amovohana,vovoka
famovohana,vovoka
famovoka,vovoka
mamovoka,vovoka
mpamovoka,vovoka
savovoka,vovoka
voavovoka,vovoka
vovohina,vovoka
avovoke,vovoke
favovoke,vovoke
mampavovoke,vovoke
mavovoke,vovoke
avovona,vovona
manavovona,vovona
savovona,vovona
tafavovona,vovona
voavovona,vovona
fivovozana,vovò
fivovò,vovò
ivovozana,vovò
mahavovò,vovò
mivovò,vovò
mpivovò,vovò
vovozina,vovò
fifamoivoizana,voy
ifamoivoizana,voy
ivoivoizana,voy
voamboy,voy
avoy,voy
fivoizana,voy
fivoy,voy
ivoizana,voy
mahavoy,voy
mivoy,voy
mpivoy,voy
voavoy,voy
voivoy,voy
voizina,voy
mahavozake,vozake
mamozake,vozake
mihavozake,vozake
voavozake,vozake
tavozavoza,vozavoza
fivozavoza,vozavoza
fivozavozana,vozavoza
ivozavozàna,vozavoza
mivozavoza,vozavoza
mpivozavoza,vozavoza
amozezehana,vozezika
avozezika,vozezika
famozezehana,vozezika
famozezika,vozezika
fivozezehana,vozezika
fivozezika,vozezika
ivozezehana,vozezika
mahavozezika,vozezika
mamozezika,vozezika
mivozezika,vozezika
mpamozezika,vozezika
mpivozezika,vozezika
tafavozezika,vozezika
voavozezika,vozezika
vozezehana,vozezika
vozezijezika,vozezika
famozezy,vozezy
mamozezy,vozezy
mpamozezy,vozezy
anavozihirana,vozihitra
avozihitra,vozihitra
fanavozihirana,vozihitra
fanavozihitra,vozihitra
fivozihirana,vozihitra
fivozihitra,vozihitra
ivozihirana,vozihitra
mahavozihitra,vozihitra
manavozihitra,vozihitra
mivozihitra,vozihitra
mpanavozihitra,vozihitra
mpivozihitra,vozihitra
tafavozihitra,vozihitra
voavozihitra,vozihitra
vozihijihitra,vozihitra
vozihirina,vozihitra
mampavozo,vozo
pavozo,vozo
havozoana,vozo
mavozo,vozo
vozovozo,vozo
fiambozona,vozona
amozonana,vozona
famozona,vozona
famozonana,vozona
fiambozonana,vozona
iambozonana,vozona
mahambozona,vozona
mahavozona,vozona
mamozona,vozona
miambozona,vozona
mpamozona,vozona
mpiambozona,vozona
vozonana,vozona
mavozovozo,vozovozo
tambỳ,vy
mivôtry,vôtry
mazaboaka,zaboaka
fizaha,zaha
fizahana,zaha
izahana,zaha
mahazaha,zaha
mampizaha,zaha
mifampizaha,zaha
mizaha,zaha
mpizaha,zaha
voazaha,zaha
zahavana,zaha
zahazaha,zaha
zahàna,zaha
zinaha,zaha
ampanjahanina,zahana
manjahana,zahana
mizahazaha,zahazaha
anjaika,zaika
mizaika,zaika
fizaingizaingy,zaingizaingy
mizaingizaingy,zaingizaingy
anjairana,zaitra
fanjairana,zaitra
fanjaitra,zaitra
fizairana,zaitra
fizaitra,zaitra
izairana,zaitra
mahazaitra,zaitra
manjaitra,zaitra
mizaitra,zaitra
mpanjaitra,zaitra
voazaitra,zaitra
zaijaitra,zaitra
zairana,zaitra
zairina,zaitra
zinaitra,zaitra
hanjaka,zaka
ampanjaka,zaka
fizaka,zaka
fizakana,zaka
mizaka,zaka
ahazakana,zaka
fahazaka,zaka
fahazakàna,zaka
izakana,zaka
mahazaka,zaka
mpanjaka,zaka
mpizaka,zaka
voazaka,zaka
zakaina,zaka
zakazaka,zaka
anjakazakana,zakazaka
fanjakazakana,zakazaka
manjakazaka,zakazaka
mizakazaka,zakazaka
ampanjanahina,zanaka
anjanahana,zanaka
fampanjanahana,zanaka
fanjanahana,zanaka
fanjanaka,zanaka
kizanajanaka,zanaka
mampanianaka,zanaka
mampanjanaka,zanaka
manjanaka,zanaka
mizanaka,zanaka
mpampanjanaka,zanaka
mpanjanaka,zanaka
zanahina,zanaka
kijanajanaka,zanaka
mazaotra,zaotra
fizara,zara
fizarana,zara
izarana,zara
mahazara,zara
mampizara,zara
mifampizara,zara
mizara,zara
mpizara,zara
tsinjara,zara
voazara,zara
zaraina,zara
zarazara,zara
zinara,zara
fizarazarana,zarazara
tsinjarazara,zarazara
zarazaraina,zarazara
anjariana,zary
fanjariana,zary
fanjary,zary
mampanjary,zary
manjary,zary
mpanjary,zary
tsizarizary,zary
zarizary,zary
ampahazato,zato
ampanjatoana,zato
anjato,zato
anjatoana,zato
fahazato,zato
fanjato,zato
fanjatoana,zato
injato,zato
mahazato,zato
manjato,zato
mpanjato,zato
tsizatozato,zato
voazato,zato
zatoina,zato
anazarana,zatra
ankazarana,zatra
fahazarana,zatra
fanazarana,zatra
fanazatra,zatra
fankazarana,zatra
fankazatra,zatra
fifankazarana,zatra
ifankazarana,zatra
mahazatra,zatra
manazatra,zatra
mankazatra,zatra
mifankazatra,zatra
mihazatra,zatra
mizatra,zatra
mpanazatra,zatra
mpankazatra,zatra
zajatra,zatra
zarina,zatra
anazavana,zava
fahazava,zava
fahazavana,zava
fanazava,zava
fanazavana,zava
fifanazavana,zava
fihazavana,zava
hazava,zava
hazavaina,zava
hazavana,zava
ihazavana,zava
mahazava,zava
mampazava,zava
manazava,zava
mazava,zava
mihazava,zava
mpanazava,zava
zavajavatra,zavatra
zavarina,zavatra
mizavatsy,zavatsy
anjavonana,zavona
fanjavona,zavona
fanjavonana,zavona
manjavona,zavona
mpanjàvona,zavona
zavonjavona,zavona
anazavozavoana,zavozavo
anjavozavoana,zavozavo
azavozavo,zavozavo
fanazavozavo,zavozavo
fanazavozavoana,zavozavo
fanjavozavo,zavozavo
fanjavozavoana,zavozavo
manazavozavo,zavozavo
manjavozavo,zavozavo
voazavozavo,zavozavo
zavozavoina,zavozavo
fahazaza,zaza
fahazazana,zaza
fihazaza,zaza
fihazazana,zaza
hazazana,zaza
ihazazana,zaza
kizaza,zaza
mazaza,zaza
mihazaza,zaza
mpihazaza,zaza
mizazirika,zazirika
mazefatra,zefatra
fizehozeho,zehozeho
fizehozehoana,zehozeho
izehozehoana,zehozeho
kizehozeho,zehozeho
mahazehozeho,zehozeho
mizehozeho,zehozeho
mpizehozeho,zehozeho
anjehena,zehy
azehy,zehy
fanjehena,zehy
fanjehy,zehy
mahazehy,zehy
manjehy,zehy
mpanjehy,zehy
voazehy,zehy
zehena,zehy
zehizehy,zehy
zinehy,zehy
manjeka,zeka
mizeky,zeky
mahazendana,zendana
bozenizeny,zenizeny
kizenizeny,zenizeny
famenjena,zenjena
fanjenjena,zenjena
fizenjena,zenjena
fizenjenana,zenjena
izenjenana,zenjena
mahazenjena,zenjena
manjenjena,zenjena
mizenjena,zenjena
mpanjenjena,zenjena
mpizenjena,zenjena
bozeny,zeny
zenizeny,zeny
fanjepizepy,zepizepy
manjepizepy,zepizepy
anjerana,zera
azera,zera
fampianjerana,zera
fanjera,zera
fanjerana,zera
fianjera,zera
fianjerana,zera
ianjerana,zera
mahazera,zera
manjera,zera
mianjera,zera
mpanjera,zera
mpianjera,zera
voazera,zera
zerana,zera
zerazera,zera
zinera,zera
fanjerizery,zerizery
fizerizery,zerizery
manjerizery,zerizery
mizerizery,zerizery
fizerana,zetra
fizetra,zetra
izerana,zetra
mahazetra,zetra
mizetra,zetra
mpizetra,zetra
zejetra,zetra
fanjeva,zeva
manjeva,zeva
mpanjeva,zeva
anjevoana,zevo
azevo,zevo
fanjevo,zevo
fanjevoana,zevo
mampifanjevo,zevo
manjevo,zevo
mifanjevo,zevo
mpanjevo,zevo
tafazevo,zevo
voazevo,zevo
zevoina,zevo
zevozevo,zevo
zinevo,zevo
fanjevozevo,zevozevo
fanjevozevoana,zevozevo
manjevozevo,zevozevo
mpanjevozevo,zevozevo
zevozevoina,zevozevo
tafazezika,zezika
anjezehana,zezika
azezika,zezika
fanjezehana,zezika
fanjezika,zezika
fizezehana,zezika
fizezika,zezika
izezehana,zezika
mahazezika,zezika
manjezika,zezika
mizezika,zezika
mpanjezika,zezika
mpizezika,zezika
voazezika,zezika
vozezika,zezika
zezefana,zezika
zezehana,zezika
zezehina,zezika
azidina,zidina
fizidina,zidina
fizidinana,zidina
izidinana,zidina
mahazidina,zidina
mizidina,zidina
mpizidina,zidina
tafazidina,zidina
zidinjidina,zidina
azidizidy,zidizidy
fizidizidiana,zidizidy
fizidizidy,zidizidy
izidizidiana,zidizidy
mahazidizidy,zidizidy
mizidizidy,zidizidy
tafazidizidy,zidizidy
azihitra,zihitra
fanjihitra,zihitra
fizihirana,zihitra
fizihitra,zihitra
izihirana,zihitra
mahazihitra,zihitra
mampizihitra,zihitra
mizihitra,zihitra
mpizihitra,zihitra
tafazihitra,zihitra
voazihitra,zihitra
vozihitra,zihitra
zihirana,zihitra
zihirina,zihitra
azihizihy,zihizihy
fizihizihy,zihizihy
mizihizihy,zihizihy
anazimbana,zimba
azimba,zimba
fanazimba,zimba
fanazimbana,zimba
mahazimba,zimba
manazimba,zimba
mpanazimba,zimba
voazimba,zimba
zimbaina,zimba
zimbazimba,zimba
fanazimbazimbana,zimbazimba
manazimbazimba,zimbazimba
voazimbazimba,zimbazimba
zimbazimbaina,zimbazimba
mahazina,zina
anjingana,zinga
fanjinga,zinga
fanjingana,zinga
mahazinga,zinga
manjinga,zinga
mpanjinga,zinga
voazinga,zinga
zingaina,zinga
fiziniziniana,ziniziny
fiziniziny,ziniziny
iziniziniana,ziniziny
miziniziny,ziniziny
mpiziniziny,ziniziny
fizinjina,zinjina
fizinjinana,zinjina
izinjinana,zinjina
mizinjina,zinjina
mpizinjina,zinjina
manjioga,zioga
voazioga,zioga
ziogaina,zioga
fizionana,ziona
miziona,ziona
tafaziona,ziona
zionjiona,ziona
azionjiona,zionjiona
fizionjiona,zionjiona
fizionjionana,zionjiona
izionjionana,zionjiona
mizionjiona,zionjiona
tafazionjiona,zionjiona
fizipo,zipo
fizipoana,zipo
izipoana,zipo
mahazipo,zipo
mizipo,zipo
mpizipo,zipo
zazirika,zirika
aziriziry,ziriziry
fiziriziriana,ziriziry
fiziriziry,ziriziry
iziriziriana,ziriziry
mahaziriziry,ziriziry
miziriziry,ziriziry
mpiziriziry,ziriziry
tafaziriziry,ziriziry
fiziva,ziva
fizivana,ziva
mifampiziva,ziva
miziva,ziva
mpifampiziva,ziva
mpiziva,ziva
fanjò,zo
fizoina,zo
fozoina,zo
manjò,zo
mpanjò,zo
zoina,zo
hazoboana,zobo
mpizobo,zobo
mizoboky,zoboky
manjohizohy,zohizohy
mifanjohizohy,zohizohy
anjohiana,zohy
fanjohiana,zohy
fanjohy,zohy
fifanjohina,zohy
fizohy,zohy
mahazohy,zohy
manjohy,zohy
mifanjohy,zohy
mpanjohy,zohy
voazohy,zohy
zinohy,zohy
zohina,zohy
zohizohy,zohy
anjojorana,zojotra
azojotra,zojotra
fanjojorana,zojotra
fanjojotra,zojotra
mahazojotra,zojotra
manjojotra,zojotra
mitozojotra,zojotra
mpanjojotra,zojotra
voazojotra,zojotra
zojofina,zojotra
zojorina,zojotra
fahazokiana,zoky
fizokiana,zoky
fizongozongo,zongozongo
fizongozongoana,zongozongo
izongozongoana,zongozongo
mahazongozongo,zongozongo
mizongozongo,zongozongo
mpizongozongo,zongozongo
fanjoroana,zoro
hazoto,zoto
ampahazotoana,zoto
ampahazotoina,zoto
fahazotoana,zoto
hazotoana,zoto
mahazoto,zoto
mampahazoto,zoto
mazoto,zoto
zotozoto,zoto
azotra,zotra
fizorana,zotra
fizotra,zotra
izorana,zotra
mahazotra,zotra
mizotra,zotra
mpanjotra,zotra
mpizotra,zotra
tafazotra,zotra
zofina,zotra
zojotra,zotra
zorina,zotra
mizotry,zotry
zovina,zovy
zozozozo,zozo
tanjozotra,zozotra
fizozozozo,zozozozo
fizozozozoana,zozozozo
izozozozoana,zozozozo
mizozozozo,zozozozo
abily,abily
abo,abo
abobo,abobo
abony,abony
abosy,abosy
aby,aby
ada,ada
adala,adala
adana,adana
adary,adary
adina,adina
adisy,adisy
ado,ado
adokadoka,adokadoka
adonadona,adonadona
adra,adra
adrao,adrao
ady,ady
afa,afa
afaka,afaka
afake,afake
afana,afana
afera,afera
afo,afo
afokafoka,afokafoka
afona,afona
afonafona,afonafona
afovoany,afovoany
afy,afy
ahana,ahana
ahe,ahe
aho,aho
ahoana,ahoana
aholo,aholo
ahona,ahona
ahotra,ahotra
ahy,ahy
aika,aika
aiky,aiky
aina,aina
ainga,ainga
aingiaingy,aingiaingy
ainginaingina,ainginaingina
aingitra,aingitra
airaña,airaña
aisotra,aisotra
aito,aito
aivana,aivana
aivoka,aivoka
aiza,aiza
aizana,aizana
aizy,aizy
ajima,ajima
ajo,ajo
ajokajoka,ajokajoka
aka,aka
akaiky,akaiky
akalana,akalana
akanga,akanga
akanjo,akanjo
akany,akany
akatra,akatra
akatry,akatry
akatse,akatse
akañy,akañy
ake,ake
akeky,akeky
akenje,akenje
akisa,akisa
ako,ako
akofa,akofa
akora,akora
akoriasa,akoriasa
akotra,akotra
akotso,akotso
akà,akà
ala,ala
aladitra,aladitra
alahelo,alahelo
alaka,alaka
alakamo,alakamo
alakasy,alakasy
alalana,alalana
alanalana,alanalana
alaotra,alaotra
ale,ale
alika,alika
alimbolo,alimbolo
alina,alina
alo,alo
aloke,aloke
alona,alona
alotra,alotra
alotry,alotry
amalona,amalona
amanamana,amanamana
amany,amany
amato,amato
ambaka,ambaka
ambakambaka,ambakambaka
ambala,ambala
ambana,ambana
ambane,ambane
ambany,ambany
ambara,ambara
ambaraka,ambaraka
ambatra,ambatra
ambe,ambe
ambia,ambia
ambina,ambina
ambo,ambo
amboa,amboa
ambolo,ambolo
ambony,ambony
ambosy,ambosy
amboze,amboze
amby,amby
ambàka,ambàka
amitramy,amitramy
amoke,amoke
ampaingo,ampaingo
ampala,ampala
ampaly,ampaly
ampanampana,ampanampana
ampanga,ampanga
ampangalainga,ampangalainga
ampango,ampango
ampangoro,ampangoro
ampatra,ampatra
ampatse,ampatse
ampe,ampe
ampela,ampela
ampify,ampify
ampirina,ampirina
ampitra,ampitra
ampoasa,ampoasa
ampoka,ampoka
ampombo,ampombo
amponga,amponga
ampy,ampy
amy,amy
ana,ana
anadahy,anadahy
anaka,anaka
anakandro,anakandro
anakavy,anakavy
anake,anake
anaky,anaky
anana,anana
anatra,anatra
anatse,anatse
andala,andala
andevo,andevo
ando,ando
andra,andra
andraka,andraka
andrana,andrana
andranandrana,andranandrana
andrandra,andrandra
andrefana,andrefana
andrendry,andrendry
andrina,andrina
andro,andro
androka,androka
androngo,androngo
androvo,androvo
andry,andry
anga,anga
angafo,angafo
angaha,angaha
angaly,angaly
angamba,angamba
angana,angana
anganga,anganga
angano,angano
angatra,angatra
angavy,angavy
angazy,angazy
angefa,angefa
angelongelona,angelongelona
angely,angely
angentsana,angentsana
angeso,angeso
angiangy,angiangy
angitrangitra,angitrangitra
ango,ango
angoaiña,angoaiña
angoango,angoango
angola,angola
angoly,angoly
angona,angona
angongo,angongo
angontsina,angontsina
angosoly,angosoly
angoty,angoty
angoze,angoze
angy,angy
aniana,aniana
aniany,aniany
anika,anika
anike,anike
anja,anja
anjady,anjady
anjaingy,anjaingy
anjaka,anjaka
anjake,anjake
anjana,anjana
anjano,anjano
anjara,anjara
anje,anje
anjefa,anjefa
anjo,anjo
anjoana,anjoana
anjona,anjona
anjoro,anjoro
ankane,ankane
ankany,ankany
anke,anke
ankenjy,ankenjy
ankina,ankina
anko,anko
ankolatra,ankolatra
anky,anky
ano,ano
anoano,anoano
anoka,anoka
anona,anona
anonanona,anonanona
anotra,anotra
antaha,antaha
antanona,antanona
antara,antara
antefa,antefa
antehitra,antehitra
antena,antena
antetse,antetse
antika,antika
antima,antima
antimo,antimo
antinana,antinana
antitra,antitra
antoana,antoana
antoandro,antoandro
antody,antody
antoka,antoka
antoke,antoke
antra,antra
antsa,antsa
antsafa,antsafa
antsaky,antsaky
antsaly,antsaly
antsambo,antsambo
antsanga,antsanga
antsangory,antsangory
antsantsa,antsantsa
antsavy,antsavy
antso,antso
antsody,antsody
antsohara,antsohara
antsona,antsona
antsonantsoña,antsonantsoña
antsontsana,antsontsana
antsoro,antsoro
antsorona,antsorona
antsory,antsory
any,any
ao,ao
aody,aody
aole,aole
aoriana,aoriana
apana,apana
ara,ara
arahaba,arahaba
araka,araka
arakaly,arakaly
arake,arake
are,are
arery,arery
aria,aria
arike,arike
arina,arina
arira,arira
aritra,aritra
arivo,arivo
aro,aro
aroa,aroa
aroy,aroy
ary,ary
asa,asa
asaha,asaha
asidra,asidra
asy,asy
atatra,atatra
atiaty,atiaty
atikatika,atikatika
atike,atike
atitra,atitra
atitse,atitse
ato,ato
atoa,atoa
atoka,atoka
atoly,atoly
atoy,atoy
atra,atra
atrana,atrana
atrika,atrika
atsa,atsa
atse,atse
atsike,atsike
atsimo,atsimo
atsinanana,atsinanana
atsy,atsy
aty,aty
ava,ava
avaka,avaka
avake,avake
avaratra,avaratra
avaratse,avaratse
ave,ave
avina,avina
avo,avo
avoana,avoana
avoko,avoko
avosa,avosa
avotra,avotra
avotry,avotry
avotse,avotse
avy,avy
ay,ay
azary,azary
azo,azo
ba,ba
baba,baba
babababa,babababa
babaka,babaka
babarà,babarà
babe,babe
babo,babo
baboka,baboka
baboke,baboke
baby,baby
bada,bada
badenina,badenina
badiaka,badiaka
bado,bado
badony,badony
bae,bae
bafoka,bafoka
baha,baha
bahana,bahana
bahary,bahary
bahimo,bahimo
baibay,baibay
baika,baika
baiko,baiko
bailoka,bailoka
baingo,baingo
baingobaingo,baingobaingo
baingoka,baingoka
baka,baka
bakazina,bakazina
bako,bako
bakora,bakora
bakoraka,bakoraka
bala,bala
balalaka,balalaka
balangony,balangony
baliaka,baliaka
balihaoke,balihaoke
balita,balita
baloa,baloa
bamby,bamby
bana,bana
bandrina,bandrina
banga,banga
bango,bango
bangoana,bangoana
banjina,banjina
banty,banty
banàka,banàka
bara,bara
barabadebake,barabadebake
barabay,barabay
barada,barada
baradaka,baradaka
baraingo,baraingo
baraka,baraka
barakaika,barakaika
barake,barake
baranahiny,baranahiny
barara,barara
bararaka,bararaka
barareoka,barareoka
baratsaike,baratsaike
barazy,barazy
barera,barera
bareraka,bareraka
bary,bary
basy,basy
bata,bata
batisa,batisa
batraka,batraka
batry,batry
baty,baty
bay,bay
bazabaza,bazabaza
baña,baña
be,be
bebaka,bebaka
bebake,bebake
bebobeboka,bebobeboka
beboka,beboka
beda,beda
bedabeda,bedabeda
bedika,bedika
bedy,bedy
behana,behana
beko,beko
belaka,belaka
bena,bena
bengobengo,bengobengo
beobeoka,beobeoka
beroberoka,beroberoka
beroka,beroka
beta,beta
betroka,betroka
betsaka,betsaka
bevohoka,bevohoka
biana,biana
bibaka,bibaka
biby,biby
bidabida,bidabida
bidibidy,bidibidy
bifona,bifona
biha,biha
bija,bija
bika,bika
biko,biko
bila,bila
bilaka,bilaka
bilaotra,bilaotra
bina,bina
bingo,bingo
bira,bira
biribiry,biribiry
birioka,birioka
biririoka,biririoka
bisike,bisike
bisioka,bisioka
bitabita,bitabita
bitaka,bitaka
bitika,bitika
bitotse,bitotse
bitsika,bitsika
bitsoka,bitsoka
bitsoke,bitsoke
bizizioka,bizizioka
bo,bo
boada,boada
boadaka,boadaka
boadiboadika,boadiboadika
boafa,boafa
boake,boake
boaky,boaky
boalaboala,boalaboala
boana,boana
boatsike,boatsike
boba,boba
bobaka,bobaka
bobana,bobana
bobo,bobo
bobobobo,bobobobo
boboka,boboka
boboke,boboke
boda,boda
bodika,bodika
bodo,bodo
bodobodo,bodobodo
boedika,boedika
boerika,boerika
bofaka,bofaka
bofoka,bofoka
bofona,bofona
bofotra,bofotra
boha,boha
bohaka,bohaka
bohea,bohea
bohia,bohia
bohihy,bohihy
bohika,bohika
bohitra,bohitra
boho,boho
bohy,bohy
boika,boika
boitra,boitra
boka,boka
bokana,bokana
boke,boke
bokeoke,bokeoke
bokimake,bokimake
bokinake,bokinake
bokitra,bokitra
bokitsike,bokitsike
boko,boko
bolaly,bolaly
bolana,bolana
bolangina,bolangina
bolasitra,bolasitra
bole,bole
boletaleta,boletaleta
boliaka,boliaka
bolidy,bolidy
bolila,bolila
bolisatra,bolisatra
bolisatse,bolisatse
bolobolo,bolobolo
bolofotra,bolofotra
bomba,bomba
bonabona,bonabona
bonaika,bonaika
bonaka,bonaka
bonake,bonake
bonanaka,bonanaka
boneka,boneka
bonenika,bonenika
bonga,bonga
bongina,bongina
bongo,bongo
bonibonika,bonibonika
bonibony,bonibony
bonika,bonika
bonitse,bonitse
bonobono,bonobono
bonobonoky,bonobonoky
bonoka,bonoka
bononoka,bononoka
bontaka,bontaka
bontana,bontana
bontolo,bontolo
bontsina,bontsina
borabora,borabora
borafotse,borafotse
boraka,boraka
borataka,borataka
boratsake,boratsake
borea,borea
boredika,boredika
borera,borera
boreraka,boreraka
boresa,boresa
boriaka,boriaka
borike,borike
boritra,boritra
boritsaka,boritsaka
boroaka,boroaka
boroake,boroake
borobaka,borobaka
borona,borona
bororoaka,bororoaka
borosy,borosy
bory,bory
bosasaka,bosasaka
boseke,boseke
bosika,bosika
bosike,bosike
boso,boso
bosy,bosy
bota,bota
botanaka,botanaka
botataka,botataka
botetaka,botetaka
botitaka,botitaka
botitike,botitike
botititse,botititse
botitry,botitry
botra,botra
botrefona,botrefona
botretra,botretra
botry,botry
botsibotsy,botsibotsy
botsike,botsike
botsy,botsy
boty,boty
bove,bove
bozeka,bozeka
bozika,bozika
bozy,bozy
boña,boña
bôty,bôty
da,da
daba,daba
dababaka,dababaka
dabadoa,dabadoa
dabaka,dabaka
dabebaka,dabebaka
daboboka,daboboka
dabofoka,dabofoka
daboka,daboka
daboke,daboke
dada,dada
dadaboka,dadaboka
dadadada,dadadada
dadaka,dadaka
dadasika,dadasika
dadenake,dadenake
dadina,dadina
dady,dady
daholo,daholo
daika,daika
daina,daina
daindaina,daindaina
daingidaingy,daingidaingy
daka,daka
dakotra,dakotra
dalaboboka,dalaboboka
dalao,dalao
danadana,danadana
dananaka,dananaka
danesaka,danesaka
danga,danga
dangana,dangana
dangitse,dangitse
dango,dango
danidany,danidany
danika,danika
danina,danina
danoka,danoka
dao,dao
daondaona,daondaona
dararaka,dararaka
dare,dare
daridary,daridary
daroba,daroba
daroka,daroka
darona,darona
daroroka,daroroka
dary,dary
dasidasy,dasidasy
day,day
debaka,debaka
deboka,deboka
deboke,deboke
deboky,deboky
deda,deda
dedaka,dedaka
dedika,dedika
defotse,defotse
dehadeha,dehadeha
dehandehana,dehandehana
dehedehe,dehedehe
deka,deka
deko,deko
delira,delira
demba,demba
dembana,dembana
dempa,dempa
dera,dera
dero,dero
deroderoka,deroderoka
derona,derona
deronderona,deronderona
deso,deso
deza,deza
dia,dia
diandiana,diandiana
dibadiba,dibadiba
dibaka,dibaka
dibidiby,dibidiby
diboka,diboka
diby,diby
didery,didery
didike,didike
diditra,diditra
didy,didy
difika,difika
difotra,difotra
dify,dify
dihindihina,dihindihina
dihy,dihy
dika,dika
dikatra,dikatra
dikitra,dikitra
diky,diky
diladila,diladila
dilana,dilana
dilatra,dilatra
dilo,dilo
dilotra,dilotra
dima,dima
dimampolo,dimampolo
dimbana,dimbana
dimby,dimby
dimy,dimy
dina,dina
dinadina,dinadina
dindina,dindina
dinga,dinga
dingana,dingana
dingidingy,dingidingy
dingina,dingina
dinike,dinike
dinitra,dinitra
diny,diny
dio,dio
diro,diro
diry,diry
disa,disa
disaka,disaka
diso,diso
disoke,disoke
ditra,ditra
ditsaka,ditsaka
ditsika,ditsika
ditsoka,ditsoka
dity,dity
diva,diva
dizidizy,dizidizy
diñy,diñy
doadoa,doadoa
doaka,doaka
doana,doana
dobebaka,dobebaka
dobibika,dobibika
dobo,dobo
doboka,doboka
doboke,doboke
doby,doby
doda,doda
dodibika,dodibika
dodo,dodo
dodoka,dodoka
dodona,dodona
dofaka,dofaka
dofitra,dofitra
dofotra,dofotra
dofotse,dofotse
dohadoha,dohadoha
dohaka,dohaka
doka,doka
dokola,dokola
dokoroka,dokoroka
dola,dola
domba,domba
dombo,dombo
domelina,domelina
domo,domo
domoño,domoño
dona,dona
donaka,donaka
donanaka,donanaka
donda,donda
donendrina,donendrina
donga,donga
dongaingy,dongaingy
dongo,dongo
dongy,dongy
donika,donika
donto,donto
dora,dora
doraraka,doraraka
doro,doro
doroboka,doroboka
doroboke,doroboke
doroka,doroka
doroke,doroke
dory,dory
dosika,dosika
doso,doso
dotra,dotra
dovy,dovy
dradra,dradra
dradradradra,dradradradra
dradraka,dradraka
drafana,drafana
draho,draho
draiko,draiko
drakadraka,drakadraka
drakaka,drakaka
drako,drako
dredridredry,dredridredry
dredro,dredro
dreho,dreho
driaka,driaka
dridra,dridra
dridridridry,dridridridry
dridrodridro,dridrodridro
dridroka,dridroka
drikina,drikina
drodroka,drodroka
drokidroky,drokidroky
dronadrona,dronadrona
dy,dy
ebana,ebana
ebo,ebo
ebotse,ebotse
eda,eda
ede,ede
edikedika,edikedika
ediky,ediky
edinedina,edinedina
efa,efa
efapolo,efapolo
efatra,efatra
efitra,efitra
efo,efo
efoka,efoka
efona,efona
ehaka,ehaka
ehana,ehana
ehoeho,ehoeho
eja,eja
ejoke,ejoke
eka,eka
eke,eke
eky,eky
ela,ela
elaka,elaka
elakekalaka,elakekalaka
elana,elana
elanela,elanela
elatra,elatra
ele,ele
elengele,elengele
elo,elo
elonelo,elonelo
ely,ely
embaña,embaña
embike,embike
emboka,emboka
emboke,emboke
embona,embona
emonemona,emonemona
emotse,emotse
empaempa,empaempa
empaka,empaka
empakempaka,empakempaka
empempa,empempa
empo,empo
empoka,empoka
emponempona,emponempona
ena,ena
enatse,enatse
endaka,endaka
endake,endake
enday,enday
ende,ende
endrika,endrika
endriky,endriky
endrina,endrina
endrinendrina,endrinendrina
endrotse,endrotse
endy,endy
ene,ene
enga,enga
eniky,eniky
enina,enina
enjake,enjake
enjeke,enjeke
enjika,enjika
enjike,enjike
enjina,enjina
eno,eno
entana,entana
ente,ente
entetse,entetse
entsake,entsake
enty,enty
eny,eny
eo,eo
epaky,epaky
epoka,epoka
epoke,epoke
era,era
eretseretse,eretseretse
ereñereñe,ereñereñe
erika,erika
erike,erike
eriky,eriky
erina,erina
eritra,eritra
eritse,eritse
ero,ero
eroa,eroa
erona,erona
erotra,erotra
erotse,erotse
eroy,eroy
ery,ery
erỳ,erỳ
esana,esana
ese,ese
esiesy,esiesy
esikesika,esikesika
esina,esina
eso,eso
esona,esona
esotra,esotra
etake,etake
etaketaka,etaketaka
etiketika,etiketika
eto,eto
etoka,etoka
etona,etona
etra,etra
etraka,etraka
etro,etro
etry,etry
etsaka,etsaka
etse,etse
etsiky,etsiky
etsy,etsy
ety,ety
eva,eva
evanevana,evanevana
evina,evina
evo,evo
evoka,evoka
evoke,evoke
evotra,evotra
evotse,evotse
ezaka,ezaka
ezake,ezake
ezanezana,ezanezana
ezeneze,ezeneze
ezinezina,ezinezina
ezoezo,ezoezo
eñy,eñy
fadiranovana,fadiranovana
faditra,faditra
fady,fady
fafa,fafa
fafatra,fafatra
fafatry,fafatry
fafy,fafy
faha,faha
fahana,fahana
fahatra,fahatra
fahirano,fahirano
fahirata,fahirata
fahitra,fahitra
faho,faho
fahy,fahy
faifay,faifay
faika,faika
faingana,faingana
faingoka,faingoka
faitra,faitra
faitse,faitse
fako,fako
faky,faky
falalaka,falalaka
falana,falana
falapala,falapala
fale,fale
falihavanja,falihavanja
falo,falo
faly,faly
fama,fama
famanga,famanga
fambokonana,fambokonana
fana,fana
fanahaky,fanahaky
fanaoka,fanaoka
fandraka,fandraka
fandrika,fandrika
fane,fane
fanga,fanga
fangitra,fangitra
fangoka,fangoka
fangotra,fangotra
fanina,fanina
fanja,fanja
fanjake,fanjake
fanjana,fanjana
fanjike,fanjike
fanjo,fanjo
fanta,fanta
fantaka,fantaka
fantatra,fantatra
fantatse,fantatse
fantina,fantina
fanto,fanto
fantoka,fantoka
fantoke,fantoke
fantsana,fantsana
fantsika,fantsika
fantsike,fantsike
fantsitsitra,fantsitsitra
fantsona,fantsona
fantsy,fantsy
faobe,faobe
faoka,faoka
faoke,faoke
fara,fara
farafara,farafara
faraha,faraha
farahy,farahy
faraingo,faraingo
faraka,faraka
farake,farake
farango,farango
farara,farara
fararemotra,fararemotra
faratra,faratra
faratsaka,faratsaka
farejo,farejo
farifary,farifary
farina,farina
faritra,faritra
faritse,faritse
faroratra,faroratra
fary,fary
fasana,fasana
fasika,fasika
fasina,fasina
fatana,fatana
fate,fate
fatitra,fatitra
fatitse,fatitse
fatotra,fatotra
fatra,fatra
fatrana,fatrana
fatratra,fatratra
fatro,fatro
fatry,fatry
fatsafatsa,fatsafatsa
fatsake,fatsake
fatsifatsy,fatsifatsy
faty,faty
fay,fay
fefika,fefika
fefiky,fefiky
fefy,fefy
fehe,fehe
fehy,fehy
feja,feja
"fejafeja""","fejafeja"""
felaka,felaka
felampelana,felampelana
felana,felana
felika,felika
felipeliky,felipeliky
femba,femba
fempina,fempina
fempy,fempy
fena,fena
fendrofendro,fendrofendro
fendrotra,fendrotra
fengana,fengana
fengoke,fengoke
fenja,fenja
fenjake,fenjake
feno,feno
fente,fente
fentsahona,fentsahona
fenty,fenty
feny,feny
feo,feo
feofeo,feofeo
fepy,fepy
fere,fere
ferifery,ferifery
ferinaina,ferinaina
fery,fery
fesana,fesana
feta,feta
fetaka,fetaka
fetika,fetika
fetoka,fetoka
fetra,fetra
fetrika,fetrika
fetsa,fetsa
fetsaka,fetsaka
fetse,fetse
fetsy,fetsy
fezafeza,fezafeza
fezafezaka,fezafezaka
fezaka,fezaka
fia,fia
fiaka,fiaka
fiangetsanana,fiangetsanana
fidy,fidy
fify,fify
fihifihy,fihifihy
fihina,fihina
fihitra,fihitra
fihy,fihy
filafila,filafila
filatse,filatse
filo,filo
filotra,filotra
fily,fily
fina,fina
findra,findra
finga,finga
fingana,fingana
fingotra,fingotra
finja,finja
finjifinjy,finjifinjy
fintana,fintana
finto,finto
fintsana,fintsana
finty,finty
fioka,fioka
fioke,fioke
fira,fira
firatra,firatra
firatse,firatse
fiririotse,fiririotse
firy,firy
fisaka,fisaka
fisake,fisake
fitaka,fitaka
fitake,fitake
fito,fito
fitra,fitra
fitse,fitse
fizofizo,fizofizo
fo,fo
foa,foa
foaba,foaba
foaka,foaka
foana,foana
foay,foay
foe,foe
fofo,fofo
fofofofo,fofofofo
fofoka,fofoka
fofoke,fofoke
fofona,fofona
fofotra,fofotra
foha,foha
fohatra,fohatra
fohe,fohe
fohehatra,fohehatra
fohy,fohy
foina,foina
foitra,foitra
foka,foka
fokatra,fokatra
foke,foke
fokeky,fokeky
fokofoko,fokofoko
folaka,folaka
folake,folake
folentsake,folentsake
folo,folo
fololotra,fololotra
folona,folona
folotra,folotra
foly,foly
fomba,fomba
fombo,fombo
fompotra,fompotra
fona,fona
fonaka,fonaka
fondrana,fondrana
fondro,fondro
fondrofondro,fondrofondro
fonga,fonga
fongana,fongana
fongatra,fongatra
fongo,fongo
fongofongo,fongofongo
fongotra,fongotra
fonitra,fonitra
fonitse,fonitse
fonja,fonja
fonjafonja,fonjafonja
fonjo,fonjo
fono,fono
fonoka,fonoka
fonta,fonta
fontina,fontina
fontroaka,fontroaka
fonty,fonty
fora,fora
forankana,forankana
forara,forara
foratra,foratra
forengoke,forengoke
foretaka,foretaka
foretse,foretse
forifotra,forifotra
foritra,foritra
foro,foro
forofatra,forofatra
foroforo,foroforo
forokoko,forokoko
forona,forona
fosa,fosa
fosafosa,fosafosa
fositra,fositra
fositry,fositry
fosy,fosy
fotafota,fotafota
fotaka,fotaka
fotana,fotana
fotetaka,fotetaka
fotetse,fotetse
fotina,fotina
fotitra,fotitra
fotoana,fotoana
fotofoto,fotofoto
fotoke,fotoke
fototra,fototra
fototry,fototry
fototse,fototse
fotraka,fotraka
fotroaka,fotroaka
fotse,fotse
fotsy,fotsy
foy,foy
foza,foza
fy,fy
gabaka,gabaka
gaboka,gaboka
gadra,gadra
gadragadra,gadragadra
gadraka,gadraka
gaga,gaga
gagagaga,gagagaga
gago,gago
gaigy,gaigy
gaika,gaika
gaina,gaina
gaja,gaja
gaka,gaka
galabina,galabina
galagala,galagala
galona,galona
gana,gana
ganagana,ganagana
gaona,gaona
garada,garada
garareoke,garareoke
gararo,gararo
gararàna,gararàna
garasy,garasy
garay,garay
garera,garera
gasy,gasy
gavo,gavo
geboka,geboka
geda,geda
gedra,gedra
gedrogedro,gedrogedro
gege,gege
gegoke,gegoke
gegy,gegy
gehy,gehy
geja,geja
geka,geka
gena,gena
gera,gera
gia,gia
giaka,giaka
gidagida,gidagida
gidro,gidro
giga,giga
gigigigy,gigigigy
gigika,gigika
gigy,gigy
gike,gike
gina,gina
gininike,gininike
gio,gio
gioka,gioka
girigirika,girigirika
giririoka,giririoka
gisa,gisa
goa,goa
goana,goana
goangoa,goangoa
goay,goay
goboka,goboka
gobona,gobona
godana,godana
godogodoky,godogodoky
godra,godra
godrika,godrika
goeka,goeka
gogo,gogo
goika,goika
goka,goka
goleda,goleda
golobana,golobana
golodo,golodo
gona,gona
gonagona,gonagona
gonigony,gonigony
gora,gora
goraba,goraba
gorabaka,gorabaka
goraidraika,goraidraika
gorampa,gorampa
gorana,gorana
goraraika,goraraika
gorasy,gorasy
gorera,gorera
gorisa,gorisa
gorodana,gorodana
gororoana,gororoana
gororosy,gororosy
haba,haba
habahaba,habahaba
habaka,habaka
haboke,haboke
hadino,hadino
hadona,hadona
hadotse,hadotse
hadra,hadra
hady,hady
hafa,hafa
hafatra,hafatra
hafatse,hafatse
hafo,hafo
hafoka,hafoka
hafokafo,hafokafo
hafotra,hafotra
haga,haga
hagahaga,hagahaga
haha,haha
hahaka,hahaka
haho,haho
hahohaho,hahohaho
hahy,hahy
haihay,haihay
haika,haika
haikahaika,haikahaika
haikaika,haikaika
haina,haina
haingana,haingana
haingo,haingo
haingy,haingy
haino,haino
haitantara,haitantara
haitra,haitra
haja,haja
hajare,hajare
hajary,hajary
hajo,hajo
hakaka,hakaka
hake,hake
hako,hako
hala,hala
halahala,halahala
halaka,halaka
halala,halala
halamanjana,halamanjana
halana,halana
halangalana,halangalana
halatra,halatra
halatse,halatse
hale,hale
halino,halino
halo,halo
halontralona,halontralona
halotra,halotra
halôtra,halôtra
hamba,hamba
hambo,hambo
hamina,hamina
hamo,hamo
hamoka,hamoka
hamomoka,hamomoka
hamory,hamory
hampitra,hampitra
hamy,hamy
hana,hana
hanaka,hanaka
hanankanana,hanankanana
handatra,handatra
handitra,handitra
handrina,handrina
handro,handro
handrona,handrona
handrotra,handrotra
hane,hane
hangitry,hangitry
hanihany,hanihany
hanitra,hanitra
hanitse,hanitse
hanja,hanja
hanjo,hanjo
hanohano,hanohano
hanta,hanta
hanto,hanto
hantona,hantona
hantoñe,hantoñe
hantsika,hantsika
hantsy,hantsy
hany,hany
hao,hao
haody,haody
haoka,haoka
haolo,haolo
haona,haona
haotra,haotra
haotry,haotry
haotse,haotse
hapakapaka,hapakapaka
hapintsana,hapintsana
hapoka,hapoka
hara,hara
haraby,haraby
harafana,harafana
harafesina,harafesina
haraka,haraka
haramaky,haramaky
harana,harana
harangarana,harangarana
hararaotra,hararaotra
hararaotse,hararaotse
hararetra,hararetra
hararo,hararo
harato,harato
haratra,haratra
haratry,haratry
haratsaka,haratsaka
haratse,haratse
hare,hare
harendrina,harendrina
harihary,harihary
harika,harika
harinarina,harinarina
haringarina,haringarina
haritra,haritra
hariva,hariva
harivolo,harivolo
haro,haro
haroka,haroka
haroke,haroke
harona,harona
harongana,harongana
hary,hary
hasihasy,hasihasy
hasina,hasina
haso,haso
hasohaso,hasohaso
hasy,hasy
hatahitra,hatahitra
hataka,hataka
hatake,hatake
hate,hate
hatikatika,hatikatika
hatina,hatina
hato,hato
hatoka,hatoka
hatona,hatona
hatra,hatra
hatraka,hatraka
hatrokatroka,hatrokatroka
hatry,hatry
hatsaka,hatsaka
hatsiaka,hatsiaka
hatsieky,hatsieky
hatsika,hatsika
hatsikana,hatsikana
hatsivo,hatsivo
hatso,hatso
hatsotso,hatsotso
hatsy,hatsy
haty,haty
havana,havana
havanana,havanana
havandra,havandra
havara,havara
havatra,havatra
havia,havia
havina,havina
havingavina,havingavina
havitra,havitra
havitravitra,havitravitra
havoka,havoka
havy,havy
hay,hay
haza,haza
hazaka,hazaka
hazakazaka,hazakazaka
hazana,hazana
hazary,hazary
hazihazy,hazihazy
hazingazina,hazingazina
hazingaziny,hazingaziny
hazo,hazo
hazona,hazona
hañahaña,hañahaña
heatse,heatse
hebaheba,hebaheba
hebaka,hebaka
hebikebika,hebikebika
hebinkebina,hebinkebina
hebintrebina,hebintrebina
heby,heby
hedrahedra,hedrahedra
hefahefa,hefahefa
hefake,hefake
hefakefaka,hefakefaka
hefaky,hefaky
hefikefika,hefikefika
hefina,hefina
hefohefo,hefohefo
hehaka,hehaka
hehe,hehe
hehitra,hehitra
hehy,hehy
heja,heja
hejaheja,hejaheja
heje,heje
hela,hela
helaka,helaka
helatra,helatra
helatse,helatse
helihely,helihely
helika,helika
heliketika,heliketika
heliketiky,heliketiky
heliky,heliky
helina,helina
helo,helo
heloka,heloka
heloke,heloke
hemahema,hemahema
hemana,hemana
hemba,hemba
hembahemba,hembahemba
hembana,hembana
hembitra,hembitra
hemo,hemo
hemotra,hemotra
hemotse,hemotse
hempa,hempa
hempina,hempina
hena,hena
henatra,henatra
henatse,henatse
hendrahendra,hendrahendra
hendratra,hendratra
hendrina,hendrina
hendry,hendry
heniheny,heniheny
henika,henika
henikenika,henikenika
heninkenina,heninkenina
henja,henja
henjana,henjana
henje,henje
henjy,henjy
heno,heno
hentana,hentana
hentitra,hentitra
hentohento,hentohento
hentona,hentona
hentse,hentse
hentsina,hentsina
henty,henty
heny,heny
heoka,heoka
heoke,heoke
herahera,herahera
herakeraka,herakeraka
here,here
hereke,hereke
herika,herika
heriketika,heriketika
herina,herina
heringerina,heringerina
herohero,herohero
heroka,heroka
herongerona,herongerona
herotra,herotra
hery,hery
hetaheta,hetaheta
hete,hete
hetotra,hetotra
hetotse,hetotse
hetra,hetra
hetrahetra,hetrahetra
hetraketraka,hetraketraka
hetraketraky,hetraketraky
hetrika,hetrika
hetrina,hetrina
hetsaka,hetsaka
hetse,hetse
hetseke,hetseke
hetsika,hetsika
hetsike,hetsike
hetsiketsiky,hetsiketsiky
hetsy,hetsy
hety,hety
heva,heva
hevingevina,hevingevina
hevitra,hevitra
hevitse,hevitse
hevo,hevo
hevy,hevy
heza,heza
hezaheza,hezaheza
hezo,hezo
hia,hia
hiaka,hiaka
hiboka,hiboka
hiboke,hiboke
hidy,hidy
hifika,hifika
hifiky,hifiky
hifotra,hifotra
hihitra,hihitra
hihitse,hihitse
hihy,hihy
hika,hika
hike,hike
hilana,hilana
hilika,hilika
hiliky,hiliky
hilohilo,hilohilo
hilontrilona,hilontrilona
hilotse,hilotse
hily,hily
himake,himake
himoka,himoka
himpa,himpa
himpona,himpona
himpy,himpy
hina,hina
hinaka,hinaka
hindalo,hindalo
hindrahindra,hindrahindra
hinjaka,hinjaka
hinjihinjy,hinjihinjy
hinjitra,hinjitra
hinjoke,hinjoke
hintsa,hintsa
hintsana,hintsana
hintsina,hintsina
hintsy,hintsy
hipoka,hipoka
hira,hira
hirana,hirana
hiratra,hiratra
hiratry,hiratry
hirifire,hirifire
hirifiry,hirifiry
hirihiry,hirihiry
hirika,hirika
hirike,hirike
hirina,hirina
hiry,hiry
hisa,hisa
hisatra,hisatra
hisina,hisina
hita,hita
hitakitaka,hitakitaka
hitika,hitika
hitikitike,hitikitike
hitoka,hitoka
hitrika,hitrika
hitsaka,hitsaka
hitsake,hitsake
hitsike,hitsike
hitsikitsika,hitsikitsika
hitsiky,hitsiky
hitsy,hitsy
hity,hity
hivina,hivina
hivoka,hivoka
hizihizy,hizihizy
hizina,hizina
hizitra,hizitra
hiziñy,hiziñy
hoa,hoa
hoaka,hoaka
hoalahoala,hoalahoala
hoatra,hoatra
hobaiña,hobaiña
hobaka,hobaka
hobana,hobana
hobohobo,hobohobo
hoby,hoby
hodahoda,hodahoda
hodidina,hodidina
hodidy,hodidy
hodina,hodina
hoditra,hoditra
hodivitra,hodivitra
hodrahodra,hodrahodra
hodrohodro,hodrohodro
hoesa,hoesa
hofa,hofa
hofaka,hofaka
hofe,hofe
hofoka,hofoka
hofy,hofy
hoga,hoga
hogo,hogo
hoha,hoha
hoho,hoho
hohoka,hohoka
hohoke,hohoke
hohona,hohona
hohy,hohy
hoika,hoika
hola,hola
holaitra,holaitra
holaky,holaky
holantrolana,holantrolana
holatra,holatra
holatse,holatse
holeleake,holeleake
holika,holika
holitse,holitse
holo,holo
holoka,holoka
hololoike,hololoike
holy,holy
homake,homake
homaranantsody,homaranantsody
homarantsody,homarantsody
hombo,hombo
hombona,hombona
homoka,homoka
homoke,homoke
homoky,homoky
homosy,homosy
hona,hona
honaka,honaka
honankonana,honankonana
hondrahondra,hondrahondra
hondratra,hondratra
hondrokondroka,hondrokondroka
hondry,hondry
honikonika,honikonika
honikonina,honikonina
honkona,honkona
hono,hono
honofy,honofy
hontihonty,hontihonty
hontoke,hontoke
hontsa,hontsa
hontsina,hontsina
hontsona,hontsona
hopaka,hopaka
horaka,horaka
horangorana,horangorana
horatsaka,horatsaka
horiaka,horiaka
horika,horika
horintsina,horintsina
horipika,horipika
horira,horira
horo,horo
horobo,horobo
horododo,horododo
horohoro,horohoro
horona,horona
horontsina,horontsina
horontsona,horontsona
hororoky,hororoky
horotsoka,horotsoka
horovitsika,horovitsika
horàka,horàka
hosa,hosa
hosiky,hosiky
hosina,hosina
hositra,hositra
hosoka,hosoka
hosoke,hosoke
hosotra,hosotra
hosotse,hosotse
hosy,hosy
hota,hota
hotakotaka,hotakotaka
hotana,hotana
hotika,hotika
hotikotiky,hotikotiky
hotiky,hotiky
hoto,hoto
hotraka,hotraka
hotro,hotro
hotroka,hotroka
hotsaka,hotsaka
hotsohotso,hotsohotso
hotsoka,hotsoka
hotsoke,hotsoke
hotsokotsoka,hotsokotsoka
hovihovy,hovihovy
hovitra,hovitra
hovotra,hovotra
hoy,hoy
hozana,hozana
hozangozana,hozangozana
hozatra,hozatra
hozo,hozo
hozohozo,hozohozo
hozona,hozona
hy,hy
ialahy,ialahy
iangy,iangy
iba,iba
idia,idia
idina,idina
iditra,iditra
ifatry,ifatry
ifikifike,ifikifike
ifitse,ifitse
ike,ike
ikotra,ikotra
ila,ila
ilambaha,ilambaha
ilika,ilika
ilitse,ilitse
ilo,ilo
ily,ily
imbo,imbo
imbona,imbona
ina,ina
inana,inana
indao,indao
inday,inday
indra,indra
indraikindrainky,indraikindrainky
indrana,indrana
indray,indray
indroy,indroy
indry,indry
inginingina,inginingina
ingitra,ingitra
inja,inja
inje,inje
ino,ino
inona,inona
inte,inte
inty,inty
iny,iny
io,io
ira,ira
iraka,iraka
irake,irake
iray,iray
irery,irery
iritra,iritra
iroa,iroa
iroana,iroana
irotra,irotra
iry,iry
isa,isa
isake,isake
isalahy,isalahy
ise,ise
isina,isina
isitra,isitra
iso,iso
isy,isy
ita,ita
itatra,itatra
itena,itena
ito,ito
itony,itony
itsia,itsia
itso,itso
itsy,itsy
ity,ity
iva,iva
ivaka,ivaka
ivo,ivo
ivy,ivy
izaho,izaho
izina,izina
iziñy,iziñy
jaba,jaba
jabaka,jabaka
jabely,jabely
jabo,jabo
jadina,jadina
jadona,jadona
jafa,jafa
jahidy,jahidy
jaiko,jaiko
jaingy,jaingy
jaja,jaja
jajaka,jajaka
jajirika,jajirika
jaka,jaka
jakake,jakake
jako,jako
jakoko,jakoko
jakoretra,jakoretra
jalajala,jalajala
jale,jale
jaly,jaly
jamala,jamala
jamba,jamba
jamoka,jamoka
jananaika,jananaika
jananaka,jananaka
janga,janga
jangaholo,jangaholo
jangobo,jangobo
jangy,jangy
janjana,janjana
janje,janje
jano,jano
janona,janona
jany,jany
jao,jao
japy,japy
jaridina,jaridina
jarika,jarika
java,java
jay,jay
jebe,jebe
jebijeby,jebijeby
jeby,jeby
jedaka,jedaka
jedana,jedana
jefa,jefa
jefy,jefy
jeho,jeho
jeja,jeja
jejaka,jejaka
jejo,jejo
jejy,jejy
jeky,jeky
jelaka,jelaka
jelatra,jelatra
jemby,jemby
jenitra,jenitra
jenje,jenje
jenjina,jenjina
jere,jere
jery,jery
jeter,jeter
jetsy,jetsy
jeñoky,jeñoky
jia,jia
jiake,jiake
jiatse,jiatse
jidina,jidina
jifa,jifa
jihina,jihina
jihinjihina,jihinjihina
jihy,jihy
jijijijy,jijijijy
jijy,jijy
jike,jike
jila,jila
jilatra,jilatra
jilo,jilo
jingy,jingy
jinika,jinika
jininika,jininika
jinja,jinja
jiny,jiny
jio,jio
jiotse,jiotse
jirajira,jirajira
jirika,jirika
joaka,joaka
joala,joala
jobo,jobo
jobona,jobona
jofo,jofo
johary,johary
johy,johy
jojo,jojo
jokaiky,jokaiky
jokajoka,jokajoka
joko,joko
jokoke,jokoke
jolo,jolo
joloka,joloka
jolonjolona,jolonjolona
jombona,jombona
jomo,jomo
jomotra,jomotra
jomòka,jomòka
jonetra,jonetra
jongijongy,jongijongy
jongojongo,jongojongo
jongy,jongy
jonina,jonina
jonitra,jonitra
jonjona,jonjona
jono,jono
jonoke,jonoke
jononoka,jononoka
jony,jony
jopelaka,jopelaka
jopelana,jopelana
jopiaka,jopiaka
jorefo,jorefo
joretra,joretra
joro,joro
josy,josy
joy,joy
jy,jy
kabaka,kabaka
kabaro,kabaro
kabary,kabary
kaboke,kaboke
kadaha,kadaha
kady,kady
kafana,kafana
kafara,kafara
kafira,kafira
kafiry,kafiry
kafitse,kafitse
kaforo,kaforo
kahana,kahana
kahonkahona,kahonkahona
kaika,kaika
kaikitra,kaikitra
kaiky,kaiky
kainkona,kainkona
kajakaja,kajakaja
kajy,kajy
kaka,kaka
kakàka,kakàka
kalamina,kalamina
kaleva,kaleva
kalo,kalo
kaly,kaly
kama,kama
kambana,kambana
kambo,kambo
kamo,kamo
kanda,kanda
kandrakandra,kandrakandra
kandrana,kandrana
kandy,kandy
kanikany,kanikany
kanina,kanina
kanja,kanja
kanjo,kanjo
kanjy,kanjy
kankana,kankana
kanonkanona,kanonkanona
kanto,kanto
kantsana,kantsana
kantsona,kantsona
kaody,kaody
kaoka,kaoka
kaoke,kaoke
kaona,kaona
kaonkaona,kaonkaona
kaonty,kaonty
kapa,kapa
kapaike,kapaike
kapake,kapake
kapaoty,kapaoty
kapetoke,kapetoke
kapike,kapike
kapily,kapily
kapoake,kapoake
kapoka,kapoka
kapoke,kapoke
kapy,kapy
kara,kara
karaboka,karaboka
karaingo,karaingo
karainkona,karainkona
karaka,karaka
karakadisake,karakadisake
karakara,karakara
karama,karama
karantsana,karantsana
karaoka,karaoka
karapaky,karapaky
kararana,kararana
karatake,karatake
karatona,karatona
karatsake,karatsake
karavasy,karavasy
karenatse,karenatse
karenjy,karenjy
karepoke,karepoke
karetsaka,karetsaka
karikarike,karikarike
karioke,karioke
karoka,karoka
kasa,kasa
kasaoka,kasaoka
kasika,kasika
kasike,kasike
kasikety,kasikety
kasoka,kasoka
kasy,kasy
katita,katita
katoke,katoke
katona,katona
katrafaina,katrafaina
katrafay,katrafay
katraka,katraka
katraoka,katraoka
katroka,katroka
katroky,katroky
katsaka,katsaka
katsamo,katsamo
katsanake,katsanake
katsaoka,katsaoka
katsapoke,katsapoke
katseke,katseke
katsike,katsike
katso,katso
katsoke,katsoke
katsovoke,katsovoke
kavina,kavina
kavitse,kavitse
kebaka,kebaka
kebakebaka,kebakebaka
kebona,kebona
kefika,kefika
kefona,kefona
kehaka,kehaka
kehana,kehana
kehenkehe,kehenkehe
kehina,kehina
kejo,kejo
kekitra,kekitra
keky,keky
kele,kele
kelena,kelena
kely,kely
kema,kema
kemo,kemo
kenakena,kenakena
kenda,kenda
kendry,kendry
keninkenina,keninkenina
kenje,kenje
kenona,kenona
kentrona,kentrona
kentso,kentso
kentsona,kentsona
keo,keo
keokeoka,keokeoka
kepakepaka,kepakepaka
kepika,kepika
kepoka,kepoka
kepoke,kepoke
kepoky,kepoky
kera,kera
kerotra,kerotra
kesokesoka,kesokesoka
kesona,kesona
ketaketa,ketaketa
ketoka,ketoka
ketoke,ketoke
ketraka,ketraka
ketrika,ketrika
ketrina,ketrina
ketroky,ketroky
ketrona,ketrona
ketsa,ketsa
ketsake,ketsake
ketseke,ketseke
ketsika,ketsika
ketso,ketso
kevoka,kevoka
kezaka,kezaka
kiaka,kiaka
kiana,kiana
kianja,kianja
kiany,kiany
kibo,kibo
kiboka,kiboka
kibontana,kibontana
kidiky,kidiky
kidingy,kidingy
kidona,kidona
kifaka,kifaka
kifakifa,kifakifa
kifika,kifika
kifina,kifina
kiho,kiho
kija,kija
kike,kike
kikikiky,kikikiky
kikitra,kikitra
kiky,kiky
kila,kila
kilakila,kilakila
kilambolambo,kilambolambo
kilema,kilema
kilio,kilio
kimbake,kimbake
kimbalimbaly,kimbalimbaly
kimbato,kimbato
kimoka,kimoka
kimokimo,kimokimo
kimonkimona,kimonkimona
kimpa,kimpa
kimpy,kimpy
kinga,kinga
kinia,kinia
kinifinify,kinifinify
kininike,kininike
kinioky,kinioky
kino,kino
kinte,kinte
kinto,kinto
kintona,kintona
kiokioke,kiokioke
kipa,kipa
kipaka,kipaka
kipika,kipika
kipikipy,kipikipy
kipily,kipily
kira,kira
kiraro,kiraro
kiribiby,kiribiby
kirikiry,kirikiry
kirindro,kirindro
kiririoka,kiririoka
kirotra,kirotra
kiry,kiry
kisaka,kisaka
kisake,kisake
kisina,kisina
kisitse,kisitse
kiso,kiso
kisoka,kisoka
kisolosolo,kisolosolo
kita,kita
kitakita,kitakita
kitakitaka,kitakitaka
kitambe,kitambe
kitamby,kitamby
kitika,kitika
kitike,kitike
kito,kito
kitoantoana,kitoantoana
kitoatoa,kitoatoa
kitoina,kitoina
kitoka,kitoka
kitokitona,kitokitona
kitoza,kitoza
kitra,kitra
kitrana,kitrana
kitro,kitro
kitroka,kitroka
kitsika,kitsika
kitso,kitso
kitsoloha,kitsoloha
kivaza,kivaza
kiviro,kiviro
kivy,kivy
kiza,kiza
kizaka,kizaka
kizake,kizake
kizo,kizo
koa,koa
koaike,koaike
koba,koba
kobaba,kobaba
kobabaka,kobabaka
kobaka,kobaka
kobake,kobake
kobana,kobana
kobo,kobo
koboke,koboke
kobona,kobona
koda,koda
kodakoda,kodakoda
kodedy,kodedy
kodia,kodia
kodingy,kodingy
kodàna,kodàna
kofina,kofina
kofo,kofo
kofoka,kofoka
kofoke,kofoke
kofona,kofona
kohaka,kohaka
kohake,kohake
kohiky,kohiky
kohokoho,kohokoho
kohona,kohona
koika,koika
koike,koike
koinkoina,koinkoina
koitsake,koitsake
koja,koja
kojijake,kojijake
kojy,kojy
koka,koka
koko,koko
kokokoko,kokokoko
kokotra,kokotra
koky,koky
kolahy,kolahy
kolatsike,kolatsike
kolay,kolay
kolepake,kolepake
kolialia,kolialia
kolikoly,kolikoly
kolitsaka,kolitsaka
kolo,kolo
kolokolo,kolokolo
kolontake,kolontake
koly,koly
komaky,komaky
komba,komba
kombo,kombo
kombona,kombona
komby,komby
kome,kome
komokomoke,komokomoke
komonjo,komonjo
kompo,kompo
kompà,kompà
komy,komy
konaika,konaika
konaina,konaina
kondendy,kondendy
konesa,konesa
konetaka,konetaka
konfesy,konfesy
konga,konga
kongona,kongona
konjay,konjay
konjo,konjo
konko,konko
kononkonona,kononkonona
konotse,konotse
kontsa,kontsa
kopaike,kopaike
kopaka,kopaka
kopake,kopake
kopakopake,kopakopake
kopandry,kopandry
kopapaka,kopapaka
kope,kope
kopia,kopia
kopike,kopike
kopilapila,kopilapila
kopoka,kopoka
koraika,koraika
koraka,koraka
korake,korake
koraky,koraky
korana,korana
korandendy,korandendy
koraraika,koraraika
koratata,koratata
koriana,koriana
korira,korira
koro,koro
korobobo,korobobo
korododo,korododo
korodorodo,korodorodo
korofoke,korofoke
koromake,koromake
korombimby,korombimby
koromby,koromby
korondendy,korondendy
korongo,korongo
koronta,koronta
korontana,korontana
koropaka,koropaka
koropake,koropake
koropapa,koropapa
koropoka,koropoka
koropoke,koropoke
kororoka,kororoka
kororoke,kororoke
kororosy,kororosy
korosy,korosy
kosesy,kosesy
kosika,kosika
kosike,kosike
kosiky,kosiky
kositra,kositra
koso,koso
kosoka,kosoka
kotaka,kotaka
kotika,kotika
kotoke,kotoke
kotona,kotona
kotra,kotra
kotrana,kotrana
kotrefa,kotrefa
kotrefaka,kotrefaka
kotretraka,kotretraka
kotretrika,kotretrika
kotrifa,kotrifa
kotrifatrifa,kotrifatrifa
kotrika,kotrika
kotroka,kotroka
kotroky,kotroky
kotsa,kotsa
kotsaba,kotsaba
kotseke,kotseke
kotsekotseke,kotsekotseke
kotsetsa,kotsetsa
kotsokotsoka,kotsokotsoka
kotsovoke,kotsovoke
kovavake,kovavake
koviaviaka,koviaviaka
kovotsake,kovotsake
kovovoke,kovovoke
koy,koy
kozy,kozy
la,la
laditra,laditra
lady,lady
lafatra,lafatra
lafika,lafika
lafike,lafike
lafiky,lafiky
lafitra,lafitra
lafo,lafo
lafy,lafy
laginy,laginy
lahasa,lahasa
lahateny,lahateny
lahatra,lahatra
lahatse,lahatse
lahina,lahina
laho,laho
lahy,lahy
laika,laika
laiko,laiko
laina,laina
lainga,lainga
laingo,laingo
laitra,laitra
laitse,laitse
laka,laka
lakamo,lakamo
lakana,lakana
lake,lake
lakintana,lakintana
lako,lako
laky,laky
lala,lala
lalaka,lalaka
lalake,lalake
lalana,lalana
lalao,lalao
lalatra,lalatra
lale,lale
laletra,laletra
lalina,lalina
lalitra,lalitra
lalo,lalo
lalona,lalona
lalotra,lalotra
lalotse,lalotse
lama,lama
lamaka,lamaka
lamake,lamake
lamako,lamako
lamaky,lamaky
lamba,lamba
lambana,lambana
lambo,lambo
lambotra,lambotra
lame,lame
lamina,lamina
lamoka,lamoka
lamosina,lamosina
lampo,lampo
lampy,lampy
lanaka,lanaka
lanake,lanake
landana,landana
landy,landy
lane,lane
langa,langa
lango,lango
lanja,lanja
lanjona,lanjona
lanjy,lanjy
lanka,lanka
lano,lano
lanoka,lanoka
lanona,lanona
lanto,lanto
lantsika,lantsika
lany,lany
lao,lao
laoka,laoka
laoke,laoke
laolao,laolao
laosa,laosa
lapa,lapa
lapoake,lapoake
laro,laro
lasa,lasa
lasana,lasana
lasitra,lasitra
lasy,lasy
latsa,latsa
latsaka,latsaka
latsake,latsake
latsy,latsy
latsà,latsà
lava,lava
lavaka,lavaka
lavake,lavake
lavana,lavana
lavenona,lavenona
laviana,laviana
lavitra,lavitra
lavitse,lavitse
lavo,lavo
lavorary,lavorary
lay,lay
laza,laza
lazo,lazo
lañaleña,lañaleña
leake,leake
lealea,lealea
lebo,lebo
leda,leda
lefa,lefa
lefaka,lefaka
lefe,lefe
lefetse,lefetse
lefitra,lefitra
lefo,lefo
lefona,lefona
lefy,lefy
leha,leha
lehibe,lehibe
lehilahy,lehilahy
lehotra,lehotra
lejo,lejo
lela,lela
lelaitry,lelaitry
lelake,lelake
lelatry,lelatry
lele,lele
lelika,lelika
lemaka,lemaka
lemba,lemba
lembeke,lembeke
lembo,lembo
lemboke,lemboke
lemby,lemby
leme,leme
lemo,lemo
lemoina,lemoina
lempa,lempa
lempona,lempona
lemy,lemy
lena,lena
lenalena,lenalena
lenda,lenda
lengo,lengo
leno,leno
lenoka,lenoka
lenta,lenta
lentika,lentika
lentike,lentike
lentsa,lentsa
leo,leo
leony,leony
lepaka,lepaka
lesoka,lesoka
leta,leta
letaka,letaka
letake,letake
letra,letra
letry,letry
letse,letse
letsy,letsy
lety,lety
leve,leve
levina,levina
levo,levo
levona,levona
levy,levy
lezo,lezo
lia,lia
liaka,liaka
liana,liana
liba,liba
lide,lide
lify,lify
lihitra,lihitra
likiliky,likiliky
liky,liky
lilatse,lilatse
lilo,lilo
lilotra,lilotra
lily,lily
lima,lima
lina,lina
lingitra,lingitra
lingy,lingy
linike,linike
lisa,lisa
lita,lita
litika,litika
litso,litso
lo,lo
loa,loa
loaka,loaka
loatra,loatra
loba,loba
lobolobo,lobolobo
lobona,lobona
loditra,loditra
lody,lody
lofika,lofika
lofo,lofo
loha,loha
lohalika,lohalika
lohalitra,lohalitra
loiloy,loiloy
loka,loka
lokaloka,lokaloka
lokanga,lokanga
loko,loko
lokoro,lokoro
loky,loky
lomboka,lomboka
lomo,lomo
lomotra,lomotra
lomy,lomy
lona,lona
lonaka,lonaka
londo,londo
longilongy,longilongy
longo,longo
lonika,lonika
lonjehitra,lonjehitra
lonjilonjy,lonjilonjy
lonjitra,lonjitra
lonjo,lonjo
lony,lony
lopilopy,lopilopy
lositra,lositra
lotaka,lotaka
lotika,lotika
loto,loto
lotra,lotra
lotsaka,lotsaka
lotso,lotso
lova,lova
lovilovy,lovilovy
loza,loza
lozoka,lozoka
lozotra,lozotra
ma,ma
mafe,mafe
mafotra,mafotra
mahake,mahake
mahina,mahina
maiky,maiky
mailaka,mailaka
mailo,mailo
maino,maino
maintimolaly,maintimolaly
maisatra,maisatra
maivana,maivana
maizaka,maizaka
makadiry,makadiry
makafoka,makafoka
makirana,makirana
malamalana,malamalana
malana,malana
male,male
malina,malina
malo,malo
mamamama,mamamama
manda,manda
manditse,manditse
maneva,maneva
manga,manga
mangala,mangala
manike,manike
manja,manja
manta,manta
mantoanto,mantoanto
mantsana,mantsana
maody,maody
maona,maona
maonjana,maonjana
maorona,maorona
maotina,maotina
maotona,maotona
mara,mara
maraina,maraina
marambato,marambato
maranantsody,maranantsody
marika,marika
marike,marike
marikivy,marikivy
maritra,maritra
maritse,maritse
maritsika,maritsika
maro,maro
masaka,masaka
masake,masake
masimasy,masimasy
maso,maso
masy,masy
masòva,masòva
matona,matona
matotra,matotra
matroka,matroka
matso,matso
mavo,mavo
mbomba,mbomba
meda,meda
meke,meke
mena,mena
mendo,mendo
menemene,menemene
menimeny,menimeny
menona,menona
mentsona,mentsona
meo,meo
meratse,meratse
mesamesana,mesamesana
mete,mete
meva,meva
mindro,mindro
minjo,minjo
mintsike,mintsike
mintsimintsy,mintsimintsy
minty,minty
mira,mira
mirana,mirana
moa,moa
moana,moana
moemoe,moemoe
mohaka,mohaka
mohake,mohake
moimoy,moimoy
mokimoky,mokimoky
mokitra,mokitra
mokotse,mokotse
molaly,molaly
molotra,molotra
mombo,mombo
momoke,momoke
mona,mona
monaina,monaina
monda,monda
monditse,monditse
mondra,mondra
mondro,mondro
mondry,mondry
monga,monga
mongo,mongo
monjomonjo,monjomonjo
monjotra,monjotra
monomono,monomono
monomonona,monomonona
monta,monta
montitra,montitra
monto,monto
montotra,montotra
montsana,montsana
montsina,montsina
montso,montso
montsona,montsona
mora,mora
morona,morona
mosa,mosa
mosare,mosare
mosary,mosary
mosavy,mosavy
motika,motika
moty,moty
mozy,mozy
nafoke,nafoke
nahona,nahona
naikanaika,naikanaika
nainaina,nainaina
nakanaka,nakanaka
nala,nala
nama,nama
namana,namana
namba,namba
namonamona,namonamona
nana,nana
nananana,nananana
nantsana,nantsana
nantsonantsona,nantsonantsona
naonaoke,naonaoke
naonaona,naonaona
nara,nara
nato,nato
nañenañe,nañenañe
ndodoke,ndodoke
ndondona,ndondona
nehaneha,nehaneha
nehoneho,nehoneho
nemonemona,nemonemona
nena,nena
nendo,nendo
nene,nene
nenina,nenina
nenitse,nenitse
neno,neno
nenona,nenona
ngadona,ngadona
ngaly,ngaly
ngara,ngara
ngatsokatsoke,ngatsokatsoke
ngazana,ngazana
nge,nge
ngedona,ngedona
ngelingely,ngelingely
ngenongenona,ngenongenona
ngeroka,ngeroka
ngerona,ngerona
ngetroka,ngetroka
ngeza,ngeza
ngidy,ngidy
ngilake,ngilake
ngilo,ngilo
ngina,ngina
nginkazo,nginkazo
ngita,ngita
ngitrika,ngitrika
ngizina,ngizina
ngoay,ngoay
ngodana,ngodana
ngodona,ngodona
ngokoke,ngokoke
ngoladake,ngoladake
ngoly,ngoly
ngonona,ngonona
ngorintsy,ngorintsy
ngoso,ngoso
nhea,nhea
nia,nia
nify,nify
ninitse,ninitse
nintsy,nintsy
niny,niny
nionioke,nionioke
nitika,nitika
nitinity,nitinity
njitike,njitike
njola,njola
noana,noana
nofo,nofo
nofy,nofy
nondaka,nondaka
nono,nono
noro,noro
ntsaka,ntsaka
oake,oake
obinobina,obinobina
obonobona,obonobona
odake,odake
odina,odina
ody,ody
ofaka,ofaka
ofana,ofana
ofikofika,ofikofika
ofo,ofo
ofoke,ofoke
ofy,ofy
ohaka,ohaka
ohatra,ohatra
ohatse,ohatse
ohona,ohona
ohotra,ohotra
ohy,ohy
oitra,oitra
oitse,oitse
oje,oje
ojy,ojy
okatra,okatra
okitra,okitra
oko,oko
ola,ola
olaka,olaka
olana,olana
ole,ole
olika,olika
olitra,olitra
olitrolitra,olitrolitra
oloana,oloana
olomay,olomay
olona,olona
olotra,olotra
oly,oly
oma,oma
omana,omana
omba,omba
ombe,ombe
ombika,ombika
ombitse,ombitse
ombona,ombona
ombotra,ombotra
ombotse,ombotse
omby,omby
ome,ome
ompa,ompa
ompaka,ompaka
ompy,ompy
ona,ona
onda,onda
ondana,ondana
ondevo,ondevo
ondrana,ondrana
ondrika,ondrika
ondrinondrina,ondrinondrina
onena,onena
onga,onga
ongaka,ongaka
ongake,ongake
ongana,ongana
ongonongona,ongonongona
ongotra,ongotra
ongy,ongy
onina,onina
onitra,onitra
onitse,onitse
onja,onja
onjaka,onjaka
onjika,onjika
onjike,onjike
onjina,onjina
onjo,onjo
onjona,onjona
onkina,onkina
onona,onona
onotra,onotra
onotse,onotse
ontailanina,ontailanina
ontana,ontana
ontane,ontane
ontany,ontany
ontika,ontika
ony,ony
orana,orana
oranorana,oranorana
ore,ore
oria,oria
oriba,oriba
orika,orika
orike,orike
oritra,oritra
oro,oro
oroka,oroka
oroke,oroke
oronorona,oronorona
orotra,orotra
ory,ory
osa,osa
osanosana,osanosana
osika,osika
osina,osina
ota,ota
otake,otake
otina,otina
otra,otra
otrika,otrika
otrona,otrona
otse,otse
otsike,otsike
otso,otso
otsoke,otsoke
oty,oty
ova,ova
ovaka,ovaka
ovay,ovay
oviana,oviana
ovoka,ovoka
ovoke,ovoke
oza,oza
ozatra,ozatra
ozina,ozina
ozona,ozona
pahina,pahina
paika,paika
paike,paike
paina,paina
painga,painga
paingo,paingo
paingopaingoka,paingopaingoka
paingotra,paingotra
paka,paka
pakapaka,pakapaka
palapala,palapala
palitse,palitse
pampana,pampana
panake,panake
panda,panda
paoka,paoka
papapapa,papapapa
parapaingo,parapaingo
pararatra,pararatra
pararetra,pararetra
parasaka,parasaka
paratsake,paratsake
pariritra,pariritra
paritaka,paritaka
paritake,paritake
pasaka,pasaka
pasoka,pasoka
pasoke,pasoke
pasy,pasy
pataloa,pataloa
pataloha,pataloha
patitse,patitse
patraka,patraka
patripatry,patripatry
patro,patro
patry,patry
patsake,patsake
patsika,patsika
patsike,patsike
patsitsitra,patsitsitra
pelaka,pelaka
pelapelana,pelapelana
pelatra,pelatra
pelika,pelika
pempena,pempena
pendina,pendina
pendrana,pendrana
penimpenina,penimpenina
penjy,penjy
pentina,pentina
pentsona,pentsona
pepipepy,pepipepy
pepo,pepo
peratra,peratra
pesina,pesina
petaka,petaka
petake,petake
petra,petra
petraka,petraka
petrika,petrika
petsa,petsa
petsaka,petsaka
petsake,petsake
piaka,piaka
piake,piake
pika,pika
pila,pila
pilaka,pilaka
pilampilana,pilampilana
pilatra,pilatra
pilipilika,pilipilika
piloka,piloka
pilopilo,pilopilo
pindy,pindy
pingapinga,pingapinga
pintsana,pintsana
pioka,pioka
piratse,piratse
piriake,piriake
piriritra,piriritra
piritika,piritika
piritse,piritse
piritsika,piritsika
piry,piry
piso,piso
"pisopiso""","pisopiso"""
pitika,pitika
pitike,pitike
pitrapitra,pitrapitra
pitripitrika,pitripitrika
pitse,pitse
pitsika,pitsika
pitsike,pitsike
pitsoka,pitsoka
poaka,poaka
poake,poake
poaky,poaky
poitra,poitra
poitse,poitse
poizina,poizina
poka,poka
polaka,polaka
polatitse,polatitse
poletaka,poletaka
politetse,politetse
pololotra,pololotra
poly,poly
pondy,pondy
pongatra,pongatra
popoke,popoke
popopopo,popopopo
poraretra,poraretra
poretika,poretika
poretra,poretra
poretsika,poretsika
poripory,poripory
poritika,poritika
poritra,poritra
poritsaka,poritsaka
poroatra,poroatra
porofo,porofo
poropotike,poropotike
pororoatra,pororoatra
porotaka,porotaka
porotsaka,porotsaka
posaka,posaka
posake,posake
potake,potake
potika,potika
potikana,potikana
potike,potike
potraka,potraka
potsaka,potsaka
potsake,potsake
potsiatra,potsiatra
potsika,potsika
potsike,potsike
potsitra,potsitra
poze,poze
pozipozy,pozipozy
py,py
raba,raba
rabaka,rabaka
rabao,rabao
raboka,raboka
rada,rada
rado,rado
radona,radona
radorado,radorado
radraradra,radraradra
rafana,rafana
rafandrafana,rafandrafana
rafe,rafe
rafitra,rafitra
rafitse,rafitse
rafoka,rafoka
rafona,rafona
rafoza,rafoza
rafozana,rafozana
rafy,rafy
raha,raha
rahaka,rahaka
rahalahe,rahalahe
rahalahy,rahalahy
rahana,rahana
raharaha,raharaha
rahavave,rahavave
rahavavy,rahavavy
raho,raho
rahoda,rahoda
rahona,rahona
raika,raika
raike,raike
raikiraiky,raikiraiky
raikitra,raikitra
raingitra,raingitra
raingy,raingy
rajaraja,rajaraja
raka,raka
rakadrakatra,rakadrakatra
rakandrakana,rakandrakana
rakaraka,rakaraka
rakitra,rakitra
rakoke,rakoke
rakorako,rakorako
rakotra,rakotra
ramarama,ramarama
ramatra,ramatra
ramba,ramba
rambatra,rambatra
rambe,rambe
rambo,rambo
rambona,rambona
ramby,ramby
ramondramona,ramondramona
rampa,rampa
rampe,rampe
rampoña,rampoña
rampy,rampy
ranarana,ranarana
randrana,randrana
ranga,ranga
rangitra,rangitra
rango,rango
rangotra,rangotra
rangotse,rangotse
rangy,rangy
ranina,ranina
ranirany,ranirany
ranitra,ranitra
ranitse,ranitse
ranjana,ranjana
ranjaranja,ranjaranja
ranjo,ranjo
rano,rano
ranofotsy,ranofotsy
ranoka,ranoka
ranomaso,ranomaso
ranta,ranta
rantana,rantana
rantina,rantina
ranto,ranto
rantsa,rantsa
rantsana,rantsana
ranty,ranty
rao,rao
raohe,raohe
raoka,raoka
raoke,raoke
raona,raona
raotra,raotra
rapaka,rapaka
raparapa,raparapa
rapoke,rapoke
rara,rara
raraka,raraka
rarake,rarake
rarangy,rarangy
raratra,raratra
raratse,raratse
rare,rare
rary,rary
rasa,rasa
rate,rate
ratra,ratra
ratse,ratse
ratsy,ratsy
rava,rava
ravaka,ravaka
ravake,ravake
ravina,ravina
ravingo,ravingo
raviravy,raviravy
ravitra,ravitra
ravo,ravo
ravoka,ravoka
ravoke,ravoke
ravona,ravona
ravonana,ravonana
ravy,ravy
ray,ray
razana,razana
razoka,razoka
razorazo,razorazo
re,re
rea,rea
rebaka,rebaka
rebake,rebake
rebaky,rebaky
rebareba,rebareba
reberebe,reberebe
rebika,rebika
rebireby,rebireby
reboka,reboka
reboke,reboke
redaka,redaka
redareda,redareda
rediredy,rediredy
redona,redona
refa,refa
refaka,refaka
refe,refe
refo,refo
refotra,refotra
refy,refy
rehaka,rehaka
rehareha,rehareha
rehetra,rehetra
rehitra,rehitra
rehitse,rehitse
rehoka,rehoka
rehoke,rehoke
reke,reke
rekitra,rekitra
rekoreko,rekoreko
remarema,remarema
rembo,rembo
rembona,rembona
remby,remby
remojemoke,remojemoke
renake,renake
rendra,rendra
rendre,rendre
rendrena,rendrena
rendrika,rendrika
rendrindrendrina,rendrindrendrina
rendrirendry,rendrirendry
rene,rene
renge,renge
rengo,rengo
renina,renina
renireny,renireny
renje,renje
renjeke,renjeke
renoka,renoka
renoke,renoke
renty,renty
reny,reny
reo,reo
reona,reona
reotra,reotra
reparepa,reparepa
repika,repika
repirepy,repirepy
repoka,repoka
repoke,repoke
reraka,reraka
rerake,rerake
rerarera,rerarera
resaka,resaka
resake,resake
resaresa,resaresa
rese,rese
resy,resy
retaka,retaka
retareta,retareta
retika,retika
retra,retra
retsika,retsika
revaka,revaka
revo,revo
reza,reza
rezatra,rezatra
ria,ria
riaka,riaka
riana,riana
riatra,riatra
ribariba,ribariba
ribika,ribika
ridana,ridana
ridiridy,ridiridy
rifatra,rifatra
rifotse,rifotse
rihana,rihana
rihitra,rihitra
rihitse,rihitse
rijarija,rijarija
rijike,rijike
rika,rika
rikitra,rikitra
rikitse,rikitse
rikoriko,rikoriko
rimba,rimba
rimbona,rimbona
rimo,rimo
rimotra,rimotra
rindra,rindra
rindrina,rindrina
ringa,ringa
ringana,ringana
ringiringy,ringiringy
ringitra,ringitra
ringitse,ringitse
rinike,rinike
rinjy,rinjy
rintona,rintona
rintsana,rintsana
rio,rio
riona,riona
riorio,riorio
riotra,riotra
ripaka,ripaka
ripake,ripake
rira,rira
rirana,rirana
rirarira,rirarira
ririnina,ririnina
rirotra,rirotra
rirotse,rirotse
riry,riry
risa,risa
risika,risika
risike,risike
ritaka,ritaka
ritarita,ritarita
ritika,ritika
ritirity,ritirity
ritra,ritra
ritse,ritse
ritsodritsoka,ritsodritsoka
ritsoka,ritsoka
ritsy,ritsy
rivana,rivana
rivatry,rivatry
rivirivy,rivirivy
rivo,rivo
rivorivo,rivorivo
rivotra,rivotra
rizana,rizana
rizatra,rizatra
roa,roa
roahana,roahana
roaka,roaka
roake,roake
roandroana,roandroana
roatra,roatra
roba,roba
robaka,robaka
robake,robake
robiroby,robiroby
robo,robo
roboka,roboka
roboke,roboke
robona,robona
roborobo,roborobo
roda,roda
rodaka,rodaka
rodana,rodana
rodaroda,rodaroda
rodo,rodo
rodona,rodona
rofatra,rofatra
rofia,rofia
rofoke,rofoke
rofotra,rofotra
rofy,rofy
rohake,rohake
rohana,rohana
rohe,rohe
rohitra,rohitra
rohona,rohona
rohotra,rohotra
rohy,rohy
roka,roka
rokaka,rokaka
rokake,rokake
rokoroko,rokoroko
roky,roky
romba,romba
rombaka,rombaka
rombina,rombina
rombo,rombo
romborombo,romborombo
rombotra,rombotra
romiromy,romiromy
romitse,romitse
romoromo,romoromo
romotra,romotra
romotse,romotse
rompotra,rompotra
rona,rona
ronaka,ronaka
rondra,rondra
rondrarondra,rondrarondra
rondrorondro,rondrorondro
rongaronga,rongaronga
rongatra,rongatra
rongatse,rongatse
rongirongy,rongirongy
rongo,rongo
rongony,rongony
rongotra,rongotra
ronjana,ronjana
ronje,ronje
ronjina,ronjina
ronjona,ronjona
ronono,ronono
rontona,rontona
rontsana,rontsana
rontsona,rontsona
rontsorontso,rontsorontso
ropiropy,ropiropy
ropy,ropy
rora,rora
roraka,roraka
rorika,rorika
rorirory,rorirory
roritra,roritra
roro,roro
roroka,roroka
rorona,rorona
rosa,rosa
rosarosa,rosarosa
roso,roso
rota,rota
rotaka,rotaka
rotana,rotana
rotika,rotika
rotoroto,rotoroto
rototra,rototra
rotsaka,rotsaka
rotsake,rotsake
rotsoke,rotsoke
rotsy,rotsy
rova,rova
rovirovy,rovirovy
rovitra,rovitra
rovitse,rovitse
roy,roy
rozaka,rozaka
rozana,rozana
rozaroza,rozaroza
rozatra,rozatra
rozy,rozy
rôtiky,rôtiky
saba,saba
sabadida,sabadida
sabodika,sabodika
sabotrika,sabotrika
sada,sada
sadaika,sadaika
sadaikatra,sadaikatra
sadia,sadia
sadika,sadika
sadodo,sadodo
safa,safa
safary,safary
safay,safay
safetika,safetika
safo,safo
safoaka,safoaka
safotra,safotra
safotse,safotse
safy,safy
saha,saha
sahabo,sahabo
sahady,sahady
sahala,sahala
sahana,sahana
sahato,sahato
sahaza,sahaza
sahety,sahety
sahira,sahira
sahirana,sahirana
sahoa,sahoa
sahobaka,sahobaka
sahotaka,sahotaka
sahovoky,sahovoky
sahy,sahy
saika,saika
saikatra,saikatra
saiky,saiky
saina,saina
saingona,saingona
saingy,saingy
saintsay,saintsay
saisay,saisay
saka,saka
sakafo,sakafo
sakaia,sakaia
sakaiza,sakaiza
sakambina,sakambina
sakana,sakana
sakefaka,sakefaka
sakodina,sakodina
sakoitra,sakoitra
sakombe,sakombe
sakonoka,sakonoka
saky,saky
salaka,salaka
salala,salala
salama,salama
salasala,salasala
salazana,salazana
sale,sale
salebona,salebona
salembo,salembo
salesaka,salesaka
saliaka,saliaka
salika,salika
salobona,salobona
saloke,saloke
salondo,salondo
salondona,salondona
salotra,salotra
salovana,salovana
saly,saly
samaka,samaka
sambasamba,sambasamba
sambatra,sambatra
sambatse,sambatse
sambo,sambo
samboady,samboady
samboara,samboara
samboritra,samboritra
sambotra,sambotra
sambotry,sambotry
sambotse,sambotse
samby,samby
samihafa,samihafa
samoina,samoina
samonina,samonina
samosy,samosy
sampa,sampa
sampana,sampana
sampe,sampe
sampina,sampina
sampona,sampona
sampy,sampy
sanaka,sanaka
sanasana,sanasana
sanatria,sanatria
sanatry,sanatry
sanañy,sanañy
sanda,sanda
sandoka,sandoka
sandoke,sandoke
sandratra,sandratra
sandry,sandry
sanga,sanga
sangaingy,sangaingy
sanganehana,sanganehana
sangasanga,sangasanga
sangatoke,sangatoke
sangoeja,sangoeja
sangongo,sangongo
sangory,sangory
sangotra,sangotra
sangy,sangy
sanjake,sanjake
sanjo,sanjo
santatra,santatra
saoka,saoka
saona,saona
saosao,saosao
saotra,saotra
saotse,saotse
saozanina,saozanina
sapaoritra,sapaoritra
sara,sara
saraka,saraka
sarakakoake,sarakakoake
sarake,sarake
sarandra,sarandra
sarandrana,sarandrana
sarangaranga,sarangaranga
sarasara,sarasara
sarika,sarika
sarike,sarike
sariko,sariko
sarimbo,sarimbo
sarinto,sarinto
sariraka,sariraka
sariry,sariry
saritaka,saritaka
sarivy,sarivy
saro,saro
sarombaka,sarombaka
sarombake,sarombake
sarona,sarona
saroro,saroro
sarory,sarory
sarotra,sarotra
sarotro,sarotro
sarotse,sarotse
sary,sary
sasa,sasa
sasaka,sasaka
sasake,sasake
sasatra,sasatra
saso,saso
sasy,sasy
sata,sata
satrana,satrana
satrasatra,satrasatra
satroka,satroka
satrona,satrona
satrotroka,satrotroka
satry,satry
satsoke,satsoke
sava,sava
savary,savary
savery,savery
savika,savika
savo,savo
savoana,savoana
savoka,savoka
savola,savola
savoretaka,savoretaka
say,say
sazoka,sazoka
sazy,sazy
sañaña,sañaña
sañoña,sañoña
sebiseby,sebiseby
sedika,sedika
sedra,sedra
sedy,sedy
sefaka,sefaka
sefo,sefo
seha,seha
sehaka,sehaka
sehaseha,sehaseha
sehatra,sehatra
seho,seho
sehoka,sehoka
sehotra,sehotra
selaka,selaka
selatra,selatra
selintselina,selintselina
selisely,selisely
selo,selo
selontselona,selontselona
seloselo,seloselo
selotselotra,selotselotra
sembana,sembana
sembo,sembo
sempotra,sempotra
sempotse,sempotse
sendaka,sendaka
sendaotra,sendaotra
sendoatra,sendoatra
sendra,sendra
senge,senge
senoka,senoka
senotsenoka,senotsenoka
sentaña,sentaña
sento,sento
sentse,sentse
sepa,sepa
sera,sera
serana,serana
serasera,serasera
sere,sere
seriny,seriny
seritse,seritse
sery,sery
sese,sese
sesika,sesika
sesitany,sesitany
sesitra,sesitra
sesy,sesy
setaseta,setaseta
setra,setra
setroka,setroka
setry,setry
setsa,setsa
setsoke,setsoke
sevosevo,sevosevo
sevotsevoka,sevotsevoka
sia,sia
siaka,siaka
siake,siake
siantsiana,siantsiana
sidina,sidina
sidiondiona,sidiondiona
sifitse,sifitse
sifotra,sifotra
sihitra,sihitra
sika,sika
sike,sike
sikidy,sikidy
sikily,sikily
sikina,sikina
siky,siky
silaka,silaka
silake,silake
silantsilana,silantsilana
silatra,silatra
siloke,siloke
sily,sily
sima,sima
simaka,simaka
simba,simba
simosimo,simosimo
sina,sina
sinda,sinda
sindaka,sindaka
sindroky,sindroky
singa,singa
singana,singana
singotra,singotra
sinisiny,sinisiny
sinjake,sinjake
sinjike,sinjike
sinta,sinta
sintaka,sintaka
sinto,sinto
sintona,sintona
sintsike,sintsike
sioka,sioka
siontsiona,siontsiona
siosio,siosio
sira,sira
sirika,sirika
sirisiry,sirisiry
sirotry,sirotry
sisa,sisa
sisika,sisika
sisike,sisike
sisintany,sisintany
siso,siso
sisy,sisy
sitake,sitake
sitaky,sitaky
sitika,sitika
sitily,sitily
sitisity,sitisity
sito,sito
sitraka,sitraka
sitrana,sitrana
sitrika,sitrika
sitsake,sitsake
sitse,sitse
sivana,sivana
sivongo,sivongo
sivy,sivy
sizike,sizike
soa,soa
soaka,soaka
soavaly,soavaly
sobilaitra,sobilaitra
sobilatra,sobilatra
sodika,sodika
sodisody,sodisody
sodo,sodo
sodoka,sodoka
sofina,sofina
sohika,sohika
sohitika,sohitika
sointsoina,sointsoina
soitra,soitra
soitsoitra,soitsoitra
soka,soka
sokajy,sokajy
sokana,sokana
sokatra,sokatra
sokatse,sokatse
sokenjoke,sokenjoke
sokera,sokera
soketa,soketa
sokiky,sokiky
sokitra,sokitra
soko,soko
soky,soky
sola,sola
solabo,solabo
solafaka,solafaka
solampy,solampy
solanandrana,solanandrana
solantsolana,solantsolana
solatra,solatra
solea,solea
solifaka,solifaka
solifatra,solifatra
solika,solika
solila,solila
solo,solo
soloho,soloho
solohotra,solohotra
soloky,soloky
solontsolona,solontsolona
solotika,solotika
somalantsiatra,somalantsiatra
somambisamby,somambisamby
somaradimbana,somaradimbana
somarodoka,somarodoka
somarototra,somarototra
somatrotroka,somatrotroka
sombina,sombina
somidika,somidika
somokotra,somokotra
somonga,somonga
somotaka,somotaka
somotra,somotra
sompatra,sompatra
sompira,sompira
sompirana,sompirana
somàka,somàka
sona,sona
sonaka,sonaka
sonanaka,sonanaka
sonanina,sonanina
sonasona,sonasona
sondaina,sondaina
sondaña,sondaña
sondenda,sondenda
sondrara,sondrara
sondretaka,sondretaka
sondriana,sondriana
sondrotra,sondrotra
sondrovaka,sondrovaka
sondry,sondry
sonenika,sonenika
songa,songa
songadina,songadina
songitse,songitse
songona,songona
sonia,sonia
sonje,sonje
sonjo,sonjo
sonjoke,sonjoke
sonjotse,sonjotse
sononoka,sononoka
soratra,soratra
soratse,soratse
sorera,sorera
sorery,sorery
soretra,soretra
soritra,soritra
soritse,soritse
soro,soro
soroka,soroka
soroke,soroke
sorona,sorona
sory,sory
sosa,sosa
sosoka,sosoka
sosoke,sosoke
sosona,sosona
sosososo,sosososo
sosotra,sosotra
sosotse,sosotse
sosy,sosy
sotasota,sotasota
sotisoty,sotisoty
sotitika,sotitika
sotrasotra,sotrasotra
sotrisotry,sotrisotry
sotro,sotro
sova,sova
sovoka,sovoka
soñy,soñy
taba,taba
tabaka,tabaka
tabake,tabake
tabariaka,tabariaka
tabataba,tabataba
taberabera,taberabera
tabibo,tabibo
tabiha,tabiha
taboaka,taboaka
taboka,taboka
taborebore,taborebore
tadidy,tadidy
tady,tady
tafa,tafa
tafasiry,tafasiry
tafetafe,tafetafe
tafika,tafika
tafike,tafike
tafintohina,tafintohina
tafitafy,tafitafy
tafo,tafo
tafoaka,tafoaka
tafy,tafy
taha,taha
tahaka,tahaka
tahiry,tahiry
taho,taho
tahontahona,tahontahona
tahotra,tahotra
tahotse,tahotse
tahy,tahy
taika,taika
taikataika,taikataika
taikotaiko,taikotaiko
tailana,tailana
taina,taina
tainga,tainga
taingina,taingina
taingo,taingo
taino,taino
taitay,taitay
taitra,taitra
taitse,taitse
takaitra,takaitra
takalitse,takalitse
takalo,takalo
takapoky,takapoky
takasina,takasina
takataka,takataka
takatra,takatra
takatse,takatse
take,take
taketra,taketra
takibaka,takibaka
takihotse,takihotse
takitsoka,takitsoka
tako,tako
takoboka,takoboka
takoko,takoko
takolaka,takolaka
takona,takona
takosike,takosike
takosiky,takosiky
takosona,takosona
takotra,takotra
takovana,takovana
taky,taky
talaba,talaba
talaho,talaho
talantalana,talantalana
talelaka,talelaka
talily,talily
taly,taly
tama,tama
tamana,tamana
tamango,tamango
tamatama,tamatama
tamba,tamba
tambalana,tambalana
tambana,tambana
tambatra,tambatra
tambatse,tambatse
tamberivery,tamberivery
tambetambe,tambetambe
tambezona,tambezona
tambina,tambina
tamboke,tamboke
tambolivolo,tambolivolo
tamborokiky,tamborokiky
tambororotra,tambororotra
tamby,tamby
tamika,tamika
tamo,tamo
tamotamo,tamotamo
tampake,tampake
tampe,tampe
tampesina,tampesina
tampesona,tampesona
tampika,tampika
tampike,tampike
tampina,tampina
tampitse,tampitse
tampoka,tampoka
tampoke,tampoke
tampona,tampona
tampy,tampy
tamy,tamy
tana,tana
tanaka,tanaka
tanake,tanake
tanatana,tanatana
tandava,tandava
tandavana,tandavana
tandetse,tandetse
tandindona,tandindona
tandomitra,tandomitra
tandra,tandra
tandrantandrana,tandrantandrana
tandreny,tandreny
tandrify,tandrify
tandrina,tandrina
tandro,tandro
tandroka,tandroka
tandrona,tandrona
tandry,tandry
tane,tane
tanesaka,tanesaka
tanety,tanety
tangahy,tangahy
tangarana,tangarana
tangary,tangary
tange,tange
tangena,tangena
tangirike,tangirike
tango,tango
tangoloaka,tangoloaka
tangongo,tangongo
tangoro,tangoro
tangozana,tangozana
tangy,tangy
tanika,tanika
tanike,tanike
tanina,tanina
tanjaka,tanjaka
tanjake,tanjake
tanjena,tanjena
tanjife,tanjife
tankina,tankina
tankisina,tankisina
"tanondrika""","tanondrika"""
tanontanona,tanontanona
tanora,tanora
tanta,tanta
tantamo,tantamo
tantana,tantana
tantara,tantara
tantarana,tantarana
tantavana,tantavana
tante,tante
tantehe,tantehe
tantely,tantely
tanteraka,tanteraka
tanterake,tanterake
tanty,tanty
tany,tany
tanàka,tanàka
tao,tao
taona,taona
taontaona,taontaona
tapaka,tapaka
tapatapa,tapatapa
tapikotra,tapikotra
tapisa,tapisa
tapitapy,tapitapy
tapitra,tapitra
tapoake,tapoake
tapy,tapy
tara,tara
taraiky,taraiky
taraina,taraina
tarana,tarana
taranaka,taranaka
taranjo,taranjo
tararaka,tararaka
tarare,tarare
taratara,taratara
taratasy,taratasy
taratra,taratra
taratse,taratse
taray,taray
tarazo,tarazo
tarazoka,tarazoka
tarehy,tarehy
taretra,taretra
taria,taria
tarika,tarika
tarike,tarike
taroka,taroka
taroke,taroke
tarozika,tarozika
tary,tary
tasy,tasy
tata,tata
tatafoka,tatafoka
tataka,tataka
tatake,tatake
tatana,tatana
tatao,tatao
tataro,tataro
tatatata,tatatata
tatatra,tatatra
tatavoka,tatavoka
tatitra,tatitra
tatitse,tatitse
tava,tava
tavana,tavana
tavandra,tavandra
tavanja,tavanja
tave,tave
tavintavina,tavintavina
tavo,tavo
tavoaly,tavoaly
tavoka,tavoka
tavona,tavona
tavontavona,tavontavona
tavy,tavy
tazana,tazana
tazo,tazo
tazotazo,tazotazo
tañy,tañy
tea,tea
tebaka,tebaka
tebiteby,tebiteby
teboka,teboka
teboke,teboke
teboteboka,teboteboka
tefa,tefa
tefaka,tefaka
tefe,tefe
tefintefina,tefintefina
tefitra,tefitra
tefo,tefo
tefoka,tefoka
tefy,tefy
tehaka,tehaka
tehake,tehake
tehe,tehe
tehika,tehika
tehina,tehina
tele,tele
telina,telina
telo,telo
temitra,temitra
temoka,temoka
temontemona,temontemona
tempo,tempo
tena,tena
tenda,tenda
tendro,tendro
tendry,tendry
tene,tene
tenge,tenge
tenina,tenina
tenitra,tenitra
tenje,tenje
teno,teno
tenona,tenona
tentina,tentina
teny,teny
tepo,tepo
teraka,teraka
terake,terake
teratera,teratera
tere,tere
tero,tero
teronterona,teronterona
tery,tery
tesontesona,tesontesona
tetateta,tetateta
tete,tete
teteke,teteke
tetika,tetika
tety,tety
tevateva,tevateva
teve,teve
teveke,teveke
tevika,tevika
tevina,tevina
tevy,tevy
teza,teza
tezitra,tezitra
tezontezo,tezontezo
tezotezo,tezotezo
tia,tia
tiaro,tiaro
tiatiatra,tiatiatra
tibaky,tibaky
tibatiba,tibatiba
tifaka,tifaka
tifika,tifika
tifitra,tifitra
tifitse,tifitse
tify,tify
tihika,tihika
tihina,tihina
tikina,tikina
tikitiky,tikitiky
tikitse,tikitse
tily,tily
tingy,tingy
tinimpaky,tinimpaky
tintina,tintina
tipy,tipy
tiry,tiry
tititra,tititra
titsy,titsy
tity,tity
to,to
toa,toa
toantoana,toantoana
toatoa,toatoa
toba,toba
tobaka,tobaka
tobatoba,tobatoba
tobe,tobe
toboka,toboka
toby,toby
todika,todika
toditra,toditra
tody,tody
toetra,toetra
tofantsika,tofantsika
tofatofa,tofatofa
tofendro,tofendro
tofina,tofina
tofoka,tofoka
tofotra,tofotra
toha,toha
tohaky,tohaky
tohana,tohana
tohatra,tohatra
tohika,tohika
tohina,tohina
tohitra,tohitra
tohoka,tohoka
tohotra,tohotra
tohy,tohy
toina,toina
tojo,tojo
tojy,tojy
toka,toka
tokana,tokana
tokelaka,tokelaka
tokiky,tokiky
toko,toko
tokoa,tokoa
tokona,tokona
tokotoko,tokotoko
tokozihitra,tokozihitra
toky,toky
tokàka,tokàka
tola,tola
tolagaga,tolagaga
tolaka,tolaka
tolakàka,tolakàka
tolana,tolana
tolefika,tolefika
tolitsika,tolitsika
toloko,toloko
tolona,tolona
tolotra,tolotra
tombaitra,tombaitra
tombaka,tombaka
tombana,tombana
tombina,tombina
tombo,tombo
tomboka,tomboka
tominjana,tominjana
tomotra,tomotra
tompo,tompo
tompotany,tompotany
tonaka,tonaka
tonantonana,tonantonana
tondra,tondra
tondraka,tondraka
tondrantondrana,tondrantondrana
tondrintondrina,tondrintondrina
tondritra,tondritra
tondro,tondro
tondroiñy,tondroiñy
tondrotra,tondrotra
tonendrina,tonendrina
tonery,tonery
tonga,tonga
tongika,tongika
tongoa,tongoa
tongotra,tongotra
tonjika,tonjika
tonjona,tonjona
tono,tono
tonona,tonona
tonra,tonra
tonta,tonta
tontaly,tontaly
tontohitra,tontohitra
tontolo,tontolo
tontona,tontona
tontosa,tontosa
tony,tony
tonàka,tonàka
topa,topa
topy,topy
tora,tora
toraka,toraka
torana,torana
toreo,toreo
toretra,toretra
torevaka,torevaka
toriteny,toriteny
toro,toro
toroka,toroka
torona,torona
torosy,torosy
torovana,torovana
torovoka,torovoka
tory,tory
tosaka,tosaka
tosika,tosika
tosy,tosy
totaly,totaly
toto,toto
totojanjina,totojanjina
totoky,totoky
tototra,tototra
totozanjina,totozanjina
toty,toty
tovana,tovana
tovevy,tovevy
tovo,tovo
tovolahy,tovolahy
tovona,tovona
tovotra,tovotra
tovy,tovy
toy,toy
tozo,tozo
trabaka,trabaka
traboka,traboka
trafana,trafana
trafo,trafo
traho,traho
traika,traika
traingo,traingo
traitra,traitra
traka,traka
trakitraky,trakitraky
trandraka,trandraka
tranga,tranga
tranitrany,tranitrany
trano,trano
traoka,traoka
tratra,tratra
tratraingo,tratraingo
tratreva,tratreva
trebika,trebika
trebiky,trebiky
trebona,trebona
trefona,trefona
trefotra,trefotra
trehatreha,trehatreha
trehy,trehy
treka,treka
trembo,trembo
trena,trena
treoka,treoka
trerona,trerona
tresaka,tresaka
tretrika,tretrika
tretroka,tretroka
trevatreva,trevatreva
triaka,triaka
triatra,triatra
tribitribika,tribitribika
tribitriby,tribitriby
trifana,trifana
trifona,trifona
trikatrika,trikatrika
trikitriky,trikitriky
trimoka,trimoka
tringa,tringa
tringitringy,tringitringy
tritra,tritra
tritratritra,tritratritra
tritry,tritry
troaka,troaka
troatra,troatra
trobaka,trobaka
troka,troka
troky,troky
trona,trona
trongy,trongy
trosa,trosa
trosina,trosina
trotraka,trotraka
trotro,trotro
trotrongy,trotrongy
tsabaka,tsabaka
tsabo,tsabo
tsaboaka,tsaboaka
tsahatra,tsahatra
tsaho,tsaho
tsaika,tsaika
tsaikona,tsaikona
tsainga,tsainga
tsaingoka,tsaingoka
tsaka,tsaka
tsakatsaka,tsakatsaka
tsako,tsako
tsakoaka,tsakoaka
tsaky,tsaky
tsamaka,tsamaka
tsambokina,tsambokina
tsamiky,tsamiky
tsamontsamona,tsamontsamona
tsananaka,tsananaka
tsangana,tsangana
tsangy,tsangy
tsantsana,tsantsana
tsantsona,tsantsona
tsaoka,tsaoka
tsaontsaona,tsaontsaona
tsaotsao,tsaotsao
tsapa,tsapa
tsapaka,tsapaka
tsapodilana,tsapodilana
tsara,tsara
tsaraingona,tsaraingona
tsararaka,tsararaka
tsaravelatsihy,tsaravelatsihy
tsatoka,tsatoka
tsatsa,tsatsa
tsatsaingoka,tsatsaingoka
tsatsaingona,tsatsaingona
tsatsaka,tsatsaka
tsatsatsatsa,tsatsatsatsa
tsatsika,tsatsika
tsatso,tsatso
tsavatsava,tsavatsava
tsefaka,tsefaka
tsefotra,tsefotra
tsehatseha,tsehatseha
tsehontsehona,tsehontsehona
tseky,tseky
tsela,tsela
tselaka,tselaka
tselatra,tselatra
tselika,tselika
tselotseloka,tselotseloka
tsemboka,tsemboka
tsena,tsena
tsentsina,tsentsina
tsentsitra,tsentsitra
tsepoka,tsepoka
tseroka,tseroka
tsetaka,tsetaka
tsetra,tsetra
tsetsaka,tsetsaka
tsetsatsetsa,tsetsatsetsa
tsetsoka,tsetsoka
tsetsotsetso,tsetsotsetso
tsiahy,tsiahy
tsiaka,tsiaka
tsiaro,tsiaro
tsiatsia,tsiatsia
tsibolobolo,tsibolobolo
tsidafodafoka,tsidafodafoka
tsidika,tsidika
tsidradra,tsidradra
tsidradraka,tsidradraka
tsifaka,tsifaka
tsihanihany,tsihanihany
tsihika,tsihika
tsika,tsika
tsikabaka,tsikabaka
tsikaiky,tsikaiky
tsikala,tsikala
tsikalana,tsikalana
tsikanikany,tsikanikany
tsikarakara,tsikarakara
tsikarakaraka,tsikarakaraka
tsikaritra,tsikaritra
tsikefakefaka,tsikefakefaka
tsikiakia,tsikiakia
tsikilo,tsikilo
tsikintsikina,tsikintsikina
tsikirikiry,tsikirikiry
tsikoinkoina,tsikoinkoina
tsikondry,tsikondry
tsikozakoza,tsikozakoza
tsiky,tsiky
tsilaiko,tsilaiko
tsilailay,tsilailay
tsilany,tsilany
tsilañy,tsilañy
tsililalila,tsililalila
tsilo,tsilo
tsiloliloly,tsiloliloly
tsimberivery,tsimberivery
tsimbina,tsimbina
tsimina,tsimina
tsimintsimina,tsimintsimina
tsimoka,tsimoka
tsimontsimona,tsimontsimona
tsimpona,tsimpona
tsinainaina,tsinainaina
tsinaka,tsinaka
tsinanginangy,tsinanginangy
tsinanika,tsinanika
tsindoha,tsindoha
tsindrantsindrana,tsindrantsindrana
tsindrika,tsindrika
tsindroana,tsindroana
tsindroka,tsindroka
tsindrona,tsindrona
tsindry,tsindry
tsingadina,tsingadina
tsingala,tsingala
tsinganga,tsinganga
tsingaoka,tsingaoka
tsingatotra,tsingatotra
tsingedana,tsingedana
tsingentana,tsingentana
tsingevina,tsingevina
tsingevotra,tsingevotra
tsingidina,tsingidina
tsingina,tsingina
tsingoana,tsingoana
tsingoloka,tsingoloka
tsingozahoza,tsingozahoza
tsingy,tsingy
tsininganingana,tsininganingana
tsinjaka,tsinjaka
tsinjo,tsinjo
tsinkafona,tsinkafona
tsinkasina,tsinkasina
tsinona,tsinona
tsintsina,tsintsina
tsintsindrana,tsintsindrana
tsiny,tsiny
tsioka,tsioka
tsiotsioka,tsiotsioka
tsipaikona,tsipaikona
tsipaka,tsipaka
tsipaloka,tsipaloka
tsipalotra,tsipalotra
tsipelaka,tsipelaka
tsipelika,tsipelika
tsipeloka,tsipeloka
tsipika,tsipika
tsipotitra,tsipotitra
tsipozipozy,tsipozipozy
tsipy,tsipy
tsiraidraika,tsiraidraika
tsiraka,tsiraka
tsirakorako,tsirakorako
tsirambina,tsirambina
tsirara,tsirara
tsiratsira,tsiratsira
tsiravina,tsiravina
tsiredareda,tsiredareda
tsirendrirendry,tsirendrirendry
tsiretareta,tsiretareta
tsirika,tsirika
tsiriritra,tsiriritra
tsirirìka,tsirirìka
tsiro,tsiro
tsiry,tsiry
tsitika,tsitika
tsitra,tsitra
tsitsika,tsitsika
tsitsy,tsitsy
tsivaka,tsivaka
tsivalana,tsivalana
tsivelatra,tsivelatra
tsivoka,tsivoka
tsoaka,tsoaka
tsobatsoba,tsobatsoba
tsoboka,tsoboka
tsofa,tsofa
tsofoka,tsofoka
tsofotra,tsofotra
tsoitsoy,tsoitsoy
tsojay,tsojay
tsoka,tsoka
tsoky,tsoky
tsolo,tsolo
tsolotra,tsolotra
tsonga,tsonga
tsongo,tsongo
tsonika,tsonika
tsontsa,tsontsa
tsontsona,tsontsona
tsontsorika,tsontsorika
tsontsoroka,tsontsoroka
tsopaka,tsopaka
tsopiaka,tsopiaka
tsopitsopy,tsopitsopy
tsora,tsora
tsoraka,tsoraka
tsorika,tsorika
tsoroaka,tsoroaka
tsorofoka,tsorofoka
tsoromala,tsoromala
tsoropoka,tsoropoka
tsororika,tsororika
tsororoka,tsororoka
tsororòka,tsororòka
tsotaka,tsotaka
tsotra,tsotra
tsotsotsotso,tsotsotsotso
tsovaka,tsovaka
vadika,vadika
vadiky,vadiky
vady,vady
vaha,vaha
vahatra,vahatra
vahiny,vahiny
vahoaka,vahoaka
vahotra,vahotra
vahotsy,vahotsy
vahovaho,vahovaho
vaika,vaika
vaikavaika,vaikavaika
vailanina,vailanina
vainga,vainga
vaitra,vaitra
vaivay,vaivay
vaka,vaka
vakana,vakana
vakily,vakily
vaky,vaky
vala,vala
valahetraka,valahetraka
valaka,valaka
valaketraka,valaketraka
valalanina,valalanina
valandotra,valandotra
valangidina,valangidina
valangitrika,valangitrika
valavala,valavala
vale,vale
valiha,valiha
valika,valika
valo,valo
valona,valona
valy,valy
vamba,vamba
vanaka,vanaka
vanavana,vanavana
vandana,vandana
vanditra,vanditra
vandraka,vandraka
vandravandra,vandravandra
vandrina,vandrina
vandry,vandry
vandy,vandy
vanenaka,vanenaka
vanga,vanga
vango,vango
vangongo,vangongo
vangy,vangy
vanika,vanika
vankona,vankona
vanona,vanona
vantana,vantana
vantotra,vantotra
vantsy,vantsy
vany,vany
vao,vao
vaofy,vaofy
vaoka,vaoka
vaona,vaona
varahontsana,varahontsana
varaka,varaka
variana,variana
varilavo,varilavo
varivary,varivary
varizoka,varizoka
varo,varo
varoraka,varoraka
varotra,varotra
varotry,varotry
vary,vary
vasavasa,vasavasa
vasoka,vasoka
vato,vato
vatotry,vatotry
vatra,vatra
vatravatra,vatravatra
vatritrika,vatritrika
vatsa,vatsa
vatsavatsa,vatsavatsa
vatsy,vatsy
vava,vava
vavaka,vavaka
vavala,vavala
vavatra,vavatra
vavatsy,vavatsy
vaventy,vaventy
vavy,vavy
vay,vay
vazaha,vazaha
vazana,vazana
vazavaza,vazavaza
vazimba,vazimba
vazina,vazina
vazivazy,vazivazy
vazizo,vazizo
vazo,vazo
vaña,vaña
vaño,vaño
ve,ve
vela,vela
velatra,velatra
velatry,velatry
velo,velo
velona,velona
velovelo,velovelo
vely,vely
vena,vena
venavena,venavena
vendrana,vendrana
vendrivendry,vendrivendry
venty,venty
veraka,veraka
veravera,veravera
veriky,veriky
verina,verina
vero,vero
very,very
vesatra,vesatra
vesatry,vesatry
vesoka,vesoka
veta,veta
vetivety,vetivety
vetraka,vetraka
vetrika,vetrika
vetro,vetro
vetsivetsy,vetsivetsy
vetso,vetso
vevy,vevy
vezabezatra,vezabezatra
vezatra,vezatra
vezaveza,vezaveza
vezika,vezika
vezina,vezina
vezivezy,vezivezy
vezo,vezo
vezovezo,vezovezo
vidy,vidy
vihivihy,vihivihy
vika,vika
vikavika,vikavika
vikina,vikina
vikiviky,vikiviky
viky,viky
vilaka,vilaka
vilana,vilana
vilanila,vilanila
vilavila,vilavila
vilina,vilina
vilona,vilona
vily,vily
vimbina,vimbina
vinany,vinany
vinavina,vinavina
vindaka,vindaka
vindavinda,vindavinda
vindina,vindina
vingavinga,vingavinga
vingitra,vingitra
vingy,vingy
vinitra,vinitra
viniviny,viniviny
vintana,vintana
vio,vio
vioka,vioka
viona,viona
viongio,viongio
viravira,viravira
virioka,virioka
virjiny,virjiny
viroka,viroka
virotra,virotra
visavisa,visavisa
vita,vita
vitrana,vitrana
vitrika,vitrika
vitsika,vitsika
vitsy,vitsy
vity,vity
vivitra,vivitra
vivy,vivy
vizaka,vizaka
vizana,vizana
vizatra,vizatra
vizaviza,vizaviza
voa,voa
voady,voady
voaka,voaka
voake,voake
voanjo,voanjo
voantailahy,voantailahy
voara,voara
voaramena,voaramena
voatery,voatery
voatra,voatra
voatry,voatry
voatse,voatse
voatsy,voatsy
voavary,voavary
vodivodiana,vodivodiana
vody,vody
voenje,voenje
voetse,voetse
vofy,vofy
voha,voha
vohavoha,vohavoha
vohitra,vohitra
vohitry,vohitry
vohitse,vohitse
vohivohy,vohivohy
voho,voho
voina,voina
vokaika,vokaika
vokaiky,vokaiky
vokatra,vokatra
vokatse,vokatse
voke,voke
vokeky,vokeky
voko,voko
vokoka,vokoka
vokoke,vokoke
vokovoko,vokovoko
voky,voky
vola,vola
volana,volana
vole,vole
volele,volele
volily,volily
volimbolina,volimbolina
volina,volina
volo,volo
vololona,vololona
volona,volona
voly,voly
vomboke,vomboke
vona,vona
vondraka,vondraka
vondrona,vondrona
vone,vone
vonga,vonga
vongady,vongady
vongaingika,vongaingika
vongaingy,vongaingy
vongana,vongana
vongatra,vongatra
vongavonga,vongavonga
vongika,vongika
vongitrika,vongitrika
vongo,vongo
vonifanja,vonifanja
vonjake,vonjake
vonje,vonje
vonjo,vonjo
vonjy,vonjy
vonkina,vonkina
vono,vono
vonona,vonona
vontangina,vontangina
vontirika,vontirika
vontirike,vontirike
vonto,vonto
vontona,vontona
vontsiña,vontsiña
vony,vony
vonzy,vonzy
voraka,voraka
vorake,vorake
voravora,voravora
voreke,voreke
vorery,vorery
vorika,vorika
voriky,voriky
voroka,voroka
vorosoka,vorosoka
vorotra,vorotra
vorotsake,vorotsake
vorovoro,vorovoro
vory,vory
vositra,vositra
vositse,vositse
vosotra,vosotra
votavota,votavota
vototsy,vototsy
votretrika,votretrika
votritrika,votritrika
votro,votro
votrovotro,votrovotro
votsa,votsa
votsake,votsake
votsike,votsike
votsoke,votsoke
votsotra,votsotra
vovo,vovo
vovoka,vovoka
vovoke,vovoke
vovona,vovona
vovò,vovò
voy,voy
vozake,vozake
vozavoza,vozavoza
vozezy,vozezy
vozo,vozo
vozona,vozona
vy,vy
vôtry,vôtry
zaboaka,zaboaka
zaha,zaha
zahana,zahana
zaika,zaika
zaingizaingy,zaingizaingy
zaitra,zaitra
zaka,zaka
zanaka,zanaka
zaotra,zaotra
zara,zara
zary,zary
zato,zato
zatra,zatra
zava,zava
zavatra,zavatra
zavatsy,zavatsy
zavona,zavona
zavozavo,zavozavo
zaza,zaza
zefatra,zefatra
zehozeho,zehozeho
zehy,zehy
zeka,zeka
zeky,zeky
zendana,zendana
zenjena,zenjena
zeny,zeny
zepizepy,zepizepy
zera,zera
zerizery,zerizery
zetra,zetra
zeva,zeva
zevo,zevo
zezika,zezika
zidina,zidina
zidizidy,zidizidy
zihitra,zihitra
zihizihy,zihizihy
zimba,zimba
zina,zina
zinga,zinga
ziniziny,ziniziny
zinjina,zinjina
zioga,zioga
ziona,ziona
zipo,zipo
zirika,zirika
ziriziry,ziriziry
ziva,ziva
zo,zo
zobo,zobo
zoboky,zoboky
zohy,zohy
zoky,zoky
zongozongo,zongozongo
zoro,zoro
zoto,zoto
zotra,zotra
zotry,zotry
zovy,zovy
zozo,zozo
zozotra,zozotra
